﻿<?xml version="1.0" encoding="utf-8"?>
<deployment>
  <id>49ed0700-7fb1-4e10-8de0-663a0d255d75</id>
  <author>N/A</author>
  <deployer>OneDeploy</deployer>
  <authorEmail>N/A</authorEmail>
  <message>OneDeploy</message>
  <progress></progress>
  <status>Success</status>
  <statusText></statusText>
  <lastSuccessEndTime>2025-09-26T20:44:20.9082273Z</lastSuccessEndTime>
  <receivedTime>2025-09-26T20:41:16.2359869Z</receivedTime>
  <startTime>2025-09-26T20:41:17.4796534Z</startTime>
  <endTime>2025-09-26T20:44:20.9082273Z</endTime>
  <complete>True</complete>
  <is_temp>False</is_temp>
  <is_readonly>True</is_readonly>
  <buildSummary />
</deployment>