<step title="Incoming Request" date="2025-09-16T13:52:22.829" instance="df2788" url="/api/zipdeploy?isAsync=true&amp;deployer=GITHUB_ZIP_DEPLOY&amp;message=%7B%22type%22%3A%22deployment%22%2C%22sha%22%3A%22964f489db5999f8fd94b12713a2ac1ecaf342f6c%22%2C%22repoName%22%3A%22KaunteyShah%2Fcredit-risk-analysis-tool%22%2C%22actor%22%3A%22KaunteyShah%22%2C%22slotName%22%3A%22production%22%2C%22commitMessage%22%3A%22Fix%20Python%20executable%20paths%20in%20startup%20script%20for%20Azure%20App%20Service%22%7D" method="POST" type="request" pid="768,1,15" Host="credit-risk-analysis-prod-app-25h2ya.scm.azurewebsites.net" User-Agent="GITHUBACTIONS_DeployWebAppToAzure_4a5a1b673f02fbd359f5f791fff0e4d3e82e3a2733128fe8bf04c072d54f4342" Authorization="Bas..." Content-Type="application/octet-stream" Cookie="ARRAffinity=df2788fb3e5f96d53e88638b51f78b399174bc066b03447dde3bac5ebbfa91f6;Path=/;HttpOnly;Secure;Domain=credit-risk-analysis-prod-app-25h2ya.scm.azurewebsites.net; ARRAffinitySameSite=df2788fb3e5f96d53e88638b51f78b399174bc066b03447dde3bac5ebbfa91f6;Path=/;HttpOnly;SameSite=None;Secure;Domain=credit-risk-analysis-prod-app-25h2ya.scm.azurewebsites.net" Transfer-Encoding="chunked" X-ARR-LOG-ID="9ad3ea0d-dd09-4358-9a69-241f34e13f54" CLIENT-IP="20.55.213.199:47104" X-SITE-DEPLOYMENT-ID="credit-risk-analysis-prod-app-25h2ya" WAS-DEFAULT-HOSTNAME="credit-risk-analysis-prod-app-25h2ya.scm.azurewebsites.net" X-Forwarded-Proto="https" X-AppService-Proto="https" X-Forwarded-TlsVersion="1.3" X-WAWS-Unencoded-URL="/api/zipdeploy?isAsync=true&amp;deployer=GITHUB_ZIP_DEPLOY&amp;message=%7B%22type%22%3A%22deployment%22%2C%22sha%22%3A%22964f489db5999f8fd94b12713a2ac1ecaf342f6c%22%2C%22repoName%22%3A%22KaunteyShah%2Fcredit-risk-analysis-tool%22%2C%22actor%22%3A%22KaunteyShah%22%2C%22slotName%22%3A%22production%22%2C%22commitMessage%22%3A%22Fix%20Python%20executable%20paths%20in%20startup%20script%20for%20Azure%20App%20Service%22%7D" X-Client-IP="20.55.213.199" X-Client-Port="47104" >
  <step title="ZipPushDeploy" date="2025-09-16T13:52:22.880" >
    <step title="ZipDeploy. Extract zip. Remote build." date="2025-09-16T13:52:22.884" /><!-- duration: 1ms -->
    <step title="None repository commit" date="2025-09-16T13:52:22.888" >
      <step title="Commit id: e74231bd-e1a8-4cc2-ab5a-503391f0cad7" date="2025-09-16T13:52:22.890" Message="N/A" AuthorName="N/A" AuthorEmail="N/A" /><!-- duration: 1ms -->
    </step><!-- duration: 4ms -->
    <step title="Starting PushDeployAsync" date="2025-09-16T13:52:22.894" /><!-- duration: 1ms -->
    <step title="Writing artifact to /tmp/zipdeploy/b7c69f85-be49-49fc-ad3d-5cfc83336edd.zip" date="2025-09-16T13:52:22.902" >
      <step title="Writing multipart request body to /tmp/zipdeploy/b7c69f85-be49-49fc-ad3d-5cfc83336edd.zip" date="2025-09-16T13:52:22.905" /><!-- duration: 2ms -->
    </step><!-- duration: 87ms -->
    <step title="Start deployment in the background" date="2025-09-16T13:52:22.999" >
      <step title="Acquiring Deployment Lock" date="2025-09-16T13:52:23.007" /><!-- duration: 2ms -->
      <step title="Acquired Deployment Lock" date="2025-09-16T13:52:23.044" /><!-- duration: 2ms -->
    </step><!-- duration: 95ms -->
  </step><!-- duration: 218ms -->
  <step title="Outgoing response" date="2025-09-16T13:52:23.102" type="response" statusCode="202" statusText="Accepted" /><!-- duration: 2ms -->
</step><!-- duration: 276ms -->
