<step title="Incoming Request" date="2025-09-27T08:26:36.819" instance="28045c" url="/api/publish?type=zip" method="POST" type="request" pid="768,1,24" Accept="*/*" Host="credit-risk-clean-app.scm.azurewebsites.net" User-Agent="AZURECLI/2.76.0 (HOMEBREW)" Accept-Encoding="gzip, deflate" Authorization="Bea..." Cache-Control="no-cache" Content-Type="application/octet-stream" Cookie="ARRAffinity=28045c6adfea86f6e6a4fb889ed02f7953575b88ca284551fd91068eab142a0c; ARRAffinitySameSite=28045c6adfea86f6e6a4fb889ed02f7953575b88ca284551fd91068eab142a0c" Content-Length="471396" x-ms-client-request-id="ab8f8626-9b7b-11f0-a09e-02213740a574" x-ms-artifact-checksum="8c1f0630995ecd9fde04b0f343b33b025eec6605838bd38cf05ae862158fbaa0" X-ARR-LOG-ID="ab8f8626-9b7b-11f0-a09e-02213740a574" CLIENT-IP="82.7.68.78:52029" X-SITE-DEPLOYMENT-ID="credit-risk-clean-app" WAS-DEFAULT-HOSTNAME="credit-risk-clean-app.scm.azurewebsites.net" X-Forwarded-Proto="https" X-AppService-Proto="https" X-Forwarded-TlsVersion="1.3" X-WAWS-Unencoded-URL="/api/publish?type=zip" X-Client-IP="82.7.68.78" X-Client-Port="52029" >
  <step title="OneDeploy" date="2025-09-27T08:26:36.825" >
    <step title="Starting PushDeployAsync" date="2025-09-27T08:26:36.828" /><!-- duration: 2ms -->
    <step title="Writing artifact to /tmp/zipdeploy/57cdaf65-28e2-467a-850c-899e0223a90d.zip" date="2025-09-27T08:26:36.833" >
      <step title="Writing multipart request body to /tmp/zipdeploy/57cdaf65-28e2-467a-850c-899e0223a90d.zip" date="2025-09-27T08:26:36.834" /><!-- duration: 2ms -->
      <step title="Error occurred" date="2025-09-27T08:30:36.821" type="error" text="Exception in copying zip file to temp path. Exception: Microsoft.AspNetCore.Server.Kestrel.Core.BadHttpRequestException: Unexpected end of request content.
   at Microsoft.AspNetCore.Server.Kestrel.Core.Internal.Http.Http1ContentLengthMessageBody.ReadAsyncInternal(CancellationToken cancellationToken)
   at System.Runtime.CompilerServices.PoolingAsyncValueTaskMethodBuilder`1.StateMachineBox`1.System.Threading.Tasks.Sources.IValueTaskSource&lt;TResult&gt;.GetResult(Int16 token)
   at System.IO.Pipelines.PipeReader.CopyToAsyncCore[TStream](TStream destination, Func`4 writeAsync, CancellationToken cancellationToken)
   at Kudu.Services.Deployment.PushDeploymentController.CopyZipFromRequestBody(String artifactTempPath, ITracer tracer) in /tmp/KuduLite/Kudu.Services/Deployment/PushDeploymentController.cs:line 1473: Unexpected end of request content." stackTrace="   at Microsoft.AspNetCore.Server.Kestrel.Core.Internal.Http.Http1ContentLengthMessageBody.ReadAsyncInternal(CancellationToken cancellationToken)
   at System.Runtime.CompilerServices.PoolingAsyncValueTaskMethodBuilder`1.StateMachineBox`1.System.Threading.Tasks.Sources.IValueTaskSource&lt;TResult&gt;.GetResult(Int16 token)
   at System.IO.Pipelines.PipeReader.CopyToAsyncCore[TStream](TStream destination, Func`4 writeAsync, CancellationToken cancellationToken)
   at Kudu.Services.Deployment.PushDeploymentController.CopyZipFromRequestBody(String artifactTempPath, ITracer tracer) in /tmp/KuduLite/Kudu.Services/Deployment/PushDeploymentController.cs:line 1473" /><!-- duration: 4ms -->
    </step><!-- duration: 239996ms -->
    <step title="Removing previous build artifact&apos;s manifest file" date="2025-09-27T08:30:36.832" >
      <step title="Error occurred" date="2025-09-27T08:30:36.835" type="error" text="Request was Aborted. Deployment was cancelled" /><!-- duration: 2ms -->
    </step><!-- duration: 11ms -->
    <step title="Outgoing response" date="2025-09-27T08:30:36.846" type="response" statusCode="499" statusText="499" /><!-- duration: 2ms -->
  </step><!-- duration: 240027ms -->
