<step title="Incoming Request" date="2025-09-22T10:34:14.747" instance="df2788" url="/api/zipdeploy?isAsync=true&amp;deployer=GITHUB_ZIP_DEPLOY&amp;message=%7B%22type%22%3A%22deployment%22%2C%22sha%22%3A%226c5d3f27a7348824e20bbe53f5e4fadb1cd6314b%22%2C%22repoName%22%3A%22KaunteyShah%2Fcredit-risk-analysis-tool%22%2C%22actor%22%3A%22KaunteyShah%22%2C%22slotName%22%3A%22production%22%2C%22commitMessage%22%3A%22%F0%9F%A7%B9%20Major%20cleanup%3A%20Remove%20duplicate%20files%20and%20consolidate%20project%20structure%5Cn%5Cn-%20Remove%20duplicate%20Streamlit%20apps%20from%20root%20(kept%20app%2Fcore%2F%20version)%5Cn-%20Delete%20outdated%20documentation%20files%20(consolidated%20in%20docs%2F)%5Cn-%20Remove%20old%20deployment%2F%20folder%20(superseded%20by%20app%2F)%5Cn-%20Clean%20up%20duplicate%20requirements%20files%5Cn-%20Remove%20duplicate%20src%2F%20and%20data_layer%2F%20directories%5Cn-%20Delete%20old%20Python%20scripts%20and%20demos%5Cn-%20Remove%20build%20artifacts%20and%20cache%20files%5Cn-%20Add%20new%20GitHub%20workflow%20and%20notebooks%5Cn-%20Consolidate%20project%20structure%20for%20better%20maintainability%5Cn%5CnFiles%20removed%3A%2060%2B%20duplicate%2Foutdated%20files%5CnProject%20is%20now%20cleaner%20and%20ready%20for%20production%20deployment%22%7D" method="POST" type="request" pid="767,1,77" Host="credit-risk-analysis-prod-app-25h2ya.scm.azurewebsites.net" User-Agent="GITHUBACTIONS_DeployWebAppToAzure_4a5a1b673f02fbd359f5f791fff0e4d3e82e3a2733128fe8bf04c072d54f4342" Authorization="Bas..." Content-Type="application/octet-stream" Cookie="ARRAffinity=df2788fb3e5f96d53e88638b51f78b399174bc066b03447dde3bac5ebbfa91f6;Path=/;HttpOnly;Secure;Domain=credit-risk-analysis-prod-app-25h2ya.scm.azurewebsites.net; ARRAffinitySameSite=df2788fb3e5f96d53e88638b51f78b399174bc066b03447dde3bac5ebbfa91f6;Path=/;HttpOnly;SameSite=None;Secure;Domain=credit-risk-analysis-prod-app-25h2ya.scm.azurewebsites.net" Transfer-Encoding="chunked" X-ARR-LOG-ID="faf94557-c471-4b0d-a57f-2bdd41717c39" CLIENT-IP="52.225.73.162:3088" X-SITE-DEPLOYMENT-ID="credit-risk-analysis-prod-app-25h2ya" WAS-DEFAULT-HOSTNAME="credit-risk-analysis-prod-app-25h2ya.scm.azurewebsites.net" X-Forwarded-Proto="https" X-AppService-Proto="https" X-Forwarded-TlsVersion="1.3" X-WAWS-Unencoded-URL="/api/zipdeploy?isAsync=true&amp;deployer=GITHUB_ZIP_DEPLOY&amp;message=%7B%22type%22%3A%22deployment%22%2C%22sha%22%3A%226c5d3f27a7348824e20bbe53f5e4fadb1cd6314b%22%2C%22repoName%22%3A%22KaunteyShah%2Fcredit-risk-analysis-tool%22%2C%22actor%22%3A%22KaunteyShah%22%2C%22slotName%22%3A%22production%22%2C%22commitMessage%22%3A%22%F0%9F%A7%B9%20Major%20cleanup%3A%20Remove%20duplicate%20files%20and%20consolidate%20project%20structure%5Cn%5Cn-%20Remove%20duplicate%20Streamlit%20apps%20from%20root%20(kept%20app%2Fcore%2F%20version)%5Cn-%20Delete%20outdated%20documentation%20files%20(consolidated%20in%20docs%2F)%5Cn-%20Remove%20old%20deployment%2F%20folder%20(superseded%20by%20app%2F)%5Cn-%20Clean%20up%20duplicate%20requirements%20files%5Cn-%20Remove%20duplicate%20src%2F%20and%20data_layer%2F%20directories%5Cn-%20Delete%20old%20Python%20scripts%20and%20demos%5Cn-%20Remove%20build%20artifacts%20and%20cache%20files%5Cn-%20Add%20new%20GitHub%20workflow%20and%20notebooks%5Cn-%20Consolidate%20project%20structure%20for%20better%20maintainability%5Cn%5CnFiles%20removed%3A%2060%2B%20duplicate%2Foutdated%20files%5CnProject%20is%20now%20cleaner%20and%20ready%20for%20production%20deployment%22%7D" X-Client-IP="52.225.73.162" X-Client-Port="3088" >
  <step title="Cleanup Xml Logs" date="2025-09-22T10:34:14.748" /><!-- duration: 5ms -->
  <step title="ZipPushDeploy" date="2025-09-22T10:34:14.757" >
    <step title="ZipDeploy. Extract zip. Remote build." date="2025-09-22T10:34:14.760" /><!-- duration: 1ms -->
    <step title="Starting PushDeployAsync" date="2025-09-22T10:34:14.763" /><!-- duration: 1ms -->
    <step title="Writing artifact to /tmp/zipdeploy/28862bc1-2d0d-490c-85b9-d80b49234d82.zip" date="2025-09-22T10:34:14.768" >
      <step title="Writing multipart request body to /tmp/zipdeploy/28862bc1-2d0d-490c-85b9-d80b49234d82.zip" date="2025-09-22T10:34:14.770" /><!-- duration: 2ms -->
    </step><!-- duration: 605ms -->
    <step title="Start deployment in the background" date="2025-09-22T10:34:15.377" >
      <step title="Acquiring Deployment Lock" date="2025-09-22T10:34:15.381" /><!-- duration: 1ms -->
      <step title="Acquired Deployment Lock" date="2025-09-22T10:34:15.409" /><!-- duration: 1ms -->
    </step><!-- duration: 75ms -->
  </step><!-- duration: 696ms -->
  <step title="Outgoing response" date="2025-09-22T10:34:15.455" type="response" statusCode="202" statusText="Accepted" /><!-- duration: 2ms -->
</step><!-- duration: 711ms -->
