<step title="Incoming Request" date="2025-09-24T12:31:32.799" instance="df2788" url="/api/deployments/latest?deployer=GITHUB_ZIP_DEPLOY&amp;time=2025-09-24_12-31-14Z" method="GET" type="request" pid="768,1,71" Host="credit-risk-analysis-prod-app-25h2ya.scm.azurewebsites.net" User-Agent="GITHUBACTIONS_DeployWebAppToAzure_4a5a1b673f02fbd359f5f791fff0e4d3e82e3a2733128fe8bf04c072d54f4342" Authorization="Bas..." Content-Type="application/json; charset=utf-8" Cookie="ARRAffinity=df2788fb3e5f96d53e88638b51f78b399174bc066b03447dde3bac5ebbfa91f6;Path=/;HttpOnly;Secure;Domain=credit-risk-analysis-prod-app-25h2ya.scm.azurewebsites.net; ARRAffinitySameSite=df2788fb3e5f96d53e88638b51f78b399174bc066b03447dde3bac5ebbfa91f6;Path=/;HttpOnly;SameSite=None;Secure;Domain=credit-risk-analysis-prod-app-25h2ya.scm.azurewebsites.net" Content-Length="0" X-ARR-LOG-ID="1d20ae45-952c-43d0-86bf-b1aadc799aa7" CLIENT-IP="52.173.219.151:10242" X-SITE-DEPLOYMENT-ID="credit-risk-analysis-prod-app-25h2ya" WAS-DEFAULT-HOSTNAME="credit-risk-analysis-prod-app-25h2ya.scm.azurewebsites.net" X-Forwarded-Proto="https" X-AppService-Proto="https" X-Forwarded-TlsVersion="1.3" X-WAWS-Unencoded-URL="/api/deployments/latest?deployer=GITHUB_ZIP_DEPLOY&amp;time=2025-09-24_12-31-14Z" X-Client-IP="52.173.219.151" X-Client-Port="10242" >
  <step title="Cleanup Xml Logs" date="2025-09-24T12:31:32.802" >
    <step title="Cleanup Infos" date="2025-09-24T12:31:32.819" totalFiles="473" totalCleanup="313" /><!-- duration: 3ms -->
  </step><!-- duration: 24ms -->
  <step title="DeploymentService.GetResult" date="2025-09-24T12:31:32.833" >
    <step title="DeploymentService.GetLatestDeployment" date="2025-09-24T12:31:32.835" >
      <step title="DeploymentManager.GetResults" date="2025-09-24T12:31:32.838" /><!-- duration: 642ms -->
    </step><!-- duration: 646ms -->
  </step><!-- duration: 651ms -->
  <step title="Outgoing response" date="2025-09-24T12:31:33.495" type="response" statusCode="202" statusText="Accepted" /><!-- duration: 4ms -->
</step><!-- duration: 702ms -->
