<step title="Incoming Request" date="2025-09-23T11:31:43.055" instance="df2788" url="/api/deployments/latest?deployer=GITHUB_ZIP_DEPLOY&amp;time=2025-09-23_11-31-30Z" method="GET" type="request" pid="768,1,66" Host="credit-risk-analysis-prod-app-25h2ya.scm.azurewebsites.net" User-Agent="GITHUBACTIONS_DeployWebAppToAzure_4a5a1b673f02fbd359f5f791fff0e4d3e82e3a2733128fe8bf04c072d54f4342" Authorization="Bas..." Content-Type="application/json; charset=utf-8" Cookie="ARRAffinity=df2788fb3e5f96d53e88638b51f78b399174bc066b03447dde3bac5ebbfa91f6;Path=/;HttpOnly;Secure;Domain=credit-risk-analysis-prod-app-25h2ya.scm.azurewebsites.net; ARRAffinitySameSite=df2788fb3e5f96d53e88638b51f78b399174bc066b03447dde3bac5ebbfa91f6;Path=/;HttpOnly;SameSite=None;Secure;Domain=credit-risk-analysis-prod-app-25h2ya.scm.azurewebsites.net" Content-Length="0" X-ARR-LOG-ID="aa42688c-84a3-475f-8798-68cf31d9bd19" CLIENT-IP="128.24.161.39:26680" X-SITE-DEPLOYMENT-ID="credit-risk-analysis-prod-app-25h2ya" WAS-DEFAULT-HOSTNAME="credit-risk-analysis-prod-app-25h2ya.scm.azurewebsites.net" X-Forwarded-Proto="https" X-AppService-Proto="https" X-Forwarded-TlsVersion="1.3" X-WAWS-Unencoded-URL="/api/deployments/latest?deployer=GITHUB_ZIP_DEPLOY&amp;time=2025-09-23_11-31-30Z" X-Client-IP="128.24.161.39" X-Client-Port="26680" >
  <step title="Cleanup Xml Logs" date="2025-09-23T11:31:43.057" >
    <step title="Cleanup Infos" date="2025-09-23T11:31:43.068" totalFiles="241" totalCleanup="81" /><!-- duration: 3ms -->
  </step><!-- duration: 15ms -->
  <step title="DeploymentService.GetResult" date="2025-09-23T11:31:43.103" >
    <step title="DeploymentService.GetLatestDeployment" date="2025-09-23T11:31:43.104" >
      <step title="DeploymentManager.GetResults" date="2025-09-23T11:31:43.106" /><!-- duration: 955ms -->
    </step><!-- duration: 960ms -->
  </step><!-- duration: 963ms -->
  <step title="Outgoing response" date="2025-09-23T11:31:44.068" type="response" statusCode="202" statusText="Accepted" /><!-- duration: 3ms -->
</step><!-- duration: 1017ms -->
