<step title="BackgroundTrace" date="2025-09-24T12:22:51.847" instance="df2788" url="/api/zipdeploy" method="POST" >
  <step title="Creating temporary deployment - FetchDeploymentManager" date="2025-09-24T12:22:51.891" /><!-- duration: 1ms -->
  <step title="Creating temporary deployment" date="2025-09-24T12:22:51.897" /><!-- duration: 99ms -->
  <step title="Performing fetch based deployment" date="2025-09-24T12:22:52.023" >
    <step title="Cleaning up temp folders from previous zip deployments and extracting pushed zip file /tmp/zipdeploy/69937241-5acf-4992-bd12-95e16a709a73.zip (1.09 MB) to /tmp/zipdeploy/extracted" date="2025-09-24T12:22:53.219" >
      <step title="ChmodRecursive Process exited with total time taken in ms: 173" date="2025-09-24T12:22:53.679" /><!-- duration: 3ms -->
    </step><!-- duration: 504ms -->
    <step title="Deployment timer started" date="2025-09-24T12:22:55.734" >
      <step title="DeploymentManager.Deploy(id:2b030e3b-9a89-4913-b3a0-48bb32ea2307)" date="2025-09-24T12:22:55.739" >
        <step title="Collecting changeset information" date="2025-09-24T12:22:55.745" /><!-- duration: 73ms -->
        <step title="Updating submodules" date="2025-09-24T12:22:55.821" /><!-- duration: 1135ms -->
        <step title="Determining deployment builder" date="2025-09-24T12:22:57.143" >
          <step title="Builder is OryxBuilder" date="2025-09-24T12:22:57.149" /><!-- duration: 2ms -->
        </step><!-- duration: 11ms -->
        <step title="PreDeployment: context.CleanOutputPath False" date="2025-09-24T12:22:57.205" >
          <step title="PreDeployment: context.OutputPath /home/site/wwwroot" date="2025-09-24T12:22:57.295" >
            <step title="Building" date="2025-09-24T12:22:57.400" >
              <step title="Executing external process" date="2025-09-24T12:22:57.622" type="process" path="bash" arguments="-c &quot;oryx build /tmp/zipdeploy/extracted -o /home/site/wwwroot --platform python --platform-version 3.11 -p virtualenv_name=antenv --log-file /tmp/build-debug.log  -i /tmp/8ddfb651821369b --compress-destination-dir | tee /tmp/oryx-build.log ; exit $PIPESTATUS &quot;" /><!-- duration: 18803ms -->
              <step title="Using PythonDeploymentLogParser" date="2025-09-24T12:23:16.768" /><!-- duration: 1ms -->
              <step title="Triggering recycle (preview mode disabled)." date="2025-09-24T12:23:18.329" /><!-- duration: 1ms -->
              <step title="Modified file to trigger a restart of the app container." date="2025-09-24T12:23:18.360" /><!-- duration: 1ms -->
              <step title="Skip function trigger and logicapp sync because function is not enabled." date="2025-09-24T12:23:18.363" /><!-- duration: 1ms -->
              <step title="Purge deployment items" date="2025-09-24T12:23:19.291" >
                <step title="Remove fbd5a49b-, Success, received at 09/23/2025 12:42:28" date="2025-09-24T12:23:19.331" /><!-- duration: 1ms -->
              </step><!-- duration: 43ms -->
            </step><!-- duration: 21987ms -->
          </step><!-- duration: 22096ms -->
          <step title="Cleaning up temp files" date="2025-09-24T12:23:19.393" /><!-- duration: 1580ms -->
          <step title="Cleaning up temp files" date="2025-09-24T12:23:20.975" /><!-- duration: 506ms -->
          <step title="Reloading status file with latest updates" date="2025-09-24T12:23:21.498" >
            <step title="WebHooksManager.PublishEventAsync: PostDeployment" date="2025-09-24T12:23:21.500" /><!-- duration: 25ms -->
          </step><!-- duration: 28ms -->
          <step title="Cleaning up temporary deployment - fetch deployment was successful" date="2025-09-24T12:23:21.529" /><!-- duration: 1ms -->
        </step><!-- duration: 24358ms -->
      </step><!-- duration: 25830ms -->
