<step title="Incoming Request" date="2025-09-27T07:59:53.586" instance="28045c" url="/api/publish?type=zip" method="POST" type="request" pid="768,1,20" Accept="*/*" Host="credit-risk-clean-app.scm.azurewebsites.net" User-Agent="AZURECLI/2.76.0 (HOMEBREW)" Accept-Encoding="gzip, deflate" Authorization="Bea..." Cache-Control="no-cache" Content-Type="application/octet-stream" Cookie="ARRAffinity=28045c6adfea86f6e6a4fb889ed02f7953575b88ca284551fd91068eab142a0c; ARRAffinitySameSite=28045c6adfea86f6e6a4fb889ed02f7953575b88ca284551fd91068eab142a0c" Content-Length="471396" x-ms-client-request-id="eeecd2f6-9b77-11f0-a7c7-02213740a574" x-ms-artifact-checksum="8c1f0630995ecd9fde04b0f343b33b025eec6605838bd38cf05ae862158fbaa0" X-ARR-LOG-ID="eeecd2f6-9b77-11f0-a7c7-02213740a574" CLIENT-IP="82.7.68.78:58881" X-SITE-DEPLOYMENT-ID="credit-risk-clean-app" WAS-DEFAULT-HOSTNAME="credit-risk-clean-app.scm.azurewebsites.net" X-Forwarded-Proto="https" X-AppService-Proto="https" X-Forwarded-TlsVersion="1.3" X-WAWS-Unencoded-URL="/api/publish?type=zip" X-Client-IP="82.7.68.78" X-Client-Port="58881" >
  <step title="OneDeploy" date="2025-09-27T07:59:53.602" >
    <step title="None repository commit" date="2025-09-27T07:59:53.608" >
      <step title="Commit id: b6b1b107-3b5c-493b-8802-6a4f1cece109" date="2025-09-27T07:59:53.610" Message="N/A" AuthorName="N/A" AuthorEmail="N/A" /><!-- duration: 2ms -->
    </step><!-- duration: 6ms -->
    <step title="Starting PushDeployAsync" date="2025-09-27T07:59:53.617" /><!-- duration: 2ms -->
    <step title="Writing artifact to /tmp/zipdeploy/879fd768-e807-42dc-a41c-a4261150d973.zip" date="2025-09-27T07:59:53.626" >
      <step title="Writing multipart request body to /tmp/zipdeploy/879fd768-e807-42dc-a41c-a4261150d973.zip" date="2025-09-27T07:59:53.628" /><!-- duration: 2ms -->
    </step><!-- duration: 41ms -->
    <step title="Removing previous build artifact&apos;s manifest file" date="2025-09-27T07:59:53.670" >
      <step title="Attempting to fetch target branch HEAD" date="2025-09-27T07:59:53.675" /><!-- duration: 4ms -->
      <step title="Acquiring Deployment Lock" date="2025-09-27T07:59:53.682" /><!-- duration: 2ms -->
      <step title="Acquired Deployment Lock" date="2025-09-27T07:59:53.717" /><!-- duration: 2ms -->
      <step title="Performing fetch based deployment" date="2025-09-27T07:59:53.724" >
        <step title="Creating temporary deployment" date="2025-09-27T07:59:53.727" /><!-- duration: 66ms -->
        <step title="Releasing Deployment Lock" date="2025-09-27T07:59:54.909" /><!-- duration: 2ms -->
        <step title="Cleaning up temp folders from previous zip deployments and extracting pushed zip file /tmp/zipdeploy/879fd768-e807-42dc-a41c-a4261150d973.zip (0.45 MB) to /tmp/zipdeploy/extracted" date="2025-09-27T07:59:54.923" >
          <step title="ChmodRecursive Process exited with total time taken in ms: 38" date="2025-09-27T07:59:55.038" /><!-- duration: 2ms -->
        </step><!-- duration: 119ms -->
        <step title="None repository commit" date="2025-09-27T07:59:55.047" >
          <step title="Commit id: b6b1b107-3b5c-493b-8802-6a4f1cece109" date="2025-09-27T07:59:55.055" Message="OneDeploy" AuthorName="N/A" AuthorEmail="N/A" /><!-- duration: 2ms -->
        </step><!-- duration: 14ms -->
        <step title="Deployment timer started" date="2025-09-27T07:59:57.065" >
          <step title="DeploymentManager.Deploy(id:b6b1b107-3b5c-493b-8802-6a4f1cece109)" date="2025-09-27T07:59:57.068" >
            <step title="Collecting changeset information" date="2025-09-27T07:59:57.075" /><!-- duration: 71ms -->
            <step title="Updating submodules" date="2025-09-27T07:59:57.150" /><!-- duration: 1087ms -->
            <step title="Determining deployment builder" date="2025-09-27T07:59:58.390" >
              <step title="Builder is OryxBuilder" date="2025-09-27T07:59:58.395" /><!-- duration: 2ms -->
            </step><!-- duration: 9ms -->
            <step title="PreDeployment: context.CleanOutputPath False" date="2025-09-27T07:59:58.436" >
              <step title="PreDeployment: context.OutputPath /home/site/wwwroot" date="2025-09-27T07:59:58.522" >
                <step title="Building" date="2025-09-27T07:59:58.665" >
                  <step title="Executing external process" date="2025-09-27T07:59:58.912" type="process" path="bash" arguments="-c &quot;oryx build /tmp/zipdeploy/extracted -o /home/site/wwwroot --platform python --platform-version 3.11 -p virtualenv_name=antenv --log-file /tmp/build-debug.log  -i /tmp/8ddfd9bda7f44a6 --compress-destination-dir | tee /tmp/oryx-build.log ; exit $PIPESTATUS &quot;" >
                    <step title="Cpu: python(996,58.000s)+ts(997,0.080s)+build.sh(995,0.000s)+build.sh(994,0.000s)+build.sh(901,0.030s)+oryx(880,5.220s)+tee(881,0.000s)+bash(879,0.000s)=total(63.330s)" date="2025-09-27T08:01:23.992" /><!-- duration: 6ms -->
                    <step title="bash: no io activity for 61s, prev-cpu=-1.000s, current-cpu=63.330s" date="2025-09-27T08:01:24.007" /><!-- duration: 8ms -->
                    <step title="Cpu: gzip(1112,57.080s)+sh(1111,0.000s)+tar(1110,1.020s)+build.sh(901,0.030s)+oryx(880,5.520s)+tee(881,0.000s)+bash(879,0.000s)=total(63.640s)" date="2025-09-27T08:03:03.088" /><!-- duration: 4ms -->
                    <step title="bash: no io activity for 61s, prev-cpu=-1.000s, current-cpu=63.640s" date="2025-09-27T08:03:03.093" /><!-- duration: 2ms -->
                  </step><!-- duration: 193190ms -->
                  <step title="Using PythonDeploymentLogParser" date="2025-09-27T08:03:12.375" /><!-- duration: 3ms -->
                  <step title="Modified file to trigger a restart of the app container." date="2025-09-27T08:03:13.294" /><!-- duration: 2ms -->
                  <step title="Skip function trigger and logicapp sync because function is not enabled." date="2025-09-27T08:03:13.299" /><!-- duration: 2ms -->
                </step><!-- duration: 195343ms -->
              </step><!-- duration: 195489ms -->
              <step title="Cleaning up temp files" date="2025-09-27T08:03:14.013" /><!-- duration: 3379ms -->
              <step title="Cleaning up temp files" date="2025-09-27T08:03:17.397" /><!-- duration: 503ms -->
              <step title="Reloading status file with latest updates" date="2025-09-27T08:03:17.941" >
                <step title="WebHooksManager.PublishEventAsync: PostDeployment" date="2025-09-27T08:03:17.944" /><!-- duration: 58ms -->
              </step><!-- duration: 67ms -->
              <step title="Cleaning up temporary deployment - fetch deployment was successful" date="2025-09-27T08:03:18.014" /><!-- duration: 2ms -->
            </step><!-- duration: 199614ms -->
          </step><!-- duration: 200986ms -->
          <step title="Outgoing response" date="2025-09-27T08:03:18.060" type="response" statusCode="200" statusText="OK" /><!-- duration: 2ms -->
        </step><!-- duration: 200999ms -->
