<step title="Incoming Request" date="2025-09-23T13:26:10.298" instance="df2788" url="/api/deployments/latest?deployer=GITHUB_ZIP_DEPLOY&amp;time=2025-09-23_13-25-38Z" method="GET" type="request" pid="768,1,56" Host="credit-risk-analysis-prod-app-25h2ya.scm.azurewebsites.net" User-Agent="GITHUBACTIONS_DeployWebAppToAzure_4a5a1b673f02fbd359f5f791fff0e4d3e82e3a2733128fe8bf04c072d54f4342" Authorization="Bas..." Content-Type="application/json; charset=utf-8" Cookie="ARRAffinity=df2788fb3e5f96d53e88638b51f78b399174bc066b03447dde3bac5ebbfa91f6;Path=/;HttpOnly;Secure;Domain=credit-risk-analysis-prod-app-25h2ya.scm.azurewebsites.net; ARRAffinitySameSite=df2788fb3e5f96d53e88638b51f78b399174bc066b03447dde3bac5ebbfa91f6;Path=/;HttpOnly;SameSite=None;Secure;Domain=credit-risk-analysis-prod-app-25h2ya.scm.azurewebsites.net" Content-Length="0" X-ARR-LOG-ID="59445aae-d75c-4b28-ad6e-4ff6e4923693" CLIENT-IP="172.172.157.8:23616" X-SITE-DEPLOYMENT-ID="credit-risk-analysis-prod-app-25h2ya" WAS-DEFAULT-HOSTNAME="credit-risk-analysis-prod-app-25h2ya.scm.azurewebsites.net" X-Forwarded-Proto="https" X-AppService-Proto="https" X-Forwarded-TlsVersion="1.3" X-WAWS-Unencoded-URL="/api/deployments/latest?deployer=GITHUB_ZIP_DEPLOY&amp;time=2025-09-23_13-25-38Z" X-Client-IP="172.172.157.8" X-Client-Port="23616" >
  <step title="Cleanup Xml Logs" date="2025-09-23T13:26:10.300" >
    <step title="Cleanup Infos" date="2025-09-23T13:26:10.315" totalFiles="399" totalCleanup="239" /><!-- duration: 3ms -->
  </step><!-- duration: 25ms -->
  <step title="DeploymentService.GetResult" date="2025-09-23T13:26:10.330" >
    <step title="DeploymentService.GetLatestDeployment" date="2025-09-23T13:26:10.331" >
      <step title="DeploymentManager.GetResults" date="2025-09-23T13:26:10.333" /><!-- duration: 714ms -->
    </step><!-- duration: 718ms -->
  </step><!-- duration: 726ms -->
  <step title="Outgoing response" date="2025-09-23T13:26:11.060" type="response" statusCode="202" statusText="Accepted" /><!-- duration: 8ms -->
</step><!-- duration: 782ms -->
