<step title="Incoming Request" date="2025-09-16T12:49:27.230" instance="df2788" url="/api/zipdeploy?isAsync=true&amp;deployer=GITHUB_ZIP_DEPLOY&amp;message=%7B%22type%22%3A%22deployment%22%2C%22sha%22%3A%22f070ae160089907463cccf197cd3b803fa0b2155%22%2C%22repoName%22%3A%22KaunteyShah%2Fcredit-risk-analysis-tool%22%2C%22actor%22%3A%22KaunteyShah%22%2C%22slotName%22%3A%22production%22%2C%22commitMessage%22%3A%22%F0%9F%94%A7%20Fix%20authentication%20error%20in%20simple-deploy%20workflow%5Cn%5Cn%E2%9C%85%20Removed%20Azure%20Login%20step%20that%20was%20causing%20SERVICE_PRINCIPAL%20error%5Cn%E2%9C%85%20Updated%20to%20use%20AZURE_WEBAPP_PUBLISH_PROFILE%20instead%5Cn%E2%9C%85%20Removed%20Azure%20CLI%20commands%20that%20required%20authentication%5Cn%E2%9C%85%20Simplified%20deployment%20to%20use%20publish%20profile%20only%5Cn%5CnThis%20fixes%20the%20authentication%20error%20and%20enables%20seamless%20deployment.%22%7D" method="POST" type="request" pid="768,1,33" Host="credit-risk-analysis-prod-app-25h2ya.scm.azurewebsites.net" User-Agent="GITHUBACTIONS_DeployWebAppToAzure_4a5a1b673f02fbd359f5f791fff0e4d3e82e3a2733128fe8bf04c072d54f4342" Authorization="Bas..." Content-Type="application/octet-stream" Cookie="ARRAffinity=df2788fb3e5f96d53e88638b51f78b399174bc066b03447dde3bac5ebbfa91f6;Path=/;HttpOnly;Secure;Domain=credit-risk-analysis-prod-app-25h2ya.scm.azurewebsites.net; ARRAffinitySameSite=df2788fb3e5f96d53e88638b51f78b399174bc066b03447dde3bac5ebbfa91f6;Path=/;HttpOnly;SameSite=None;Secure;Domain=credit-risk-analysis-prod-app-25h2ya.scm.azurewebsites.net" Transfer-Encoding="chunked" X-ARR-LOG-ID="bf3d80d0-3cc9-4f9b-9a85-545d1dab6bd7" CLIENT-IP="64.236.153.88:54336" X-SITE-DEPLOYMENT-ID="credit-risk-analysis-prod-app-25h2ya" WAS-DEFAULT-HOSTNAME="credit-risk-analysis-prod-app-25h2ya.scm.azurewebsites.net" X-Forwarded-Proto="https" X-AppService-Proto="https" X-Forwarded-TlsVersion="1.3" X-WAWS-Unencoded-URL="/api/zipdeploy?isAsync=true&amp;deployer=GITHUB_ZIP_DEPLOY&amp;message=%7B%22type%22%3A%22deployment%22%2C%22sha%22%3A%22f070ae160089907463cccf197cd3b803fa0b2155%22%2C%22repoName%22%3A%22KaunteyShah%2Fcredit-risk-analysis-tool%22%2C%22actor%22%3A%22KaunteyShah%22%2C%22slotName%22%3A%22production%22%2C%22commitMessage%22%3A%22%F0%9F%94%A7%20Fix%20authentication%20error%20in%20simple-deploy%20workflow%5Cn%5Cn%E2%9C%85%20Removed%20Azure%20Login%20step%20that%20was%20causing%20SERVICE_PRINCIPAL%20error%5Cn%E2%9C%85%20Updated%20to%20use%20AZURE_WEBAPP_PUBLISH_PROFILE%20instead%5Cn%E2%9C%85%20Removed%20Azure%20CLI%20commands%20that%20required%20authentication%5Cn%E2%9C%85%20Simplified%20deployment%20to%20use%20publish%20profile%20only%5Cn%5CnThis%20fixes%20the%20authentication%20error%20and%20enables%20seamless%20deployment.%22%7D" X-Client-IP="64.236.153.88" X-Client-Port="54336" >
  <step title="ZipPushDeploy" date="2025-09-16T12:49:27.235" >
    <step title="ZipDeploy. Extract zip. Remote build." date="2025-09-16T12:49:27.238" /><!-- duration: 1ms -->
    <step title="Starting PushDeployAsync" date="2025-09-16T12:49:27.241" /><!-- duration: 1ms -->
    <step title="Writing artifact to /tmp/zipdeploy/62c86a33-8766-411a-a2d3-1ef2fd2d9729.zip" date="2025-09-16T12:49:27.245" >
      <step title="Writing multipart request body to /tmp/zipdeploy/62c86a33-8766-411a-a2d3-1ef2fd2d9729.zip" date="2025-09-16T12:49:27.247" /><!-- duration: 2ms -->
    </step><!-- duration: 178ms -->
    <step title="Start deployment in the background" date="2025-09-16T12:49:27.436" >
      <step title="Acquiring Deployment Lock" date="2025-09-16T12:49:27.451" /><!-- duration: 9ms -->
      <step title="Acquired Deployment Lock" date="2025-09-16T12:49:27.488" /><!-- duration: 1ms -->
    </step><!-- duration: 90ms -->
  </step><!-- duration: 293ms -->
  <step title="Outgoing response" date="2025-09-16T12:49:27.529" type="response" statusCode="202" statusText="Accepted" /><!-- duration: 2ms -->
</step><!-- duration: 302ms -->
