<step title="Incoming Request" date="2025-09-26T20:39:54.390" instance="28045c" url="/api/publish?type=zip" method="POST" type="request" pid="768,1,24" Accept="*/*" Host="credit-risk-clean-app.scm.azurewebsites.net" User-Agent="AZURECLI/2.76.0 (HOMEBREW)" Accept-Encoding="gzip, deflate" Authorization="Bea..." Cache-Control="no-cache" Content-Type="application/octet-stream" Cookie="ARRAffinity=28045c6adfea86f6e6a4fb889ed02f7953575b88ca284551fd91068eab142a0c; ARRAffinitySameSite=28045c6adfea86f6e6a4fb889ed02f7953575b88ca284551fd91068eab142a0c" Content-Length="449627" x-ms-client-request-id="f21faea8-9b18-11f0-8b84-02213740a574" x-ms-artifact-checksum="c0723a55709f27f273ed72d0b81714c0d89ce753cf6d2ca76865150afee90577" X-ARR-LOG-ID="f21faea8-9b18-11f0-8b84-02213740a574" CLIENT-IP="82.7.68.78:60424" X-SITE-DEPLOYMENT-ID="credit-risk-clean-app" WAS-DEFAULT-HOSTNAME="credit-risk-clean-app.scm.azurewebsites.net" X-Forwarded-Proto="https" X-AppService-Proto="https" X-Forwarded-TlsVersion="1.3" X-WAWS-Unencoded-URL="/api/publish?type=zip" X-Client-IP="82.7.68.78" X-Client-Port="60424" >
  <step title="OneDeploy" date="2025-09-26T20:39:54.412" >
    <step title="Starting PushDeployAsync" date="2025-09-26T20:39:54.415" /><!-- duration: 2ms -->
    <step title="Writing artifact to /tmp/zipdeploy/46a25eb7-33e7-4f97-9c08-6a319d9f6e86.zip" date="2025-09-26T20:39:54.421" >
      <step title="Writing multipart request body to /tmp/zipdeploy/46a25eb7-33e7-4f97-9c08-6a319d9f6e86.zip" date="2025-09-26T20:39:54.422" /><!-- duration: 1ms -->
    </step><!-- duration: 38ms -->
    <step title="Attempting to fetch target branch HEAD" date="2025-09-26T20:39:54.470" /><!-- duration: 2ms -->
    <step title="Acquiring Deployment Lock" date="2025-09-26T20:39:54.474" /><!-- duration: 2ms -->
    <step title="Cannot Acquire Deployment Lock already held" date="2025-09-26T20:39:54.478" /><!-- duration: 2ms -->
    <step title="There is a deployment currently in progress. Please try again when it completes." date="2025-09-26T20:39:54.483" /><!-- duration: 1ms -->
  </step><!-- duration: 75ms -->
  <step title="Outgoing response" date="2025-09-26T20:39:54.490" type="response" statusCode="409" statusText="Conflict" /><!-- duration: 1ms -->
</step><!-- duration: 105ms -->
