<step title="Incoming Request" date="2025-09-24T12:24:25.432" instance="df2788" url="/api/deployments/latest?deployer=GITHUB_ZIP_DEPLOY&amp;time=2025-09-24_12-24-06Z" method="GET" type="request" pid="768,1,70" Host="credit-risk-analysis-prod-app-25h2ya.scm.azurewebsites.net" User-Agent="GITHUBACTIONS_DeployWebAppToAzure_4a5a1b673f02fbd359f5f791fff0e4d3e82e3a2733128fe8bf04c072d54f4342" Authorization="Bas..." Content-Type="application/json; charset=utf-8" Cookie="ARRAffinity=df2788fb3e5f96d53e88638b51f78b399174bc066b03447dde3bac5ebbfa91f6;Path=/;HttpOnly;Secure;Domain=credit-risk-analysis-prod-app-25h2ya.scm.azurewebsites.net; ARRAffinitySameSite=df2788fb3e5f96d53e88638b51f78b399174bc066b03447dde3bac5ebbfa91f6;Path=/;HttpOnly;SameSite=None;Secure;Domain=credit-risk-analysis-prod-app-25h2ya.scm.azurewebsites.net" Content-Length="0" X-ARR-LOG-ID="0b4513a0-b770-4202-bd84-b031a93f97b8" CLIENT-IP="172.184.214.211:21538" X-SITE-DEPLOYMENT-ID="credit-risk-analysis-prod-app-25h2ya" WAS-DEFAULT-HOSTNAME="credit-risk-analysis-prod-app-25h2ya.scm.azurewebsites.net" X-Forwarded-Proto="https" X-AppService-Proto="https" X-Forwarded-TlsVersion="1.3" X-WAWS-Unencoded-URL="/api/deployments/latest?deployer=GITHUB_ZIP_DEPLOY&amp;time=2025-09-24_12-24-06Z" X-Client-IP="172.184.214.211" X-Client-Port="21538" >
  <step title="Cleanup Xml Logs" date="2025-09-24T12:24:25.435" >
    <step title="Cleanup Infos" date="2025-09-24T12:24:25.451" totalFiles="456" totalCleanup="296" /><!-- duration: 8ms -->
  </step><!-- duration: 27ms -->
  <step title="DeploymentService.GetResult" date="2025-09-24T12:24:25.467" >
    <step title="DeploymentService.GetLatestDeployment" date="2025-09-24T12:24:25.469" >
      <step title="DeploymentManager.GetResults" date="2025-09-24T12:24:25.474" /><!-- duration: 623ms -->
    </step><!-- duration: 635ms -->
  </step><!-- duration: 641ms -->
  <step title="Outgoing response" date="2025-09-24T12:24:26.110" type="response" statusCode="202" statusText="Accepted" /><!-- duration: 7ms -->
</step><!-- duration: 687ms -->
