<step title="BackgroundTrace" date="2025-09-22T10:34:15.379" instance="df2788" url="/api/zipdeploy" method="POST" >
  <step title="Creating temporary deployment - FetchDeploymentManager" date="2025-09-22T10:34:15.411" /><!-- duration: 1ms -->
  <step title="Creating temporary deployment" date="2025-09-22T10:34:15.414" /><!-- duration: 35ms -->
  <step title="Performing fetch based deployment" date="2025-09-22T10:34:15.463" >
    <step title="Cleaning up temp folders from previous zip deployments and extracting pushed zip file /tmp/zipdeploy/28862bc1-2d0d-490c-85b9-d80b49234d82.zip (0.75 MB) to /tmp/zipdeploy/extracted" date="2025-09-22T10:34:16.568" >
      <step title="ChmodRecursive Process exited with total time taken in ms: 20" date="2025-09-22T10:34:16.666" /><!-- duration: 2ms -->
    </step><!-- duration: 102ms -->
    <step title="Deployment timer started" date="2025-09-22T10:34:18.673" >
      <step title="DeploymentManager.Deploy(id:2b372cef-7f94-47b8-8a63-c9de8df7b202)" date="2025-09-22T10:34:18.677" >
        <step title="Collecting changeset information" date="2025-09-22T10:34:18.684" /><!-- duration: 56ms -->
        <step title="Updating submodules" date="2025-09-22T10:34:18.742" /><!-- duration: 1081ms -->
        <step title="Determining deployment builder" date="2025-09-22T10:34:19.980" >
          <step title="Builder is OryxBuilder" date="2025-09-22T10:34:19.984" /><!-- duration: 1ms -->
        </step><!-- duration: 7ms -->
        <step title="PreDeployment: context.CleanOutputPath False" date="2025-09-22T10:34:20.021" >
          <step title="PreDeployment: context.OutputPath /home/site/wwwroot" date="2025-09-22T10:34:20.110" >
            <step title="Building" date="2025-09-22T10:34:20.224" >
              <step title="Executing external process" date="2025-09-22T10:34:20.439" type="process" path="bash" arguments="-c &quot;oryx build /tmp/zipdeploy/extracted -o /home/site/wwwroot --platform python --platform-version 3.11 -p virtualenv_name=antenv --log-file /tmp/build-debug.log  -i /tmp/8ddf9c396c4aeb9 --compress-destination-dir | tee /tmp/oryx-build.log ; exit $PIPESTATUS &quot;" /><!-- duration: 15380ms -->
              <step title="Using PythonDeploymentLogParser" date="2025-09-22T10:34:36.090" /><!-- duration: 6ms -->
              <step title="Triggering recycle (preview mode disabled)." date="2025-09-22T10:34:37.070" /><!-- duration: 6ms -->
              <step title="Modified file to trigger a restart of the app container." date="2025-09-22T10:34:37.094" /><!-- duration: 2ms -->
              <step title="Skip function trigger and logicapp sync because function is not enabled." date="2025-09-22T10:34:37.098" /><!-- duration: 3ms -->
            </step><!-- duration: 17655ms -->
          </step><!-- duration: 17770ms -->
          <step title="Cleaning up temp files" date="2025-09-22T10:34:37.882" /><!-- duration: 1602ms -->
          <step title="Cleaning up temp files" date="2025-09-22T10:34:39.497" /><!-- duration: 503ms -->
          <step title="Reloading status file with latest updates" date="2025-09-22T10:34:40.033" >
            <step title="WebHooksManager.PublishEventAsync: PostDeployment" date="2025-09-22T10:34:40.036" /><!-- duration: 15ms -->
          </step><!-- duration: 19ms -->
          <step title="Cleaning up temporary deployment - fetch deployment was successful" date="2025-09-22T10:34:40.056" /><!-- duration: 2ms -->
        </step><!-- duration: 20066ms -->
      </step><!-- duration: 21416ms -->
