<step title="BackgroundTrace" date="2025-09-23T12:42:25.046" instance="df2788" url="/api/zipdeploy" method="POST" >
  <step title="Creating temporary deployment - FetchDeploymentManager" date="2025-09-23T12:42:25.081" /><!-- duration: 1ms -->
  <step title="Creating temporary deployment" date="2025-09-23T12:42:25.085" /><!-- duration: 24ms -->
  <step title="Performing fetch based deployment" date="2025-09-23T12:42:25.118" >
    <step title="Cleaning up temp folders from previous zip deployments and extracting pushed zip file /tmp/zipdeploy/914f3ad1-e40a-4a12-9d3d-f87db220b4af.zip (1.28 MB) to /tmp/zipdeploy/extracted" date="2025-09-23T12:42:26.227" >
      <step title="ChmodRecursive Process exited with total time taken in ms: 17" date="2025-09-23T12:42:26.327" /><!-- duration: 2ms -->
    </step><!-- duration: 103ms -->
    <step title="Deployment timer started" date="2025-09-23T12:42:28.333" >
      <step title="DeploymentManager.Deploy(id:fbd5a49b-8378-446d-8cd1-12f273bfa583)" date="2025-09-23T12:42:28.336" >
        <step title="Collecting changeset information" date="2025-09-23T12:42:28.340" /><!-- duration: 51ms -->
        <step title="Updating submodules" date="2025-09-23T12:42:28.394" /><!-- duration: 1081ms -->
        <step title="Determining deployment builder" date="2025-09-23T12:42:29.600" >
          <step title="Builder is OryxBuilder" date="2025-09-23T12:42:29.603" /><!-- duration: 1ms -->
        </step><!-- duration: 7ms -->
        <step title="PreDeployment: context.CleanOutputPath False" date="2025-09-23T12:42:29.641" >
          <step title="PreDeployment: context.OutputPath /home/site/wwwroot" date="2025-09-23T12:42:29.720" >
            <step title="Building" date="2025-09-23T12:42:29.801" >
              <step title="Executing external process" date="2025-09-23T12:42:29.973" type="process" path="bash" arguments="-c &quot;oryx build /tmp/zipdeploy/extracted -o /home/site/wwwroot --platform python --platform-version 3.11 -p virtualenv_name=antenv --log-file /tmp/build-debug.log  -i /tmp/8ddfa9ea88d599d --compress-destination-dir | tee /tmp/oryx-build.log ; exit $PIPESTATUS &quot;" /><!-- duration: 15580ms -->
              <step title="Using PythonDeploymentLogParser" date="2025-09-23T12:42:45.801" /><!-- duration: 1ms -->
              <step title="Triggering recycle (preview mode disabled)." date="2025-09-23T12:42:46.617" /><!-- duration: 3ms -->
              <step title="Modified file to trigger a restart of the app container." date="2025-09-23T12:42:46.632" /><!-- duration: 2ms -->
              <step title="Skip function trigger and logicapp sync because function is not enabled." date="2025-09-23T12:42:46.636" /><!-- duration: 11ms -->
              <step title="Purge deployment items" date="2025-09-23T12:42:47.441" >
                <step title="Remove 2b372cef-, Success, received at 09/22/2025 10:34:18" date="2025-09-23T12:42:47.475" /><!-- duration: 1ms -->
              </step><!-- duration: 37ms -->
            </step><!-- duration: 17740ms -->
          </step><!-- duration: 17824ms -->
          <step title="Cleaning up temp files" date="2025-09-23T12:42:47.544" /><!-- duration: 1589ms -->
          <step title="Cleaning up temp files" date="2025-09-23T12:42:49.136" /><!-- duration: 502ms -->
          <step title="Reloading status file with latest updates" date="2025-09-23T12:42:49.653" >
            <step title="WebHooksManager.PublishEventAsync: PostDeployment" date="2025-09-23T12:42:49.667" /><!-- duration: 12ms -->
          </step><!-- duration: 28ms -->
          <step title="Cleaning up temporary deployment - fetch deployment was successful" date="2025-09-23T12:42:49.682" /><!-- duration: 1ms -->
        </step><!-- duration: 20076ms -->
      </step><!-- duration: 21389ms -->
