<step title="BackgroundTrace" date="2025-09-23T12:43:20.236" instance="df2788" url="/api/zipdeploy" method="POST" >
  <step title="Creating temporary deployment - FetchDeploymentManager" date="2025-09-23T12:43:20.263" /><!-- duration: 1ms -->
  <step title="Creating temporary deployment" date="2025-09-23T12:43:20.266" /><!-- duration: 27ms -->
  <step title="Performing fetch based deployment" date="2025-09-23T12:43:20.302" >
    <step title="Cleaning up temp folders from previous zip deployments and extracting pushed zip file /tmp/zipdeploy/128d8a46-f418-4ed9-805b-2c4315322665.zip (1.31 MB) to /tmp/zipdeploy/extracted" date="2025-09-23T12:43:21.410" >
      <step title="ChmodRecursive Process exited with total time taken in ms: 18" date="2025-09-23T12:43:21.515" /><!-- duration: 2ms -->
    </step><!-- duration: 109ms -->
    <step title="Deployment timer started" date="2025-09-23T12:43:23.521" >
      <step title="DeploymentManager.Deploy(id:24af953f-7573-404e-a173-6547a55415bc)" date="2025-09-23T12:43:23.524" >
        <step title="Collecting changeset information" date="2025-09-23T12:43:23.528" /><!-- duration: 51ms -->
        <step title="Updating submodules" date="2025-09-23T12:43:23.582" /><!-- duration: 1070ms -->
        <step title="Determining deployment builder" date="2025-09-23T12:43:24.797" >
          <step title="Builder is OryxBuilder" date="2025-09-23T12:43:24.801" /><!-- duration: 1ms -->
        </step><!-- duration: 7ms -->
        <step title="PreDeployment: context.CleanOutputPath False" date="2025-09-23T12:43:24.836" >
          <step title="PreDeployment: context.OutputPath /home/site/wwwroot" date="2025-09-23T12:43:24.915" >
            <step title="Building" date="2025-09-23T12:43:25.009" >
              <step title="Executing external process" date="2025-09-23T12:43:25.196" type="process" path="bash" arguments="-c &quot;oryx build /tmp/zipdeploy/extracted -o /home/site/wwwroot --platform python --platform-version 3.11 -p virtualenv_name=antenv --log-file /tmp/build-debug.log  -i /tmp/8ddfa9ec973b671 --compress-destination-dir | tee /tmp/oryx-build.log ; exit $PIPESTATUS &quot;" /><!-- duration: 14856ms -->
              <step title="Using PythonDeploymentLogParser" date="2025-09-23T12:43:40.303" /><!-- duration: 1ms -->
              <step title="Triggering recycle (preview mode disabled)." date="2025-09-23T12:43:41.065" /><!-- duration: 3ms -->
              <step title="Modified file to trigger a restart of the app container." date="2025-09-23T12:43:41.080" /><!-- duration: 1ms -->
              <step title="Skip function trigger and logicapp sync because function is not enabled." date="2025-09-23T12:43:41.083" /><!-- duration: 1ms -->
              <step title="Purge deployment items" date="2025-09-23T12:43:41.885" >
                <step title="Remove 0227cf5a-, Success, received at 09/23/2025 09:21:00" date="2025-09-23T12:43:41.922" /><!-- duration: 1ms -->
              </step><!-- duration: 39ms -->
            </step><!-- duration: 16964ms -->
          </step><!-- duration: 17060ms -->
          <step title="Cleaning up temp files" date="2025-09-23T12:43:41.976" /><!-- duration: 1586ms -->
          <step title="Cleaning up temp files" date="2025-09-23T12:43:43.564" /><!-- duration: 502ms -->
          <step title="Reloading status file with latest updates" date="2025-09-23T12:43:44.099" >
            <step title="WebHooksManager.PublishEventAsync: PostDeployment" date="2025-09-23T12:43:44.100" /><!-- duration: 12ms -->
          </step><!-- duration: 15ms -->
          <step title="Cleaning up temporary deployment - fetch deployment was successful" date="2025-09-23T12:43:44.116" /><!-- duration: 1ms -->
        </step><!-- duration: 19308ms -->
      </step><!-- duration: 20626ms -->
