<step title="Incoming Request" date="2025-09-27T08:11:48.080" instance="28045c" url="/api/publish?type=zip" method="POST" type="request" pid="768,1,3" Accept="*/*" Host="credit-risk-clean-app.scm.azurewebsites.net" User-Agent="AZURECLI/2.76.0 (HOMEBREW)" Accept-Encoding="gzip, deflate" Authorization="Bea..." Cache-Control="no-cache" Content-Type="application/octet-stream" Cookie="ARRAffinity=28045c6adfea86f6e6a4fb889ed02f7953575b88ca284551fd91068eab142a0c; ARRAffinitySameSite=28045c6adfea86f6e6a4fb889ed02f7953575b88ca284551fd91068eab142a0c" Content-Length="471396" x-ms-client-request-id="99e2e974-9b79-11f0-8907-02213740a574" x-ms-artifact-checksum="8c1f0630995ecd9fde04b0f343b33b025eec6605838bd38cf05ae862158fbaa0" X-ARR-LOG-ID="99e2e974-9b79-11f0-8907-02213740a574" CLIENT-IP="82.7.68.78:63400" X-SITE-DEPLOYMENT-ID="credit-risk-clean-app" WAS-DEFAULT-HOSTNAME="credit-risk-clean-app.scm.azurewebsites.net" X-Forwarded-Proto="https" X-AppService-Proto="https" X-Forwarded-TlsVersion="1.3" X-WAWS-Unencoded-URL="/api/publish?type=zip" X-Client-IP="82.7.68.78" X-Client-Port="63400" >
  <step title="OneDeploy" date="2025-09-27T08:11:48.085" >
    <step title="Starting PushDeployAsync" date="2025-09-27T08:11:48.090" /><!-- duration: 32ms -->
    <step title="Writing artifact to /tmp/zipdeploy/3920775d-b04e-4b3f-9bad-4f6e38ed0060.zip" date="2025-09-27T08:11:48.125" >
      <step title="Writing multipart request body to /tmp/zipdeploy/3920775d-b04e-4b3f-9bad-4f6e38ed0060.zip" date="2025-09-27T08:11:48.129" /><!-- duration: 2ms -->
    </step><!-- duration: 39ms -->
    <step title="Removing previous build artifact&apos;s manifest file" date="2025-09-27T08:11:48.169" >
      <step title="Attempting to fetch target branch HEAD" date="2025-09-27T08:11:48.174" /><!-- duration: 6ms -->
      <step title="Acquiring Deployment Lock" date="2025-09-27T08:11:48.182" /><!-- duration: 2ms -->
      <step title="Acquired Deployment Lock" date="2025-09-27T08:11:48.217" /><!-- duration: 2ms -->
      <step title="Performing fetch based deployment" date="2025-09-27T08:11:48.223" >
        <step title="Creating temporary deployment" date="2025-09-27T08:11:48.224" /><!-- duration: 34ms -->
        <step title="Releasing Deployment Lock" date="2025-09-27T08:11:49.377" /><!-- duration: 2ms -->
        <step title="Cleaning up temp folders from previous zip deployments and extracting pushed zip file /tmp/zipdeploy/3920775d-b04e-4b3f-9bad-4f6e38ed0060.zip (0.45 MB) to /tmp/zipdeploy/extracted" date="2025-09-27T08:11:49.390" >
          <step title="ChmodRecursive Process exited with total time taken in ms: 14" date="2025-09-27T08:11:49.479" /><!-- duration: 3ms -->
        </step><!-- duration: 95ms -->
        <step title="None repository commit" date="2025-09-27T08:11:49.486" >
          <step title="Commit id: 8909efcc-1d7b-4a8c-975e-e9eaec723762" date="2025-09-27T08:11:49.490" Message="OneDeploy" AuthorName="N/A" AuthorEmail="N/A" /><!-- duration: 3ms -->
        </step><!-- duration: 33ms -->
        <step title="Deployment timer started" date="2025-09-27T08:11:51.524" >
          <step title="DeploymentManager.Deploy(id:8909efcc-1d7b-4a8c-975e-e9eaec723762)" date="2025-09-27T08:11:51.527" >
            <step title="Collecting changeset information" date="2025-09-27T08:11:51.534" /><!-- duration: 67ms -->
            <step title="Updating submodules" date="2025-09-27T08:11:51.604" /><!-- duration: 1088ms -->
            <step title="Determining deployment builder" date="2025-09-27T08:11:52.853" >
              <step title="Builder is OryxBuilder" date="2025-09-27T08:11:52.858" /><!-- duration: 6ms -->
            </step><!-- duration: 12ms -->
            <step title="PreDeployment: context.CleanOutputPath False" date="2025-09-27T08:11:52.906" >
              <step title="PreDeployment: context.OutputPath /home/site/wwwroot" date="2025-09-27T08:11:52.994" >
                <step title="Building" date="2025-09-27T08:11:53.102" >
                  <step title="Executing external process" date="2025-09-27T08:11:53.344" type="process" path="bash" arguments="-c &quot;oryx build /tmp/zipdeploy/extracted -o /home/site/wwwroot --platform python --platform-version 3.11 -p virtualenv_name=antenv --log-file /tmp/build-debug.log  -i /tmp/8ddfd9d845b337a --compress-destination-dir | tee /tmp/oryx-build.log ; exit $PIPESTATUS &quot;" >
                    <step title="Cpu: python(1384,59.010s)+ts(1385,0.110s)+build.sh(1383,0.000s)+build.sh(1381,0.000s)+build.sh(1300,0.020s)+oryx(1282,3.870s)+tee(1283,0.000s)+bash(1281,0.000s)=total(63.010s)" date="2025-09-27T08:13:09.393" /><!-- duration: 13ms -->
                    <step title="bash: no io activity for 61s, prev-cpu=-1.000s, current-cpu=63.010s" date="2025-09-27T08:13:09.409" /><!-- duration: 26ms -->
                    <step title="Cpu: gzip(1438,43.750s)+sh(1437,0.020s)+tar(1436,0.930s)+build.sh(1300,0.040s)+oryx(1282,4.100s)+tee(1283,0.000s)+bash(1281,0.000s)=total(48.840s)" date="2025-09-27T08:14:48.492" /><!-- duration: 4ms -->
                    <step title="bash: no io activity for 61s, prev-cpu=-1.000s, current-cpu=48.840s" date="2025-09-27T08:14:48.503" /><!-- duration: 12ms -->
                  </step><!-- duration: 187915ms -->
                  <step title="Using PythonDeploymentLogParser" date="2025-09-27T08:15:01.533" /><!-- duration: 2ms -->
                  <step title="Modified file to trigger a restart of the app container." date="2025-09-27T08:15:02.541" /><!-- duration: 3ms -->
                  <step title="Skip function trigger and logicapp sync because function is not enabled." date="2025-09-27T08:15:02.546" /><!-- duration: 2ms -->
                </step><!-- duration: 190407ms -->
              </step><!-- duration: 190518ms -->
              <step title="Cleaning up temp files" date="2025-09-27T08:15:03.513" /><!-- duration: 3259ms -->
              <step title="Cleaning up temp files" date="2025-09-27T08:15:06.776" /><!-- duration: 511ms -->
              <step title="Reloading status file with latest updates" date="2025-09-27T08:15:07.318" >
                <step title="WebHooksManager.PublishEventAsync: PostDeployment" date="2025-09-27T08:15:07.334" /><!-- duration: 37ms -->
              </step><!-- duration: 66ms -->
              <step title="Cleaning up temporary deployment - fetch deployment was successful" date="2025-09-27T08:15:07.397" /><!-- duration: 2ms -->
            </step><!-- duration: 194560ms -->
          </step><!-- duration: 195947ms -->
          <step title="Outgoing response" date="2025-09-27T08:15:07.483" type="response" statusCode="200" statusText="OK" /><!-- duration: 9ms -->
        </step><!-- duration: 195976ms -->
