<step title="Incoming Request" date="2025-09-23T12:43:19.487" instance="df2788" url="/api/zipdeploy?isAsync=true&amp;deployer=GITHUB_ZIP_DEPLOY&amp;message=%7B%22type%22%3A%22deployment%22%2C%22sha%22%3A%22bbdf01d219e4bf2ad14f4e03cdf2cf69b75639ec%22%2C%22repoName%22%3A%22KaunteyShah%2Fcredit-risk-analysis-tool%22%2C%22actor%22%3A%22KaunteyShah%22%2C%22slotName%22%3A%22production%22%2C%22commitMessage%22%3A%22Simplify%20Azure%20deployment%20tests%20to%20avoid%20Databricks%20dependencies%5Cn%5Cn-%20Remove%20imports%20that%20require%20databricks-sdk%20(not%20in%20Azure%20requirements)%5Cn-%20Test%20only%20essential%20dependencies%3A%20Flask%2C%20pandas%2C%20numpy%2C%20Azure%20libs%5Cn-%20Skip%20application-specific%20imports%20during%20CI%2FCD%5Cn-%20Focus%20on%20verifying%20core%20dependencies%20are%20installable%22%7D" method="POST" type="request" pid="768,1,39" Host="credit-risk-analysis-prod-app-25h2ya.scm.azurewebsites.net" User-Agent="GITHUBACTIONS_DeployWebAppToAzure_4a5a1b673f02fbd359f5f791fff0e4d3e82e3a2733128fe8bf04c072d54f4342" Authorization="Bas..." Content-Type="application/octet-stream" Cookie="ARRAffinity=df2788fb3e5f96d53e88638b51f78b399174bc066b03447dde3bac5ebbfa91f6;Path=/;HttpOnly;Secure;Domain=credit-risk-analysis-prod-app-25h2ya.scm.azurewebsites.net; ARRAffinitySameSite=df2788fb3e5f96d53e88638b51f78b399174bc066b03447dde3bac5ebbfa91f6;Path=/;HttpOnly;SameSite=None;Secure;Domain=credit-risk-analysis-prod-app-25h2ya.scm.azurewebsites.net" Transfer-Encoding="chunked" X-ARR-LOG-ID="5c5a62f5-aa82-4fe7-a099-f6f2c46f8477" CLIENT-IP="52.159.243.24:56320" X-SITE-DEPLOYMENT-ID="credit-risk-analysis-prod-app-25h2ya" WAS-DEFAULT-HOSTNAME="credit-risk-analysis-prod-app-25h2ya.scm.azurewebsites.net" X-Forwarded-Proto="https" X-AppService-Proto="https" X-Forwarded-TlsVersion="1.3" X-WAWS-Unencoded-URL="/api/zipdeploy?isAsync=true&amp;deployer=GITHUB_ZIP_DEPLOY&amp;message=%7B%22type%22%3A%22deployment%22%2C%22sha%22%3A%22bbdf01d219e4bf2ad14f4e03cdf2cf69b75639ec%22%2C%22repoName%22%3A%22KaunteyShah%2Fcredit-risk-analysis-tool%22%2C%22actor%22%3A%22KaunteyShah%22%2C%22slotName%22%3A%22production%22%2C%22commitMessage%22%3A%22Simplify%20Azure%20deployment%20tests%20to%20avoid%20Databricks%20dependencies%5Cn%5Cn-%20Remove%20imports%20that%20require%20databricks-sdk%20(not%20in%20Azure%20requirements)%5Cn-%20Test%20only%20essential%20dependencies%3A%20Flask%2C%20pandas%2C%20numpy%2C%20Azure%20libs%5Cn-%20Skip%20application-specific%20imports%20during%20CI%2FCD%5Cn-%20Focus%20on%20verifying%20core%20dependencies%20are%20installable%22%7D" X-Client-IP="52.159.243.24" X-Client-Port="56320" >
  <step title="ZipPushDeploy" date="2025-09-23T12:43:19.491" >
    <step title="ZipDeploy. Extract zip. Remote build." date="2025-09-23T12:43:19.493" /><!-- duration: 1ms -->
    <step title="Starting PushDeployAsync" date="2025-09-23T12:43:19.496" /><!-- duration: 1ms -->
    <step title="Writing artifact to /tmp/zipdeploy/128d8a46-f418-4ed9-805b-2c4315322665.zip" date="2025-09-23T12:43:19.501" >
      <step title="Writing multipart request body to /tmp/zipdeploy/128d8a46-f418-4ed9-805b-2c4315322665.zip" date="2025-09-23T12:43:19.503" /><!-- duration: 1ms -->
    </step><!-- duration: 724ms -->
    <step title="Removing previous build artifact&apos;s manifest file" date="2025-09-23T12:43:20.229" >
      <step title="Start deployment in the background" date="2025-09-23T12:43:20.234" >
        <step title="Acquiring Deployment Lock" date="2025-09-23T12:43:20.241" /><!-- duration: 5ms -->
        <step title="Acquired Deployment Lock" date="2025-09-23T12:43:20.261" /><!-- duration: 1ms -->
      </step><!-- duration: 61ms -->
    </step><!-- duration: 66ms -->
    <step title="Outgoing response" date="2025-09-23T12:43:20.297" type="response" statusCode="202" statusText="Accepted" /><!-- duration: 1ms -->
  </step><!-- duration: 809ms -->
