<step title="Incoming Request" date="2025-09-24T12:23:17.299" instance="df2788" url="/api/deployments/latest?deployer=GITHUB_ZIP_DEPLOY&amp;time=2025-09-24_12-22-52Z" method="GET" type="request" pid="768,1,74" Host="credit-risk-analysis-prod-app-25h2ya.scm.azurewebsites.net" User-Agent="GITHUBACTIONS_DeployWebAppToAzure_4a5a1b673f02fbd359f5f791fff0e4d3e82e3a2733128fe8bf04c072d54f4342" Authorization="Bas..." Content-Type="application/json; charset=utf-8" Cookie="ARRAffinity=df2788fb3e5f96d53e88638b51f78b399174bc066b03447dde3bac5ebbfa91f6;Path=/;HttpOnly;Secure;Domain=credit-risk-analysis-prod-app-25h2ya.scm.azurewebsites.net; ARRAffinitySameSite=df2788fb3e5f96d53e88638b51f78b399174bc066b03447dde3bac5ebbfa91f6;Path=/;HttpOnly;SameSite=None;Secure;Domain=credit-risk-analysis-prod-app-25h2ya.scm.azurewebsites.net" Content-Length="0" X-ARR-LOG-ID="96a82269-4fd5-42f2-8a22-e788551e6f53" CLIENT-IP="135.232.201.39:47104" X-SITE-DEPLOYMENT-ID="credit-risk-analysis-prod-app-25h2ya" WAS-DEFAULT-HOSTNAME="credit-risk-analysis-prod-app-25h2ya.scm.azurewebsites.net" X-Forwarded-Proto="https" X-AppService-Proto="https" X-Forwarded-TlsVersion="1.3" X-WAWS-Unencoded-URL="/api/deployments/latest?deployer=GITHUB_ZIP_DEPLOY&amp;time=2025-09-24_12-22-52Z" X-Client-IP="135.232.201.39" X-Client-Port="47104" >
  <step title="Cleanup Xml Logs" date="2025-09-24T12:23:17.301" >
    <step title="Cleanup Infos" date="2025-09-24T12:23:17.308" totalFiles="449" totalCleanup="289" /><!-- duration: 23ms -->
  </step><!-- duration: 31ms -->
  <step title="DeploymentService.GetResult" date="2025-09-24T12:23:17.335" >
    <step title="DeploymentService.GetLatestDeployment" date="2025-09-24T12:23:17.336" >
      <step title="DeploymentManager.GetResults" date="2025-09-24T12:23:17.338" /><!-- duration: 504ms -->
    </step><!-- duration: 508ms -->
  </step><!-- duration: 511ms -->
  <step title="Outgoing response" date="2025-09-24T12:23:17.847" type="response" statusCode="202" statusText="Accepted" /><!-- duration: 2ms -->
</step><!-- duration: 551ms -->
