<step title="BackgroundTrace" date="2025-09-23T19:35:17.464" instance="df2788" url="/api/zipdeploy" method="POST" >
  <step title="Creating temporary deployment - FetchDeploymentManager" date="2025-09-23T19:35:17.514" /><!-- duration: 1ms -->
  <step title="Creating temporary deployment" date="2025-09-23T19:35:17.516" /><!-- duration: 36ms -->
  <step title="Performing fetch based deployment" date="2025-09-23T19:35:17.569" >
    <step title="Cleaning up temp folders from previous zip deployments and extracting pushed zip file /tmp/zipdeploy/c0d50be8-15dd-49c3-81bd-c07eb0e22e8e.zip (0.90 MB) to /tmp/zipdeploy/extracted" date="2025-09-23T19:35:18.687" >
      <step title="ChmodRecursive Process exited with total time taken in ms: 31" date="2025-09-23T19:35:18.824" /><!-- duration: 2ms -->
    </step><!-- duration: 141ms -->
    <step title="Deployment timer started" date="2025-09-23T19:35:20.830" >
      <step title="DeploymentManager.Deploy(id:9c84363b-64e6-4224-8eac-94e1dc2f1b54)" date="2025-09-23T19:35:21.142" >
        <step title="Collecting changeset information" date="2025-09-23T19:35:21.151" /><!-- duration: 74ms -->
        <step title="Updating submodules" date="2025-09-23T19:35:21.229" /><!-- duration: 1106ms -->
        <step title="Determining deployment builder" date="2025-09-23T19:35:22.483" >
          <step title="Builder is OryxBuilder" date="2025-09-23T19:35:22.492" /><!-- duration: 5ms -->
        </step><!-- duration: 16ms -->
        <step title="PreDeployment: context.CleanOutputPath False" date="2025-09-23T19:35:23.251" >
          <step title="PreDeployment: context.OutputPath /home/site/wwwroot" date="2025-09-23T19:35:23.327" >
            <step title="Building" date="2025-09-23T19:35:23.425" >
              <step title="Executing external process" date="2025-09-23T19:35:23.632" type="process" path="bash" arguments="-c &quot;oryx build /tmp/zipdeploy/extracted -o /home/site/wwwroot --platform python --platform-version 3.11 -p virtualenv_name=antenv --log-file /tmp/build-debug.log  -i /tmp/8ddfad856594db9 --compress-destination-dir | tee /tmp/oryx-build.log ; exit $PIPESTATUS &quot;" /><!-- duration: 24159ms -->
              <step title="Using PythonDeploymentLogParser" date="2025-09-23T19:35:48.131" /><!-- duration: 2ms -->
              <step title="Triggering recycle (preview mode disabled)." date="2025-09-23T19:35:49.046" /><!-- duration: 6ms -->
              <step title="Modified file to trigger a restart of the app container." date="2025-09-23T19:35:49.068" /><!-- duration: 3ms -->
              <step title="Skip function trigger and logicapp sync because function is not enabled." date="2025-09-23T19:35:49.073" /><!-- duration: 3ms -->
              <step title="Purge deployment items" date="2025-09-23T19:35:49.905" >
                <step title="Remove ac7261b0-, Success, received at 09/23/2025 12:39:56" date="2025-09-23T19:35:49.942" /><!-- duration: 2ms -->
              </step><!-- duration: 40ms -->
            </step><!-- duration: 26574ms -->
          </step><!-- duration: 26673ms -->
          <step title="Cleaning up temp files" date="2025-09-23T19:35:50.002" /><!-- duration: 1643ms -->
          <step title="Cleaning up temp files" date="2025-09-23T19:35:51.648" /><!-- duration: 505ms -->
          <step title="Reloading status file with latest updates" date="2025-09-23T19:35:52.168" >
            <step title="WebHooksManager.PublishEventAsync: PostDeployment" date="2025-09-23T19:35:52.170" /><!-- duration: 18ms -->
          </step><!-- duration: 22ms -->
          <step title="Cleaning up temporary deployment - fetch deployment was successful" date="2025-09-23T19:35:52.192" /><!-- duration: 1ms -->
        </step><!-- duration: 28983ms -->
      </step><!-- duration: 31098ms -->
