<step title="Incoming Request" date="2025-09-23T12:42:37.452" instance="df2788" url="/api/deployments/latest?deployer=GITHUB_ZIP_DEPLOY&amp;time=2025-09-23_12-42-25Z" method="GET" type="request" pid="768,1,38" Host="credit-risk-analysis-prod-app-25h2ya.scm.azurewebsites.net" User-Agent="GITHUBACTIONS_DeployWebAppToAzure_4a5a1b673f02fbd359f5f791fff0e4d3e82e3a2733128fe8bf04c072d54f4342" Authorization="Bas..." Content-Type="application/json; charset=utf-8" Cookie="ARRAffinity=df2788fb3e5f96d53e88638b51f78b399174bc066b03447dde3bac5ebbfa91f6;Path=/;HttpOnly;Secure;Domain=credit-risk-analysis-prod-app-25h2ya.scm.azurewebsites.net; ARRAffinitySameSite=df2788fb3e5f96d53e88638b51f78b399174bc066b03447dde3bac5ebbfa91f6;Path=/;HttpOnly;SameSite=None;Secure;Domain=credit-risk-analysis-prod-app-25h2ya.scm.azurewebsites.net" Content-Length="0" X-ARR-LOG-ID="e83d1077-9026-494c-a3b3-71c287e1f7b4" CLIENT-IP="128.24.160.228:19488" X-SITE-DEPLOYMENT-ID="credit-risk-analysis-prod-app-25h2ya" WAS-DEFAULT-HOSTNAME="credit-risk-analysis-prod-app-25h2ya.scm.azurewebsites.net" X-Forwarded-Proto="https" X-AppService-Proto="https" X-Forwarded-TlsVersion="1.3" X-WAWS-Unencoded-URL="/api/deployments/latest?deployer=GITHUB_ZIP_DEPLOY&amp;time=2025-09-23_12-42-25Z" X-Client-IP="128.24.160.228" X-Client-Port="19488" >
  <step title="Cleanup Xml Logs" date="2025-09-23T12:42:37.454" >
    <step title="Cleanup Infos" date="2025-09-23T12:42:37.461" totalFiles="352" totalCleanup="192" /><!-- duration: 2ms -->
  </step><!-- duration: 11ms -->
  <step title="DeploymentService.GetResult" date="2025-09-23T12:42:37.468" >
    <step title="DeploymentService.GetLatestDeployment" date="2025-09-23T12:42:37.497" >
      <step title="DeploymentManager.GetResults" date="2025-09-23T12:42:37.499" /><!-- duration: 465ms -->
    </step><!-- duration: 469ms -->
  </step><!-- duration: 535ms -->
  <step title="Outgoing response" date="2025-09-23T12:42:38.013" type="response" statusCode="202" statusText="Accepted" /><!-- duration: 12ms -->
</step><!-- duration: 585ms -->
