<step title="Incoming Request" date="2025-09-23T19:34:30.476" instance="df2788" url="/api/deployments/latest?deployer=GITHUB_ZIP_DEPLOY&amp;time=2025-09-23_19-34-18Z" method="GET" type="request" pid="768,1,63" Host="credit-risk-analysis-prod-app-25h2ya.scm.azurewebsites.net" User-Agent="GITHUBACTIONS_DeployWebAppToAzure_4a5a1b673f02fbd359f5f791fff0e4d3e82e3a2733128fe8bf04c072d54f4342" Authorization="Bas..." Content-Type="application/json; charset=utf-8" Cookie="ARRAffinity=df2788fb3e5f96d53e88638b51f78b399174bc066b03447dde3bac5ebbfa91f6;Path=/;HttpOnly;Secure;Domain=credit-risk-analysis-prod-app-25h2ya.scm.azurewebsites.net; ARRAffinitySameSite=df2788fb3e5f96d53e88638b51f78b399174bc066b03447dde3bac5ebbfa91f6;Path=/;HttpOnly;SameSite=None;Secure;Domain=credit-risk-analysis-prod-app-25h2ya.scm.azurewebsites.net" Content-Length="0" X-ARR-LOG-ID="e86d1281-8524-45ae-ac5e-5eed1d1709b3" CLIENT-IP="4.236.173.17:55304" X-SITE-DEPLOYMENT-ID="credit-risk-analysis-prod-app-25h2ya" WAS-DEFAULT-HOSTNAME="credit-risk-analysis-prod-app-25h2ya.scm.azurewebsites.net" X-Forwarded-Proto="https" X-AppService-Proto="https" X-Forwarded-TlsVersion="1.3" X-WAWS-Unencoded-URL="/api/deployments/latest?deployer=GITHUB_ZIP_DEPLOY&amp;time=2025-09-23_19-34-18Z" X-Client-IP="4.236.173.17" X-Client-Port="55304" >
  <step title="Cleanup Xml Logs" date="2025-09-23T19:34:30.482" >
    <step title="Cleanup Infos" date="2025-09-23T19:34:30.512" totalFiles="427" totalCleanup="267" /><!-- duration: 9ms -->
  </step><!-- duration: 45ms -->
  <step title="DeploymentService.GetResult" date="2025-09-23T19:34:30.532" >
    <step title="DeploymentService.GetLatestDeployment" date="2025-09-23T19:34:30.535" >
      <step title="DeploymentManager.GetResults" date="2025-09-23T19:34:30.540" /><!-- duration: 544ms -->
    </step><!-- duration: 550ms -->
  </step><!-- duration: 555ms -->
  <step title="Outgoing response" date="2025-09-23T19:34:31.089" type="response" statusCode="202" statusText="Accepted" /><!-- duration: 2ms -->
</step><!-- duration: 616ms -->
