<step title="Incoming Request" date="2025-09-23T13:18:29.843" instance="df2788" url="/api/deployments/latest?deployer=GITHUB_ZIP_DEPLOY&amp;time=2025-09-23_13-18-04Z" method="GET" type="request" pid="768,1,54" Host="credit-risk-analysis-prod-app-25h2ya.scm.azurewebsites.net" User-Agent="GITHUBACTIONS_DeployWebAppToAzure_4a5a1b673f02fbd359f5f791fff0e4d3e82e3a2733128fe8bf04c072d54f4342" Authorization="Bas..." Content-Type="application/json; charset=utf-8" Cookie="ARRAffinity=df2788fb3e5f96d53e88638b51f78b399174bc066b03447dde3bac5ebbfa91f6;Path=/;HttpOnly;Secure;Domain=credit-risk-analysis-prod-app-25h2ya.scm.azurewebsites.net; ARRAffinitySameSite=df2788fb3e5f96d53e88638b51f78b399174bc066b03447dde3bac5ebbfa91f6;Path=/;HttpOnly;SameSite=None;Secure;Domain=credit-risk-analysis-prod-app-25h2ya.scm.azurewebsites.net" Content-Length="0" X-ARR-LOG-ID="cf34b957-ebb9-46ab-ad1a-9b90bb46392e" CLIENT-IP="172.184.214.232:35840" X-SITE-DEPLOYMENT-ID="credit-risk-analysis-prod-app-25h2ya" WAS-DEFAULT-HOSTNAME="credit-risk-analysis-prod-app-25h2ya.scm.azurewebsites.net" X-Forwarded-Proto="https" X-AppService-Proto="https" X-Forwarded-TlsVersion="1.3" X-WAWS-Unencoded-URL="/api/deployments/latest?deployer=GITHUB_ZIP_DEPLOY&amp;time=2025-09-23_13-18-04Z" X-Client-IP="172.184.214.232" X-Client-Port="35840" >
  <step title="Cleanup Xml Logs" date="2025-09-23T13:18:29.845" >
    <step title="Cleanup Infos" date="2025-09-23T13:18:29.904" totalFiles="381" totalCleanup="221" /><!-- duration: 2ms -->
  </step><!-- duration: 67ms -->
  <step title="DeploymentService.GetResult" date="2025-09-23T13:18:29.923" >
    <step title="DeploymentService.GetLatestDeployment" date="2025-09-23T13:18:29.927" >
      <step title="DeploymentManager.GetResults" date="2025-09-23T13:18:29.932" /><!-- duration: 706ms -->
    </step><!-- duration: 717ms -->
  </step><!-- duration: 724ms -->
  <step title="Outgoing response" date="2025-09-23T13:18:30.651" type="response" statusCode="202" statusText="Accepted" /><!-- duration: 2ms -->
</step><!-- duration: 811ms -->
