<step title="Incoming Request" date="2025-09-23T13:26:04.058" instance="df2788" url="/api/deployments/latest?deployer=GITHUB_ZIP_DEPLOY&amp;time=2025-09-23_13-25-38Z" method="GET" type="request" pid="768,1,47" Host="credit-risk-analysis-prod-app-25h2ya.scm.azurewebsites.net" User-Agent="GITHUBACTIONS_DeployWebAppToAzure_4a5a1b673f02fbd359f5f791fff0e4d3e82e3a2733128fe8bf04c072d54f4342" Authorization="Bas..." Content-Type="application/json; charset=utf-8" Cookie="ARRAffinity=df2788fb3e5f96d53e88638b51f78b399174bc066b03447dde3bac5ebbfa91f6;Path=/;HttpOnly;Secure;Domain=credit-risk-analysis-prod-app-25h2ya.scm.azurewebsites.net; ARRAffinitySameSite=df2788fb3e5f96d53e88638b51f78b399174bc066b03447dde3bac5ebbfa91f6;Path=/;HttpOnly;SameSite=None;Secure;Domain=credit-risk-analysis-prod-app-25h2ya.scm.azurewebsites.net" Content-Length="0" X-ARR-LOG-ID="ca76d951-9a55-40a7-acc0-2ee49a055e66" CLIENT-IP="172.172.157.8:23619" X-SITE-DEPLOYMENT-ID="credit-risk-analysis-prod-app-25h2ya" WAS-DEFAULT-HOSTNAME="credit-risk-analysis-prod-app-25h2ya.scm.azurewebsites.net" X-Forwarded-Proto="https" X-AppService-Proto="https" X-Forwarded-TlsVersion="1.3" X-WAWS-Unencoded-URL="/api/deployments/latest?deployer=GITHUB_ZIP_DEPLOY&amp;time=2025-09-23_13-25-38Z" X-Client-IP="172.172.157.8" X-Client-Port="23619" >
  <step title="Cleanup Xml Logs" date="2025-09-23T13:26:04.060" >
    <step title="Cleanup Infos" date="2025-09-23T13:26:04.101" totalFiles="398" totalCleanup="238" /><!-- duration: 2ms -->
  </step><!-- duration: 48ms -->
  <step title="DeploymentService.GetResult" date="2025-09-23T13:26:04.111" >
    <step title="DeploymentService.GetLatestDeployment" date="2025-09-23T13:26:04.113" >
      <step title="DeploymentManager.GetResults" date="2025-09-23T13:26:04.114" /><!-- duration: 686ms -->
    </step><!-- duration: 692ms -->
  </step><!-- duration: 694ms -->
  <step title="Outgoing response" date="2025-09-23T13:26:04.808" type="response" statusCode="202" statusText="Accepted" /><!-- duration: 3ms -->
</step><!-- duration: 754ms -->
