<step title="Incoming Request" date="2025-09-23T19:34:36.430" instance="df2788" url="/api/deployments/latest?deployer=GITHUB_ZIP_DEPLOY&amp;time=2025-09-23_19-34-18Z" method="GET" type="request" pid="768,1,63" Host="credit-risk-analysis-prod-app-25h2ya.scm.azurewebsites.net" User-Agent="GITHUBACTIONS_DeployWebAppToAzure_4a5a1b673f02fbd359f5f791fff0e4d3e82e3a2733128fe8bf04c072d54f4342" Authorization="Bas..." Content-Type="application/json; charset=utf-8" Cookie="ARRAffinity=df2788fb3e5f96d53e88638b51f78b399174bc066b03447dde3bac5ebbfa91f6;Path=/;HttpOnly;Secure;Domain=credit-risk-analysis-prod-app-25h2ya.scm.azurewebsites.net; ARRAffinitySameSite=df2788fb3e5f96d53e88638b51f78b399174bc066b03447dde3bac5ebbfa91f6;Path=/;HttpOnly;SameSite=None;Secure;Domain=credit-risk-analysis-prod-app-25h2ya.scm.azurewebsites.net" Content-Length="0" X-ARR-LOG-ID="ea531f31-b244-41fa-9b46-d200779b1693" CLIENT-IP="4.236.173.17:55305" X-SITE-DEPLOYMENT-ID="credit-risk-analysis-prod-app-25h2ya" WAS-DEFAULT-HOSTNAME="credit-risk-analysis-prod-app-25h2ya.scm.azurewebsites.net" X-Forwarded-Proto="https" X-AppService-Proto="https" X-Forwarded-TlsVersion="1.3" X-WAWS-Unencoded-URL="/api/deployments/latest?deployer=GITHUB_ZIP_DEPLOY&amp;time=2025-09-23_19-34-18Z" X-Client-IP="4.236.173.17" X-Client-Port="55305" >
  <step title="Cleanup Xml Logs" date="2025-09-23T19:34:36.431" >
    <step title="Cleanup Infos" date="2025-09-23T19:34:36.438" totalFiles="428" totalCleanup="268" /><!-- duration: 2ms -->
  </step><!-- duration: 11ms -->
  <step title="DeploymentService.GetResult" date="2025-09-23T19:34:36.445" >
    <step title="DeploymentService.GetLatestDeployment" date="2025-09-23T19:34:36.455" >
      <step title="DeploymentManager.GetResults" date="2025-09-23T19:34:36.463" /><!-- duration: 403ms -->
    </step><!-- duration: 412ms -->
  </step><!-- duration: 424ms -->
  <step title="Outgoing response" date="2025-09-23T19:34:36.870" type="response" statusCode="202" statusText="Accepted" /><!-- duration: 3ms -->
</step><!-- duration: 449ms -->
