<step title="Incoming Request" date="2025-09-23T13:18:03.500" instance="df2788" url="/api/zipdeploy?isAsync=true&amp;deployer=GITHUB_ZIP_DEPLOY&amp;message=%7B%22type%22%3A%22deployment%22%2C%22sha%22%3A%2269050f053d7c36818ca65ebef57a5125704b1ce1%22%2C%22repoName%22%3A%22KaunteyShah%2Fcredit-risk-analysis-tool%22%2C%22actor%22%3A%22KaunteyShah%22%2C%22slotName%22%3A%22production%22%2C%22commitMessage%22%3A%22Fix%20accuracy%20data%20issue%20-%20ensure%20data%20files%20deployed%20to%20Azure%5Cn%5Cn-%20Add%20data%20file%20verification%20step%20in%20deployment%20pipeline%5Cn-%20Remove%20demo%20mode%20dependency%20for%20accuracy%20calculation%5Cn-%20Ensure%20SIC%20accuracy%20is%20always%20generated%20when%20files%20are%20present%5Cn-%20Include%20data%20directory%20explicitly%20in%20Azure%20deployment%5Cn-%20Fix%20fallback%20logic%20to%20always%20show%20accuracy%20data%22%7D" method="POST" type="request" pid="768,1,29" Host="credit-risk-analysis-prod-app-25h2ya.scm.azurewebsites.net" User-Agent="GITHUBACTIONS_DeployWebAppToAzure_4a5a1b673f02fbd359f5f791fff0e4d3e82e3a2733128fe8bf04c072d54f4342" Authorization="Bas..." Content-Type="application/octet-stream" Cookie="ARRAffinity=df2788fb3e5f96d53e88638b51f78b399174bc066b03447dde3bac5ebbfa91f6;Path=/;HttpOnly;Secure;Domain=credit-risk-analysis-prod-app-25h2ya.scm.azurewebsites.net; ARRAffinitySameSite=df2788fb3e5f96d53e88638b51f78b399174bc066b03447dde3bac5ebbfa91f6;Path=/;HttpOnly;SameSite=None;Secure;Domain=credit-risk-analysis-prod-app-25h2ya.scm.azurewebsites.net" Transfer-Encoding="chunked" X-ARR-LOG-ID="7095cb69-2f47-44fa-a476-1e736ca20556" CLIENT-IP="172.184.214.232:35840" X-SITE-DEPLOYMENT-ID="credit-risk-analysis-prod-app-25h2ya" WAS-DEFAULT-HOSTNAME="credit-risk-analysis-prod-app-25h2ya.scm.azurewebsites.net" X-Forwarded-Proto="https" X-AppService-Proto="https" X-Forwarded-TlsVersion="1.3" X-WAWS-Unencoded-URL="/api/zipdeploy?isAsync=true&amp;deployer=GITHUB_ZIP_DEPLOY&amp;message=%7B%22type%22%3A%22deployment%22%2C%22sha%22%3A%2269050f053d7c36818ca65ebef57a5125704b1ce1%22%2C%22repoName%22%3A%22KaunteyShah%2Fcredit-risk-analysis-tool%22%2C%22actor%22%3A%22KaunteyShah%22%2C%22slotName%22%3A%22production%22%2C%22commitMessage%22%3A%22Fix%20accuracy%20data%20issue%20-%20ensure%20data%20files%20deployed%20to%20Azure%5Cn%5Cn-%20Add%20data%20file%20verification%20step%20in%20deployment%20pipeline%5Cn-%20Remove%20demo%20mode%20dependency%20for%20accuracy%20calculation%5Cn-%20Ensure%20SIC%20accuracy%20is%20always%20generated%20when%20files%20are%20present%5Cn-%20Include%20data%20directory%20explicitly%20in%20Azure%20deployment%5Cn-%20Fix%20fallback%20logic%20to%20always%20show%20accuracy%20data%22%7D" X-Client-IP="172.184.214.232" X-Client-Port="35840" >
  <step title="ZipPushDeploy" date="2025-09-23T13:18:03.504" >
    <step title="ZipDeploy. Extract zip. Remote build." date="2025-09-23T13:18:03.507" /><!-- duration: 2ms -->
    <step title="Starting PushDeployAsync" date="2025-09-23T13:18:03.512" /><!-- duration: 1ms -->
    <step title="Writing artifact to /tmp/zipdeploy/fdc6aa4a-5915-482d-82ce-47c35ed6b1e7.zip" date="2025-09-23T13:18:03.521" >
      <step title="Writing multipart request body to /tmp/zipdeploy/fdc6aa4a-5915-482d-82ce-47c35ed6b1e7.zip" date="2025-09-23T13:18:03.523" /><!-- duration: 1ms -->
    </step><!-- duration: 737ms -->
    <step title="Removing previous build artifact&apos;s manifest file" date="2025-09-23T13:18:04.261" >
      <step title="Start deployment in the background" date="2025-09-23T13:18:04.316" >
        <step title="Acquiring Deployment Lock" date="2025-09-23T13:18:04.328" /><!-- duration: 3ms -->
        <step title="Acquired Deployment Lock" date="2025-09-23T13:18:04.347" /><!-- duration: 1ms -->
      </step><!-- duration: 103ms -->
    </step><!-- duration: 160ms -->
    <step title="Outgoing response" date="2025-09-23T13:18:04.422" type="response" statusCode="202" statusText="Accepted" /><!-- duration: 1ms -->
  </step><!-- duration: 921ms -->
