<step title="Incoming Request" date="2025-09-23T09:22:18.447" instance="df2788" url="/api/deployments/latest?deployer=GITHUB_ZIP_DEPLOY&amp;time=2025-09-23_09-21-54Z" method="GET" type="request" pid="767,1,15" Host="credit-risk-analysis-prod-app-25h2ya.scm.azurewebsites.net" User-Agent="GITHUBACTIONS_DeployWebAppToAzure_4a5a1b673f02fbd359f5f791fff0e4d3e82e3a2733128fe8bf04c072d54f4342" Authorization="Bas..." Content-Type="application/json; charset=utf-8" Cookie="ARRAffinity=df2788fb3e5f96d53e88638b51f78b399174bc066b03447dde3bac5ebbfa91f6;Path=/;HttpOnly;Secure;Domain=credit-risk-analysis-prod-app-25h2ya.scm.azurewebsites.net; ARRAffinitySameSite=df2788fb3e5f96d53e88638b51f78b399174bc066b03447dde3bac5ebbfa91f6;Path=/;HttpOnly;SameSite=None;Secure;Domain=credit-risk-analysis-prod-app-25h2ya.scm.azurewebsites.net" Content-Length="0" X-ARR-LOG-ID="b471a613-e033-4146-ad7d-609b3fbb55cf" CLIENT-IP="20.51.198.217:47176" X-SITE-DEPLOYMENT-ID="credit-risk-analysis-prod-app-25h2ya" WAS-DEFAULT-HOSTNAME="credit-risk-analysis-prod-app-25h2ya.scm.azurewebsites.net" X-Forwarded-Proto="https" X-AppService-Proto="https" X-Forwarded-TlsVersion="1.3" X-WAWS-Unencoded-URL="/api/deployments/latest?deployer=GITHUB_ZIP_DEPLOY&amp;time=2025-09-23_09-21-54Z" X-Client-IP="20.51.198.217" X-Client-Port="47176" >
  <step title="Cleanup Xml Logs" date="2025-09-23T09:22:18.448" >
    <step title="Cleanup Infos" date="2025-09-23T09:22:18.454" totalFiles="217" totalCleanup="57" /><!-- duration: 2ms -->
  </step><!-- duration: 10ms -->
  <step title="DeploymentService.GetResult" date="2025-09-23T09:22:18.462" >
    <step title="DeploymentService.GetLatestDeployment" date="2025-09-23T09:22:18.463" >
      <step title="DeploymentManager.GetResults" date="2025-09-23T09:22:18.465" /><!-- duration: 392ms -->
    </step><!-- duration: 396ms -->
  </step><!-- duration: 400ms -->
  <step title="Outgoing response" date="2025-09-23T09:22:18.863" type="response" statusCode="202" statusText="Accepted" /><!-- duration: 2ms -->
</step><!-- duration: 421ms -->
