<step title="Incoming Request" date="2025-09-24T12:24:19.264" instance="df2788" url="/api/deployments/latest?deployer=GITHUB_ZIP_DEPLOY&amp;time=2025-09-24_12-24-06Z" method="GET" type="request" pid="768,1,74" Host="credit-risk-analysis-prod-app-25h2ya.scm.azurewebsites.net" User-Agent="GITHUBACTIONS_DeployWebAppToAzure_4a5a1b673f02fbd359f5f791fff0e4d3e82e3a2733128fe8bf04c072d54f4342" Authorization="Bas..." Content-Type="application/json; charset=utf-8" Cookie="ARRAffinity=df2788fb3e5f96d53e88638b51f78b399174bc066b03447dde3bac5ebbfa91f6;Path=/;HttpOnly;Secure;Domain=credit-risk-analysis-prod-app-25h2ya.scm.azurewebsites.net; ARRAffinitySameSite=df2788fb3e5f96d53e88638b51f78b399174bc066b03447dde3bac5ebbfa91f6;Path=/;HttpOnly;SameSite=None;Secure;Domain=credit-risk-analysis-prod-app-25h2ya.scm.azurewebsites.net" Content-Length="0" X-ARR-LOG-ID="97ce148a-094f-49d9-b394-407f1d1896b9" CLIENT-IP="172.184.214.211:21536" X-SITE-DEPLOYMENT-ID="credit-risk-analysis-prod-app-25h2ya" WAS-DEFAULT-HOSTNAME="credit-risk-analysis-prod-app-25h2ya.scm.azurewebsites.net" X-Forwarded-Proto="https" X-AppService-Proto="https" X-Forwarded-TlsVersion="1.3" X-WAWS-Unencoded-URL="/api/deployments/latest?deployer=GITHUB_ZIP_DEPLOY&amp;time=2025-09-24_12-24-06Z" X-Client-IP="172.184.214.211" X-Client-Port="21536" >
  <step title="Cleanup Xml Logs" date="2025-09-24T12:24:19.266" >
    <step title="Cleanup Infos" date="2025-09-24T12:24:19.273" totalFiles="456" totalCleanup="296" /><!-- duration: 30ms -->
  </step><!-- duration: 39ms -->
  <step title="DeploymentService.GetResult" date="2025-09-24T12:24:19.308" >
    <step title="DeploymentService.GetLatestDeployment" date="2025-09-24T12:24:19.309" >
      <step title="DeploymentManager.GetResults" date="2025-09-24T12:24:19.310" /><!-- duration: 488ms -->
    </step><!-- duration: 490ms -->
  </step><!-- duration: 494ms -->
  <step title="Outgoing response" date="2025-09-24T12:24:19.803" type="response" statusCode="202" statusText="Accepted" /><!-- duration: 1ms -->
</step><!-- duration: 541ms -->
