<step title="BackgroundTrace" date="2025-09-23T11:31:30.760" instance="df2788" url="/api/zipdeploy" method="POST" >
  <step title="Creating temporary deployment - FetchDeploymentManager" date="2025-09-23T11:31:30.795" /><!-- duration: 1ms -->
  <step title="Creating temporary deployment" date="2025-09-23T11:31:30.797" /><!-- duration: 36ms -->
  <step title="Performing fetch based deployment" date="2025-09-23T11:31:30.852" >
    <step title="Cleaning up temp folders from previous zip deployments and extracting pushed zip file /tmp/zipdeploy/0e667c31-a3e8-4851-95fb-8a3440201e0a.zip (1.30 MB) to /tmp/zipdeploy/extracted" date="2025-09-23T11:31:31.947" >
      <step title="ChmodRecursive Process exited with total time taken in ms: 51" date="2025-09-23T11:31:32.074" /><!-- duration: 2ms -->
    </step><!-- duration: 131ms -->
    <step title="Deployment timer started" date="2025-09-23T11:31:34.082" >
      <step title="DeploymentManager.Deploy(id:1a1ba0c9-99bf-41e6-8b5b-6254186f5d26)" date="2025-09-23T11:31:34.085" >
        <step title="Collecting changeset information" date="2025-09-23T11:31:34.090" /><!-- duration: 53ms -->
        <step title="Updating submodules" date="2025-09-23T11:31:34.145" /><!-- duration: 1079ms -->
        <step title="Determining deployment builder" date="2025-09-23T11:31:35.373" >
          <step title="Builder is OryxBuilder" date="2025-09-23T11:31:35.377" /><!-- duration: 1ms -->
        </step><!-- duration: 7ms -->
        <step title="PreDeployment: context.CleanOutputPath False" date="2025-09-23T11:31:35.418" >
          <step title="PreDeployment: context.OutputPath /home/site/wwwroot" date="2025-09-23T11:31:35.514" >
            <step title="Building" date="2025-09-23T11:31:35.617" >
              <step title="Executing external process" date="2025-09-23T11:31:35.831" type="process" path="bash" arguments="-c &quot;oryx build /tmp/zipdeploy/extracted -o /home/site/wwwroot --platform python --platform-version 3.11 -p virtualenv_name=antenv --log-file /tmp/build-debug.log  -i /tmp/8ddfa94c0d5c8ee --compress-destination-dir | tee /tmp/oryx-build.log ; exit $PIPESTATUS &quot;" /><!-- duration: 140207ms -->
              <step title="Using PythonDeploymentLogParser" date="2025-09-23T11:33:56.293" /><!-- duration: 2ms -->
              <step title="Triggering recycle (preview mode disabled)." date="2025-09-23T11:33:57.756" /><!-- duration: 1ms -->
              <step title="Modified file to trigger a restart of the app container." date="2025-09-23T11:33:57.775" /><!-- duration: 2ms -->
              <step title="Skip function trigger and logicapp sync because function is not enabled." date="2025-09-23T11:33:57.785" /><!-- duration: 1ms -->
            </step><!-- duration: 142989ms -->
          </step><!-- duration: 143094ms -->
          <step title="Cleaning up temp files" date="2025-09-23T11:33:58.609" /><!-- duration: 1585ms -->
          <step title="Cleaning up temp files" date="2025-09-23T11:34:00.196" /><!-- duration: 504ms -->
          <step title="Reloading status file with latest updates" date="2025-09-23T11:34:00.716" >
            <step title="WebHooksManager.PublishEventAsync: PostDeployment" date="2025-09-23T11:34:00.718" /><!-- duration: 23ms -->
          </step><!-- duration: 26ms -->
          <step title="Cleaning up temporary deployment - fetch deployment was successful" date="2025-09-23T11:34:00.746" /><!-- duration: 1ms -->
        </step><!-- duration: 145358ms -->
      </step><!-- duration: 146697ms -->
