<step title="Incoming Request" date="2025-09-23T12:39:52.241" instance="df2788" url="/api/zipdeploy?isAsync=true&amp;deployer=GITHUB_ZIP_DEPLOY&amp;message=%7B%22type%22%3A%22deployment%22%2C%22sha%22%3A%22c457cd701b25490f36be3212800068b2367231a1%22%2C%22repoName%22%3A%22KaunteyShah%2Fcredit-risk-analysis-tool%22%2C%22actor%22%3A%22KaunteyShah%22%2C%22slotName%22%3A%22production%22%2C%22commitMessage%22%3A%22Fix%20Python%203.12%20compatibility%20issues%20in%20dependencies%5Cn%5Cn-%20Update%20numpy%20from%201.24.4%20to%20%3E%3D1.25.0%20(Python%203.12%20compatible)%5Cn-%20Make%20pandas%20and%20other%20package%20versions%20more%20flexible%5Cn-%20Create%20requirements-azure.txt%20with%20essential%20dependencies%20only%5Cn-%20Update%20deployment%20workflow%20to%20use%20streamlined%20Azure%20requirements%5Cn-%20Remove%20exact%20version%20pins%20that%20cause%20build%20issues%22%7D" method="POST" type="request" pid="768,1,41" Host="credit-risk-analysis-prod-app-25h2ya.scm.azurewebsites.net" User-Agent="GITHUBACTIONS_DeployWebAppToAzure_4a5a1b673f02fbd359f5f791fff0e4d3e82e3a2733128fe8bf04c072d54f4342" Authorization="Bas..." Content-Type="application/octet-stream" Cookie="ARRAffinity=df2788fb3e5f96d53e88638b51f78b399174bc066b03447dde3bac5ebbfa91f6;Path=/;HttpOnly;Secure;Domain=credit-risk-analysis-prod-app-25h2ya.scm.azurewebsites.net; ARRAffinitySameSite=df2788fb3e5f96d53e88638b51f78b399174bc066b03447dde3bac5ebbfa91f6;Path=/;HttpOnly;SameSite=None;Secure;Domain=credit-risk-analysis-prod-app-25h2ya.scm.azurewebsites.net" Transfer-Encoding="chunked" X-ARR-LOG-ID="a93a57c9-bb82-4360-bea6-ea1ae3f459af" CLIENT-IP="57.151.129.33:36872" X-SITE-DEPLOYMENT-ID="credit-risk-analysis-prod-app-25h2ya" WAS-DEFAULT-HOSTNAME="credit-risk-analysis-prod-app-25h2ya.scm.azurewebsites.net" X-Forwarded-Proto="https" X-AppService-Proto="https" X-Forwarded-TlsVersion="1.3" X-WAWS-Unencoded-URL="/api/zipdeploy?isAsync=true&amp;deployer=GITHUB_ZIP_DEPLOY&amp;message=%7B%22type%22%3A%22deployment%22%2C%22sha%22%3A%22c457cd701b25490f36be3212800068b2367231a1%22%2C%22repoName%22%3A%22KaunteyShah%2Fcredit-risk-analysis-tool%22%2C%22actor%22%3A%22KaunteyShah%22%2C%22slotName%22%3A%22production%22%2C%22commitMessage%22%3A%22Fix%20Python%203.12%20compatibility%20issues%20in%20dependencies%5Cn%5Cn-%20Update%20numpy%20from%201.24.4%20to%20%3E%3D1.25.0%20(Python%203.12%20compatible)%5Cn-%20Make%20pandas%20and%20other%20package%20versions%20more%20flexible%5Cn-%20Create%20requirements-azure.txt%20with%20essential%20dependencies%20only%5Cn-%20Update%20deployment%20workflow%20to%20use%20streamlined%20Azure%20requirements%5Cn-%20Remove%20exact%20version%20pins%20that%20cause%20build%20issues%22%7D" X-Client-IP="57.151.129.33" X-Client-Port="36872" >
  <step title="ZipPushDeploy" date="2025-09-23T12:39:52.244" >
    <step title="ZipDeploy. Extract zip. Remote build." date="2025-09-23T12:39:52.247" /><!-- duration: 2ms -->
    <step title="Starting PushDeployAsync" date="2025-09-23T12:39:52.250" /><!-- duration: 1ms -->
    <step title="Writing artifact to /tmp/zipdeploy/627e7b9e-22b0-4c29-ad7e-8911670d2f25.zip" date="2025-09-23T12:39:52.254" >
      <step title="Writing multipart request body to /tmp/zipdeploy/627e7b9e-22b0-4c29-ad7e-8911670d2f25.zip" date="2025-09-23T12:39:52.256" /><!-- duration: 1ms -->
    </step><!-- duration: 572ms -->
    <step title="Removing previous build artifact&apos;s manifest file" date="2025-09-23T12:39:52.830" >
      <step title="Start deployment in the background" date="2025-09-23T12:39:52.834" >
        <step title="Acquiring Deployment Lock" date="2025-09-23T12:39:52.839" /><!-- duration: 2ms -->
        <step title="Acquired Deployment Lock" date="2025-09-23T12:39:52.858" /><!-- duration: 1ms -->
      </step><!-- duration: 69ms -->
    </step><!-- duration: 74ms -->
    <step title="Outgoing response" date="2025-09-23T12:39:52.906" type="response" statusCode="202" statusText="Accepted" /><!-- duration: 2ms -->
  </step><!-- duration: 664ms -->
