<step title="Incoming Request" date="2025-09-23T12:09:50.751" instance="df2788" url="/api/zipdeploy?isAsync=true&amp;deployer=GITHUB_ZIP_DEPLOY&amp;message=%7B%22type%22%3A%22deployment%22%2C%22sha%22%3A%229eba068b261bf2536eb4e43ce13c9465e71b7f91%22%2C%22repoName%22%3A%22KaunteyShah%2Fcredit-risk-analysis-tool%22%2C%22actor%22%3A%22KaunteyShah%22%2C%22slotName%22%3A%22production%22%2C%22commitMessage%22%3A%22%F0%9F%94%A7%20Fix%20Azure%20App%20Service%20Dependency%20Installation%5Cn%5Cn%E2%9C%A8%20Azure%20Deployment%20Improvements%3A%5Cn-%20Add%20startup.sh%20script%20for%20proper%20dependency%20installation%5Cn-%20Create%20.deployment%20config%20to%20enable%20Oryx%20build%20during%20deployment%5Cn-%20Add%20pyproject.toml%20for%20Python%20Azure%20configuration%5Cn-%20Update%20flask-cors%20version%20to%20flexible%20constraint%20(%3E%3D4.0.1)%5Cn-%20Configure%20SCM_DO_BUILD_DURING_DEPLOYMENT%20in%20workflow%5Cn%5Cn%F0%9F%9B%A0%EF%B8%8F%20Fixes%20Module%20Import%20Issues%3A%5Cn-%20Ensures%20pip%20install%20runs%20during%20Azure%20deployment%5Cn-%20Enables%20Azure%20Oryx%20build%20system%20for%20Python%20apps%5Cn-%20Sets%20proper%20PYTHONPATH%20and%20Flask%20environment%20variables%5Cn-%20Forces%20dependency%20installation%20before%20app%20startup%5Cn%5CnResolves%3A%20ModuleNotFoundError%3A%20No%20module%20named%20%27flask_cors%27%22%7D" method="POST" type="request" pid="768,1,36" Host="credit-risk-analysis-prod-app-25h2ya.scm.azurewebsites.net" User-Agent="GITHUBACTIONS_DeployWebAppToAzure_4a5a1b673f02fbd359f5f791fff0e4d3e82e3a2733128fe8bf04c072d54f4342" Authorization="Bas..." Content-Type="application/octet-stream" Cookie="ARRAffinity=df2788fb3e5f96d53e88638b51f78b399174bc066b03447dde3bac5ebbfa91f6;Path=/;HttpOnly;Secure;Domain=credit-risk-analysis-prod-app-25h2ya.scm.azurewebsites.net; ARRAffinitySameSite=df2788fb3e5f96d53e88638b51f78b399174bc066b03447dde3bac5ebbfa91f6;Path=/;HttpOnly;SameSite=None;Secure;Domain=credit-risk-analysis-prod-app-25h2ya.scm.azurewebsites.net" Transfer-Encoding="chunked" X-ARR-LOG-ID="e1515dd4-e9ce-49f3-8a55-2d500c03908e" CLIENT-IP="135.232.232.88:58368" X-SITE-DEPLOYMENT-ID="credit-risk-analysis-prod-app-25h2ya" WAS-DEFAULT-HOSTNAME="credit-risk-analysis-prod-app-25h2ya.scm.azurewebsites.net" X-Forwarded-Proto="https" X-AppService-Proto="https" X-Forwarded-TlsVersion="1.3" X-WAWS-Unencoded-URL="/api/zipdeploy?isAsync=true&amp;deployer=GITHUB_ZIP_DEPLOY&amp;message=%7B%22type%22%3A%22deployment%22%2C%22sha%22%3A%229eba068b261bf2536eb4e43ce13c9465e71b7f91%22%2C%22repoName%22%3A%22KaunteyShah%2Fcredit-risk-analysis-tool%22%2C%22actor%22%3A%22KaunteyShah%22%2C%22slotName%22%3A%22production%22%2C%22commitMessage%22%3A%22%F0%9F%94%A7%20Fix%20Azure%20App%20Service%20Dependency%20Installation%5Cn%5Cn%E2%9C%A8%20Azure%20Deployment%20Improvements%3A%5Cn-%20Add%20startup.sh%20script%20for%20proper%20dependency%20installation%5Cn-%20Create%20.deployment%20config%20to%20enable%20Oryx%20build%20during%20deployment%5Cn-%20Add%20pyproject.toml%20for%20Python%20Azure%20configuration%5Cn-%20Update%20flask-cors%20version%20to%20flexible%20constraint%20(%3E%3D4.0.1)%5Cn-%20Configure%20SCM_DO_BUILD_DURING_DEPLOYMENT%20in%20workflow%5Cn%5Cn%F0%9F%9B%A0%EF%B8%8F%20Fixes%20Module%20Import%20Issues%3A%5Cn-%20Ensures%20pip%20install%20runs%20during%20Azure%20deployment%5Cn-%20Enables%20Azure%20Oryx%20build%20system%20for%20Python%20apps%5Cn-%20Sets%20proper%20PYTHONPATH%20and%20Flask%20environment%20variables%5Cn-%20Forces%20dependency%20installation%20before%20app%20startup%5Cn%5CnResolves%3A%20ModuleNotFoundError%3A%20No%20module%20named%20%27flask_cors%27%22%7D" X-Client-IP="135.232.232.88" X-Client-Port="58368" >
  <step title="ZipPushDeploy" date="2025-09-23T12:09:50.754" >
    <step title="ZipDeploy. Extract zip. Remote build." date="2025-09-23T12:09:50.757" /><!-- duration: 1ms -->
    <step title="Starting PushDeployAsync" date="2025-09-23T12:09:50.760" /><!-- duration: 1ms -->
    <step title="Writing artifact to /tmp/zipdeploy/27458a14-c25f-412b-85fc-485266a142e1.zip" date="2025-09-23T12:09:50.764" >
      <step title="Writing multipart request body to /tmp/zipdeploy/27458a14-c25f-412b-85fc-485266a142e1.zip" date="2025-09-23T12:09:50.765" /><!-- duration: 5ms -->
    </step><!-- duration: 465ms -->
    <step title="Removing previous build artifact&apos;s manifest file" date="2025-09-23T12:09:51.233" >
      <step title="Start deployment in the background" date="2025-09-23T12:09:51.237" >
        <step title="Acquiring Deployment Lock" date="2025-09-23T12:09:51.242" /><!-- duration: 2ms -->
        <step title="Acquired Deployment Lock" date="2025-09-23T12:09:51.265" /><!-- duration: 1ms -->
      </step><!-- duration: 58ms -->
    </step><!-- duration: 63ms -->
    <step title="Outgoing response" date="2025-09-23T12:09:51.297" type="response" statusCode="202" statusText="Accepted" /><!-- duration: 1ms -->
  </step><!-- duration: 546ms -->
