<step title="Incoming Request" date="2025-09-23T18:24:34.390" instance="df2788" url="/api/zipdeploy?isAsync=true&amp;deployer=GITHUB_ZIP_DEPLOY&amp;message=%7B%22type%22%3A%22deployment%22%2C%22sha%22%3A%22afdf91c9fa1d77abbbc303d3075d3be436a35b2a%22%2C%22repoName%22%3A%22KaunteyShah%2Fcredit-risk-analysis-tool%22%2C%22actor%22%3A%22KaunteyShah%22%2C%22slotName%22%3A%22production%22%2C%22commitMessage%22%3A%22Fix%20Enhanced%20SIC%20Matcher%3A%20Implement%20intuitive%20Old_Accuracy%20calculation%5Cn%5Cn-%20Fixed%20empty%20Old_Accuracy%20cells%20issue%20in%20Credit%20Risk%20Analysis%5Cn-%20Implemented%20proper%20SIC%20code%20lookup%20with%20similarity%20matching%5Cn-%20Added%20multi-metric%20scoring%20(ratio%2C%20partial%2C%20token_sort%2C%20token_set)%5Cn-%20Uses%20maximum%20score%20for%20intuitive%20results%3A%20good%20matches%20score%20high%2C%20poor%20matches%20score%20low%5Cn-%20Only%20perfect%20matches%20get%20100%25%2C%20realistic%20scoring%20from%200-100%25%5Cn-%20Enhanced%20business%20activity%20extraction%20to%20remove%20corporate%20noise%5Cn-%20Fallback%20to%20fuzzy%20matching%20with%20penalty%20for%20missing%20SIC%20codes%5Cn-%20Tested%20with%20real%20Sample_data2.csv%20data%20-%20all%20companies%20now%20get%20Old_Accuracy%20scores%5Cn-%20Scoring%20categories%3A%2095-100%25%20Perfect%2C%2080-95%25%20Excellent%2C%2065-80%25%20Good%2C%2045-65%25%20Moderate%2C%2025-45%25%20Poor%2C%200-25%25%20Very%20Poor%22%7D" method="POST" type="request" pid="768,1,75" Host="credit-risk-analysis-prod-app-25h2ya.scm.azurewebsites.net" User-Agent="GITHUBACTIONS_DeployWebAppToAzure_4a5a1b673f02fbd359f5f791fff0e4d3e82e3a2733128fe8bf04c072d54f4342" Authorization="Bas..." Content-Type="application/octet-stream" Cookie="ARRAffinity=df2788fb3e5f96d53e88638b51f78b399174bc066b03447dde3bac5ebbfa91f6;Path=/;HttpOnly;Secure;Domain=credit-risk-analysis-prod-app-25h2ya.scm.azurewebsites.net; ARRAffinitySameSite=df2788fb3e5f96d53e88638b51f78b399174bc066b03447dde3bac5ebbfa91f6;Path=/;HttpOnly;SameSite=None;Secure;Domain=credit-risk-analysis-prod-app-25h2ya.scm.azurewebsites.net" Transfer-Encoding="chunked" X-ARR-LOG-ID="7fccd0c2-51da-485c-aa53-b95b1aeb376f" CLIENT-IP="172.182.202.202:7232" X-SITE-DEPLOYMENT-ID="credit-risk-analysis-prod-app-25h2ya" WAS-DEFAULT-HOSTNAME="credit-risk-analysis-prod-app-25h2ya.scm.azurewebsites.net" X-Forwarded-Proto="https" X-AppService-Proto="https" X-Forwarded-TlsVersion="1.3" X-WAWS-Unencoded-URL="/api/zipdeploy?isAsync=true&amp;deployer=GITHUB_ZIP_DEPLOY&amp;message=%7B%22type%22%3A%22deployment%22%2C%22sha%22%3A%22afdf91c9fa1d77abbbc303d3075d3be436a35b2a%22%2C%22repoName%22%3A%22KaunteyShah%2Fcredit-risk-analysis-tool%22%2C%22actor%22%3A%22KaunteyShah%22%2C%22slotName%22%3A%22production%22%2C%22commitMessage%22%3A%22Fix%20Enhanced%20SIC%20Matcher%3A%20Implement%20intuitive%20Old_Accuracy%20calculation%5Cn%5Cn-%20Fixed%20empty%20Old_Accuracy%20cells%20issue%20in%20Credit%20Risk%20Analysis%5Cn-%20Implemented%20proper%20SIC%20code%20lookup%20with%20similarity%20matching%5Cn-%20Added%20multi-metric%20scoring%20(ratio%2C%20partial%2C%20token_sort%2C%20token_set)%5Cn-%20Uses%20maximum%20score%20for%20intuitive%20results%3A%20good%20matches%20score%20high%2C%20poor%20matches%20score%20low%5Cn-%20Only%20perfect%20matches%20get%20100%25%2C%20realistic%20scoring%20from%200-100%25%5Cn-%20Enhanced%20business%20activity%20extraction%20to%20remove%20corporate%20noise%5Cn-%20Fallback%20to%20fuzzy%20matching%20with%20penalty%20for%20missing%20SIC%20codes%5Cn-%20Tested%20with%20real%20Sample_data2.csv%20data%20-%20all%20companies%20now%20get%20Old_Accuracy%20scores%5Cn-%20Scoring%20categories%3A%2095-100%25%20Perfect%2C%2080-95%25%20Excellent%2C%2065-80%25%20Good%2C%2045-65%25%20Moderate%2C%2025-45%25%20Poor%2C%200-25%25%20Very%20Poor%22%7D" X-Client-IP="172.182.202.202" X-Client-Port="7232" >
  <step title="ZipPushDeploy" date="2025-09-23T18:24:34.407" >
    <step title="ZipDeploy. Extract zip. Remote build." date="2025-09-23T18:24:34.410" /><!-- duration: 2ms -->
    <step title="Starting PushDeployAsync" date="2025-09-23T18:24:34.415" /><!-- duration: 2ms -->
    <step title="Writing artifact to /tmp/zipdeploy/12149e12-8b01-4cf9-a60b-fad83207d011.zip" date="2025-09-23T18:24:34.425" >
      <step title="Writing multipart request body to /tmp/zipdeploy/12149e12-8b01-4cf9-a60b-fad83207d011.zip" date="2025-09-23T18:24:34.427" /><!-- duration: 2ms -->
    </step><!-- duration: 626ms -->
    <step title="Removing previous build artifact&apos;s manifest file" date="2025-09-23T18:24:35.055" >
      <step title="Start deployment in the background" date="2025-09-23T18:24:35.063" >
        <step title="Acquiring Deployment Lock" date="2025-09-23T18:24:35.073" /><!-- duration: 2ms -->
        <step title="Acquired Deployment Lock" date="2025-09-23T18:24:35.102" /><!-- duration: 2ms -->
      </step><!-- duration: 78ms -->
    </step><!-- duration: 88ms -->
    <step title="Outgoing response" date="2025-09-23T18:24:35.145" type="response" statusCode="202" statusText="Accepted" /><!-- duration: 1ms -->
  </step><!-- duration: 741ms -->
