<step title="Incoming Request" date="2025-09-23T12:09:29.311" instance="df2788" url="/api/deployments/latest?deployer=GITHUB_ZIP_DEPLOY&amp;time=2025-09-23_12-09-23Z" method="GET" type="request" pid="768,1,38" Host="credit-risk-analysis-prod-app-25h2ya.scm.azurewebsites.net" User-Agent="GITHUBACTIONS_DeployWebAppToAzure_4a5a1b673f02fbd359f5f791fff0e4d3e82e3a2733128fe8bf04c072d54f4342" Authorization="Bas..." Content-Type="application/json; charset=utf-8" Cookie="ARRAffinity=df2788fb3e5f96d53e88638b51f78b399174bc066b03447dde3bac5ebbfa91f6;Path=/;HttpOnly;Secure;Domain=credit-risk-analysis-prod-app-25h2ya.scm.azurewebsites.net; ARRAffinitySameSite=df2788fb3e5f96d53e88638b51f78b399174bc066b03447dde3bac5ebbfa91f6;Path=/;HttpOnly;SameSite=None;Secure;Domain=credit-risk-analysis-prod-app-25h2ya.scm.azurewebsites.net" Content-Length="0" X-ARR-LOG-ID="35626ed8-2ed2-46da-8b0e-ab744afdadb5" CLIENT-IP="20.98.23.161:14345" X-SITE-DEPLOYMENT-ID="credit-risk-analysis-prod-app-25h2ya" WAS-DEFAULT-HOSTNAME="credit-risk-analysis-prod-app-25h2ya.scm.azurewebsites.net" X-Forwarded-Proto="https" X-AppService-Proto="https" X-Forwarded-TlsVersion="1.3" X-WAWS-Unencoded-URL="/api/deployments/latest?deployer=GITHUB_ZIP_DEPLOY&amp;time=2025-09-23_12-09-23Z" X-Client-IP="20.98.23.161" X-Client-Port="14345" >
  <step title="Cleanup Xml Logs" date="2025-09-23T12:09:29.312" >
    <step title="Cleanup Infos" date="2025-09-23T12:09:29.317" totalFiles="311" totalCleanup="151" /><!-- duration: 2ms -->
  </step><!-- duration: 9ms -->
  <step title="DeploymentService.GetResult" date="2025-09-23T12:09:29.325" >
    <step title="DeploymentService.GetLatestDeployment" date="2025-09-23T12:09:29.327" >
      <step title="DeploymentManager.GetResults" date="2025-09-23T12:09:29.329" /><!-- duration: 378ms -->
    </step><!-- duration: 381ms -->
  </step><!-- duration: 385ms -->
  <step title="Outgoing response" date="2025-09-23T12:09:29.711" type="response" statusCode="202" statusText="Accepted" /><!-- duration: 2ms -->
</step><!-- duration: 403ms -->
