<step title="Incoming Request" date="2025-09-24T12:22:59.222" instance="df2788" url="/api/deployments/latest?deployer=GITHUB_ZIP_DEPLOY&amp;time=2025-09-24_12-22-52Z" method="GET" type="request" pid="768,1,5" Host="credit-risk-analysis-prod-app-25h2ya.scm.azurewebsites.net" User-Agent="GITHUBACTIONS_DeployWebAppToAzure_4a5a1b673f02fbd359f5f791fff0e4d3e82e3a2733128fe8bf04c072d54f4342" Authorization="Bas..." Content-Type="application/json; charset=utf-8" Cookie="ARRAffinity=df2788fb3e5f96d53e88638b51f78b399174bc066b03447dde3bac5ebbfa91f6;Path=/;HttpOnly;Secure;Domain=credit-risk-analysis-prod-app-25h2ya.scm.azurewebsites.net; ARRAffinitySameSite=df2788fb3e5f96d53e88638b51f78b399174bc066b03447dde3bac5ebbfa91f6;Path=/;HttpOnly;SameSite=None;Secure;Domain=credit-risk-analysis-prod-app-25h2ya.scm.azurewebsites.net" Content-Length="0" X-ARR-LOG-ID="5968b48d-0771-4231-9047-7f466aa0863f" CLIENT-IP="135.232.201.39:47105" X-SITE-DEPLOYMENT-ID="credit-risk-analysis-prod-app-25h2ya" WAS-DEFAULT-HOSTNAME="credit-risk-analysis-prod-app-25h2ya.scm.azurewebsites.net" X-Forwarded-Proto="https" X-AppService-Proto="https" X-Forwarded-TlsVersion="1.3" X-WAWS-Unencoded-URL="/api/deployments/latest?deployer=GITHUB_ZIP_DEPLOY&amp;time=2025-09-24_12-22-52Z" X-Client-IP="135.232.201.39" X-Client-Port="47105" >
  <step title="Cleanup Xml Logs" date="2025-09-24T12:22:59.225" >
    <step title="Cleanup Infos" date="2025-09-24T12:22:59.235" totalFiles="446" totalCleanup="286" /><!-- duration: 3ms -->
  </step><!-- duration: 14ms -->
  <step title="DeploymentService.GetResult" date="2025-09-24T12:22:59.244" >
    <step title="DeploymentService.GetLatestDeployment" date="2025-09-24T12:22:59.245" >
      <step title="DeploymentManager.GetResults" date="2025-09-24T12:22:59.249" /><!-- duration: 591ms -->
    </step><!-- duration: 596ms -->
  </step><!-- duration: 600ms -->
  <step title="Outgoing response" date="2025-09-24T12:22:59.847" type="response" statusCode="202" statusText="Accepted" /><!-- duration: 2ms -->
</step><!-- duration: 628ms -->
