<step title="Incoming Request" date="2025-09-23T19:35:29.994" instance="df2788" url="/api/deployments/latest?deployer=GITHUB_ZIP_DEPLOY&amp;time=2025-09-23_19-35-17Z" method="GET" type="request" pid="768,1,79" Host="credit-risk-analysis-prod-app-25h2ya.scm.azurewebsites.net" User-Agent="GITHUBACTIONS_DeployWebAppToAzure_4a5a1b673f02fbd359f5f791fff0e4d3e82e3a2733128fe8bf04c072d54f4342" Authorization="Bas..." Content-Type="application/json; charset=utf-8" Cookie="ARRAffinity=df2788fb3e5f96d53e88638b51f78b399174bc066b03447dde3bac5ebbfa91f6;Path=/;HttpOnly;Secure;Domain=credit-risk-analysis-prod-app-25h2ya.scm.azurewebsites.net; ARRAffinitySameSite=df2788fb3e5f96d53e88638b51f78b399174bc066b03447dde3bac5ebbfa91f6;Path=/;HttpOnly;SameSite=None;Secure;Domain=credit-risk-analysis-prod-app-25h2ya.scm.azurewebsites.net" Content-Length="0" X-ARR-LOG-ID="fb836595-f53b-45ef-9b15-3403a9187bd2" CLIENT-IP="52.154.132.181:7216" X-SITE-DEPLOYMENT-ID="credit-risk-analysis-prod-app-25h2ya" WAS-DEFAULT-HOSTNAME="credit-risk-analysis-prod-app-25h2ya.scm.azurewebsites.net" X-Forwarded-Proto="https" X-AppService-Proto="https" X-Forwarded-TlsVersion="1.3" X-WAWS-Unencoded-URL="/api/deployments/latest?deployer=GITHUB_ZIP_DEPLOY&amp;time=2025-09-23_19-35-17Z" X-Client-IP="52.154.132.181" X-Client-Port="7216" >
  <step title="Cleanup Xml Logs" date="2025-09-23T19:35:29.997" >
    <step title="Cleanup Infos" date="2025-09-23T19:35:30.017" totalFiles="436" totalCleanup="276" /><!-- duration: 7ms -->
  </step><!-- duration: 34ms -->
  <step title="DeploymentService.GetResult" date="2025-09-23T19:35:30.036" >
    <step title="DeploymentService.GetLatestDeployment" date="2025-09-23T19:35:30.039" >
      <step title="DeploymentManager.GetResults" date="2025-09-23T19:35:30.040" /><!-- duration: 748ms -->
    </step><!-- duration: 757ms -->
  </step><!-- duration: 763ms -->
  <step title="Outgoing response" date="2025-09-23T19:35:30.802" type="response" statusCode="202" statusText="Accepted" /><!-- duration: 1ms -->
</step><!-- duration: 813ms -->
