<step title="BackgroundTrace" date="2025-09-24T12:31:14.232" instance="df2788" url="/api/zipdeploy" method="POST" >
  <step title="Creating temporary deployment - FetchDeploymentManager" date="2025-09-24T12:31:14.276" /><!-- duration: 1ms -->
  <step title="Creating temporary deployment" date="2025-09-24T12:31:14.279" /><!-- duration: 30ms -->
  <step title="Performing fetch based deployment" date="2025-09-24T12:31:14.320" >
    <step title="Cleaning up temp folders from previous zip deployments and extracting pushed zip file /tmp/zipdeploy/e48243a1-60ae-4fa0-8868-8b2c43f83def.zip (0.88 MB) to /tmp/zipdeploy/extracted" date="2025-09-24T12:31:15.434" >
      <step title="ChmodRecursive Process exited with total time taken in ms: 15" date="2025-09-24T12:31:15.509" /><!-- duration: 3ms -->
    </step><!-- duration: 79ms -->
    <step title="Deployment timer started" date="2025-09-24T12:31:17.516" >
      <step title="DeploymentManager.Deploy(id:a4406d32-cf67-43f9-b28b-f07f7e7b0b8b)" date="2025-09-24T12:31:17.519" >
        <step title="Collecting changeset information" date="2025-09-24T12:31:17.524" /><!-- duration: 51ms -->
        <step title="Updating submodules" date="2025-09-24T12:31:17.577" /><!-- duration: 1103ms -->
        <step title="Determining deployment builder" date="2025-09-24T12:31:18.860" >
          <step title="Builder is OryxBuilder" date="2025-09-24T12:31:18.863" /><!-- duration: 1ms -->
        </step><!-- duration: 6ms -->
        <step title="PreDeployment: context.CleanOutputPath False" date="2025-09-24T12:31:18.903" >
          <step title="PreDeployment: context.OutputPath /home/site/wwwroot" date="2025-09-24T12:31:19.005" >
            <step title="Building" date="2025-09-24T12:31:19.121" >
              <step title="Executing external process" date="2025-09-24T12:31:19.349" type="process" path="bash" arguments="-c &quot;oryx build /tmp/zipdeploy/extracted -o /home/site/wwwroot --platform python --platform-version 3.11 -p virtualenv_name=antenv --log-file /tmp/build-debug.log  -i /tmp/8ddfb66432c10b1 --compress-destination-dir | tee /tmp/oryx-build.log ; exit $PIPESTATUS &quot;" /><!-- duration: 14957ms -->
              <step title="Using PythonDeploymentLogParser" date="2025-09-24T12:31:34.618" /><!-- duration: 2ms -->
              <step title="Triggering recycle (preview mode disabled)." date="2025-09-24T12:31:35.550" /><!-- duration: 2ms -->
              <step title="Modified file to trigger a restart of the app container." date="2025-09-24T12:31:35.567" /><!-- duration: 1ms -->
              <step title="Skip function trigger and logicapp sync because function is not enabled." date="2025-09-24T12:31:35.575" /><!-- duration: 2ms -->
              <step title="Purge deployment items" date="2025-09-24T12:31:36.494" >
                <step title="Remove 3b153bc1-, Success, received at 09/23/2025 13:18:08" date="2025-09-24T12:31:36.557" /><!-- duration: 3ms -->
              </step><!-- duration: 67ms -->
            </step><!-- duration: 17487ms -->
          </step><!-- duration: 17605ms -->
          <step title="Cleaning up temp files" date="2025-09-24T12:31:36.611" /><!-- duration: 1581ms -->
          <step title="Cleaning up temp files" date="2025-09-24T12:31:38.195" /><!-- duration: 503ms -->
          <step title="Reloading status file with latest updates" date="2025-09-24T12:31:38.717" >
            <step title="WebHooksManager.PublishEventAsync: PostDeployment" date="2025-09-24T12:31:38.719" /><!-- duration: 32ms -->
          </step><!-- duration: 35ms -->
          <step title="Cleaning up temporary deployment - fetch deployment was successful" date="2025-09-24T12:31:38.755" /><!-- duration: 1ms -->
        </step><!-- duration: 19882ms -->
      </step><!-- duration: 21273ms -->
