<step title="BackgroundTrace" date="2025-09-23T18:23:36.108" instance="df2788" url="/api/zipdeploy" method="POST" >
  <step title="Creating temporary deployment - FetchDeploymentManager" date="2025-09-23T18:23:36.166" /><!-- duration: 1ms -->
  <step title="Creating temporary deployment" date="2025-09-23T18:23:36.169" /><!-- duration: 58ms -->
  <step title="Performing fetch based deployment" date="2025-09-23T18:23:36.275" >
    <step title="Cleaning up temp folders from previous zip deployments and extracting pushed zip file /tmp/zipdeploy/c838eb77-ba33-4f58-8f95-09f7cfe6507c.zip (1.53 MB) to /tmp/zipdeploy/extracted" date="2025-09-23T18:23:37.443" >
      <step title="ChmodRecursive Process exited with total time taken in ms: 47" date="2025-09-23T18:23:37.741" /><!-- duration: 2ms -->
    </step><!-- duration: 302ms -->
    <step title="Deployment timer started" date="2025-09-23T18:23:39.756" >
      <step title="DeploymentManager.Deploy(id:a6446bfa-cddb-4665-bd5f-542c5d49666b)" date="2025-09-23T18:23:39.761" >
        <step title="Collecting changeset information" date="2025-09-23T18:23:39.767" /><!-- duration: 63ms -->
        <step title="Updating submodules" date="2025-09-23T18:23:39.833" /><!-- duration: 1085ms -->
        <step title="Determining deployment builder" date="2025-09-23T18:23:41.110" >
          <step title="Builder is OryxBuilder" date="2025-09-23T18:23:41.116" /><!-- duration: 2ms -->
        </step><!-- duration: 11ms -->
        <step title="PreDeployment: context.CleanOutputPath False" date="2025-09-23T18:23:41.175" >
          <step title="PreDeployment: context.OutputPath /home/site/wwwroot" date="2025-09-23T18:23:41.272" >
            <step title="Building" date="2025-09-23T18:23:41.404" >
              <step title="Executing external process" date="2025-09-23T18:23:41.632" type="process" path="bash" arguments="-c &quot;oryx build /tmp/zipdeploy/extracted -o /home/site/wwwroot --platform python --platform-version 3.11 -p virtualenv_name=antenv --log-file /tmp/build-debug.log  -i /tmp/8ddface528686bd --compress-destination-dir | tee /tmp/oryx-build.log ; exit $PIPESTATUS &quot;" /><!-- duration: 16741ms -->
              <step title="Using PythonDeploymentLogParser" date="2025-09-23T18:23:58.657" /><!-- duration: 6ms -->
              <step title="Triggering recycle (preview mode disabled)." date="2025-09-23T18:23:59.509" /><!-- duration: 2ms -->
              <step title="Modified file to trigger a restart of the app container." date="2025-09-23T18:23:59.525" /><!-- duration: 1ms -->
              <step title="Skip function trigger and logicapp sync because function is not enabled." date="2025-09-23T18:23:59.536" /><!-- duration: 2ms -->
              <step title="Purge deployment items" date="2025-09-23T18:24:00.459" >
                <step title="Remove 00f4dfb2-, Success, received at 09/23/2025 12:09:26" date="2025-09-23T18:24:00.531" /><!-- duration: 2ms -->
              </step><!-- duration: 76ms -->
            </step><!-- duration: 19198ms -->
          </step><!-- duration: 19331ms -->
          <step title="Cleaning up temp files" date="2025-09-23T18:24:00.604" /><!-- duration: 1593ms -->
          <step title="Cleaning up temp files" date="2025-09-23T18:24:02.200" /><!-- duration: 503ms -->
          <step title="Reloading status file with latest updates" date="2025-09-23T18:24:02.721" >
            <step title="WebHooksManager.PublishEventAsync: PostDeployment" date="2025-09-23T18:24:02.722" /><!-- duration: 29ms -->
          </step><!-- duration: 31ms -->
          <step title="Cleaning up temporary deployment - fetch deployment was successful" date="2025-09-23T18:24:02.755" /><!-- duration: 2ms -->
        </step><!-- duration: 21614ms -->
      </step><!-- duration: 23035ms -->
