<step title="BackgroundTrace" date="2025-09-26T20:36:33.149" instance="28045c" url="/api/zipdeploy" method="POST" >
  <step title="Creating temporary deployment - FetchDeploymentManager" date="2025-09-26T20:36:33.200" /><!-- duration: 1ms -->
  <step title="Creating temporary deployment" date="2025-09-26T20:36:33.203" /><!-- duration: 35ms -->
  <step title="Performing fetch based deployment" date="2025-09-26T20:36:33.266" >
    <step title="Cleaning up temp folders from previous zip deployments and extracting pushed zip file /tmp/zipdeploy/7ef950b9-96a8-4114-b783-17dd4db7d074.zip (2.29 MB) to /tmp/zipdeploy/extracted" date="2025-09-26T20:36:34.397" >
      <step title="ChmodRecursive Process exited with total time taken in ms: 52" date="2025-09-26T20:36:34.794" /><!-- duration: 2ms -->
    </step><!-- duration: 400ms -->
    <step title="Deployment timer started" date="2025-09-26T20:36:36.802" >
      <step title="DeploymentManager.Deploy(id:41659c9e-61e2-42ba-a7f9-40b7776dd0f0)" date="2025-09-26T20:36:36.805" >
        <step title="Collecting changeset information" date="2025-09-26T20:36:36.809" /><!-- duration: 73ms -->
        <step title="Updating submodules" date="2025-09-26T20:36:36.885" /><!-- duration: 1098ms -->
        <step title="Determining deployment builder" date="2025-09-26T20:36:38.175" >
          <step title="Builder is OryxBuilder" date="2025-09-26T20:36:38.179" /><!-- duration: 2ms -->
        </step><!-- duration: 8ms -->
        <step title="PreDeployment: context.CleanOutputPath False" date="2025-09-26T20:36:38.237" >
          <step title="PreDeployment: context.OutputPath /home/site/wwwroot" date="2025-09-26T20:36:38.327" >
            <step title="Building" date="2025-09-26T20:36:38.496" >
              <step title="Executing external process" date="2025-09-26T20:36:38.740" type="process" path="bash" arguments="-c &quot;oryx build /tmp/zipdeploy/extracted -o /home/site/wwwroot --platform python --platform-version 3.11 -p virtualenv_name=antenv --log-file /tmp/build-debug.log  -i /tmp/8ddfd3c6476e0a3 --compress-destination-dir | tee /tmp/oryx-build.log ; exit $PIPESTATUS &quot;" >
                <step title="Cpu: python(1133,57.060s)+ts(1134,0.080s)+build.sh(1132,0.000s)+build.sh(1131,0.000s)+build.sh(1027,0.030s)+oryx(1005,4.190s)+tee(1006,0.000s)+bash(1004,0.000s)=total(61.360s)" date="2025-09-26T20:38:05.857" /><!-- duration: 3ms -->
                <step title="bash: no io activity for 60s, prev-cpu=-1.000s, current-cpu=61.360s" date="2025-09-26T20:38:05.865" /><!-- duration: 2ms -->
                <step title="Cpu: gzip(1248,59.630s)+sh(1247,0.000s)+tar(1245,1.120s)+build.sh(1027,0.050s)+oryx(1005,4.700s)+tee(1006,0.000s)+bash(1004,0.000s)=total(65.500s)" date="2025-09-26T20:39:47.908" /><!-- duration: 3ms -->
                <step title="bash: no io activity for 60s, prev-cpu=-1.000s, current-cpu=65.500s" date="2025-09-26T20:39:47.914" /><!-- duration: 1ms -->
              </step><!-- duration: 198428ms -->
              <step title="Using PythonDeploymentLogParser" date="2025-09-26T20:39:57.423" /><!-- duration: 4ms -->
              <step title="Triggering recycle (preview mode disabled)." date="2025-09-26T20:39:58.309" /><!-- duration: 3ms -->
              <step title="Modified file to trigger a restart of the app container." date="2025-09-26T20:39:58.326" /><!-- duration: 2ms -->
              <step title="Skip function trigger and logicapp sync because function is not enabled." date="2025-09-26T20:39:58.340" /><!-- duration: 2ms -->
              <step title="Purge deployment items" date="2025-09-26T20:39:59.032" >
                <step title="Remove 1a937cb7-, Failed, received at 09/26/2025 16:16:44" date="2025-09-26T20:39:59.069" /><!-- duration: 1ms -->
                <step title="Remove temp-1b30, Failed, received at 09/26/2025 16:16:37" date="2025-09-26T20:39:59.109" /><!-- duration: 1ms -->
                <step title="Remove 107c6c64-, Failed, received at 09/26/2025 16:09:54" date="2025-09-26T20:39:59.151" /><!-- duration: 1ms -->
                <step title="Remove temp-ce98, Failed, received at 09/26/2025 16:09:32" date="2025-09-26T20:39:59.194" /><!-- duration: 2ms -->
              </step><!-- duration: 165ms -->
            </step><!-- duration: 200754ms -->
          </step><!-- duration: 200925ms -->
          <step title="Cleaning up temp files" date="2025-09-26T20:39:59.254" /><!-- duration: 3268ms -->
          <step title="Cleaning up temp files" date="2025-09-26T20:40:02.533" /><!-- duration: 504ms -->
          <step title="Reloading status file with latest updates" date="2025-09-26T20:40:03.068" >
            <step title="WebHooksManager.PublishEventAsync: PostDeployment" date="2025-09-26T20:40:03.070" /><!-- duration: 53ms -->
          </step><!-- duration: 57ms -->
          <step title="Cleaning up temporary deployment - fetch deployment was successful" date="2025-09-26T20:40:03.128" /><!-- duration: 1ms -->
        </step><!-- duration: 204922ms -->
      </step><!-- duration: 206362ms -->
