<step title="Incoming Request" date="2025-09-23T13:17:03.153" instance="df2788" url="/api/deployments/latest?deployer=GITHUB_ZIP_DEPLOY&amp;time=2025-09-23_13-16-56Z" method="GET" type="request" pid="768,1,56" Host="credit-risk-analysis-prod-app-25h2ya.scm.azurewebsites.net" User-Agent="GITHUBACTIONS_DeployWebAppToAzure_4a5a1b673f02fbd359f5f791fff0e4d3e82e3a2733128fe8bf04c072d54f4342" Authorization="Bas..." Content-Type="application/json; charset=utf-8" Cookie="ARRAffinity=df2788fb3e5f96d53e88638b51f78b399174bc066b03447dde3bac5ebbfa91f6;Path=/;HttpOnly;Secure;Domain=credit-risk-analysis-prod-app-25h2ya.scm.azurewebsites.net; ARRAffinitySameSite=df2788fb3e5f96d53e88638b51f78b399174bc066b03447dde3bac5ebbfa91f6;Path=/;HttpOnly;SameSite=None;Secure;Domain=credit-risk-analysis-prod-app-25h2ya.scm.azurewebsites.net" Content-Length="0" X-ARR-LOG-ID="3e594352-7eaa-4dfe-afe1-b864efc4eeb8" CLIENT-IP="172.183.157.185:45129" X-SITE-DEPLOYMENT-ID="credit-risk-analysis-prod-app-25h2ya" WAS-DEFAULT-HOSTNAME="credit-risk-analysis-prod-app-25h2ya.scm.azurewebsites.net" X-Forwarded-Proto="https" X-AppService-Proto="https" X-Forwarded-TlsVersion="1.3" X-WAWS-Unencoded-URL="/api/deployments/latest?deployer=GITHUB_ZIP_DEPLOY&amp;time=2025-09-23_13-16-56Z" X-Client-IP="172.183.157.185" X-Client-Port="45129" >
  <step title="Cleanup Xml Logs" date="2025-09-23T13:17:03.155" >
    <step title="Cleanup Infos" date="2025-09-23T13:17:03.161" totalFiles="369" totalCleanup="209" /><!-- duration: 2ms -->
  </step><!-- duration: 10ms -->
  <step title="DeploymentService.GetResult" date="2025-09-23T13:17:03.168" >
    <step title="DeploymentService.GetLatestDeployment" date="2025-09-23T13:17:03.169" >
      <step title="DeploymentManager.GetResults" date="2025-09-23T13:17:03.171" /><!-- duration: 524ms -->
    </step><!-- duration: 528ms -->
  </step><!-- duration: 532ms -->
  <step title="Outgoing response" date="2025-09-23T13:17:03.703" type="response" statusCode="202" statusText="Accepted" /><!-- duration: 6ms -->
</step><!-- duration: 560ms -->
