<step title="Incoming Request" date="2025-09-23T19:35:16.927" instance="df2788" url="/api/zipdeploy?isAsync=true&amp;deployer=GITHUB_ZIP_DEPLOY&amp;message=%7B%22type%22%3A%22deployment%22%2C%22sha%22%3A%221ffc0a60c57f182419383eeb594f7a32863090ab%22%2C%22repoName%22%3A%22KaunteyShah%2Fcredit-risk-analysis-tool%22%2C%22actor%22%3A%22KaunteyShah%22%2C%22slotName%22%3A%22production%22%2C%22commitMessage%22%3A%22%F0%9F%94%A7%20Fix%20Agent%20Workflow%20Visualization%20Display%5Cn%5Cn%E2%9C%85%20JAVASCRIPT%20FUNCTION%20FIXES%3A%5Cn-%20Fixed%20this.handlePredictSIC()%20%E2%86%92%20this.predictSIC()%20function%20name%20error%5Cn-%20Fixed%20this.handleUpdateRevenue()%20%E2%86%92%20this.updateRevenue()%20function%20name%20error%5Cn-%20Resolved%20%27Uncaught%20TypeError%3A%20this.handlePredictSIC%20is%20not%20a%20function%27%20error%5Cn%5Cn%E2%9D%8C%20REMOVED%20UNWANTED%20MODAL%3A%5Cn-%20Removed%20showLoading(%27Predicting%20SIC%20code%20using%20real%20agents...%27)%20call%5Cn-%20Removed%20hideLoading()%20calls%20that%20showed%20loading%20modal%5Cn-%20Removed%20emergency%20modal%20hiding%20script%20from%20HTML%20template%5Cn%5Cn%F0%9F%8E%AF%20ENHANCED%20WORKFLOW%20VISUALIZATION%3A%5Cn-%20Agent%20Workflow%20Visualization%20now%20shows%20immediately%20when%20clicking%20Predict%20SIC%5Cn-%20Real%20agent%20workflow%20steps%20display%20properly%20in%20visualization%20box%5Cn-%20No%20more%20modal%20interference%20-%20direct%20workflow%20rendering%20in%20UI%20panel%5Cn-%20Proper%20mapping%20of%20API%20workflow_steps%20to%20visual%20display%20format%5Cn%5Cn%EF%BF%BD%EF%BF%BD%20TESTED%20FUNCTIONALITY%3A%5Cn-%20Multiple%20successful%20real%20agent%20API%20calls%20logged%20(TESCO%2C%20HSBC%2C%20UNILEVER%2C%20etc.)%5Cn-%20SectorClassificationAgent%20processing%20working%20correctly%5Cn-%20Agen%22%7D" method="POST" type="request" pid="768,1,56" Host="credit-risk-analysis-prod-app-25h2ya.scm.azurewebsites.net" User-Agent="GITHUBACTIONS_DeployWebAppToAzure_4a5a1b673f02fbd359f5f791fff0e4d3e82e3a2733128fe8bf04c072d54f4342" Authorization="Bas..." Content-Type="application/octet-stream" Cookie="ARRAffinity=df2788fb3e5f96d53e88638b51f78b399174bc066b03447dde3bac5ebbfa91f6;Path=/;HttpOnly;Secure;Domain=credit-risk-analysis-prod-app-25h2ya.scm.azurewebsites.net; ARRAffinitySameSite=df2788fb3e5f96d53e88638b51f78b399174bc066b03447dde3bac5ebbfa91f6;Path=/;HttpOnly;SameSite=None;Secure;Domain=credit-risk-analysis-prod-app-25h2ya.scm.azurewebsites.net" Transfer-Encoding="chunked" X-ARR-LOG-ID="8c25d207-cb03-4064-b059-cc56510418cb" CLIENT-IP="52.154.132.181:7216" X-SITE-DEPLOYMENT-ID="credit-risk-analysis-prod-app-25h2ya" WAS-DEFAULT-HOSTNAME="credit-risk-analysis-prod-app-25h2ya.scm.azurewebsites.net" X-Forwarded-Proto="https" X-AppService-Proto="https" X-Forwarded-TlsVersion="1.3" X-WAWS-Unencoded-URL="/api/zipdeploy?isAsync=true&amp;deployer=GITHUB_ZIP_DEPLOY&amp;message=%7B%22type%22%3A%22deployment%22%2C%22sha%22%3A%221ffc0a60c57f182419383eeb594f7a32863090ab%22%2C%22repoName%22%3A%22KaunteyShah%2Fcredit-risk-analysis-tool%22%2C%22actor%22%3A%22KaunteyShah%22%2C%22slotName%22%3A%22production%22%2C%22commitMessage%22%3A%22%F0%9F%94%A7%20Fix%20Agent%20Workflow%20Visualization%20Display%5Cn%5Cn%E2%9C%85%20JAVASCRIPT%20FUNCTION%20FIXES%3A%5Cn-%20Fixed%20this.handlePredictSIC()%20%E2%86%92%20this.predictSIC()%20function%20name%20error%5Cn-%20Fixed%20this.handleUpdateRevenue()%20%E2%86%92%20this.updateRevenue()%20function%20name%20error%5Cn-%20Resolved%20%27Uncaught%20TypeError%3A%20this.handlePredictSIC%20is%20not%20a%20function%27%20error%5Cn%5Cn%E2%9D%8C%20REMOVED%20UNWANTED%20MODAL%3A%5Cn-%20Removed%20showLoading(%27Predicting%20SIC%20code%20using%20real%20agents...%27)%20call%5Cn-%20Removed%20hideLoading()%20calls%20that%20showed%20loading%20modal%5Cn-%20Removed%20emergency%20modal%20hiding%20script%20from%20HTML%20template%5Cn%5Cn%F0%9F%8E%AF%20ENHANCED%20WORKFLOW%20VISUALIZATION%3A%5Cn-%20Agent%20Workflow%20Visualization%20now%20shows%20immediately%20when%20clicking%20Predict%20SIC%5Cn-%20Real%20agent%20workflow%20steps%20display%20properly%20in%20visualization%20box%5Cn-%20No%20more%20modal%20interference%20-%20direct%20workflow%20rendering%20in%20UI%20panel%5Cn-%20Proper%20mapping%20of%20API%20workflow_steps%20to%20visual%20display%20format%5Cn%5Cn%EF%BF%BD%EF%BF%BD%20TESTED%20FUNCTIONALITY%3A%5Cn-%20Multiple%20successful%20real%20agent%20API%20calls%20logged%20(TESCO%2C%20HSBC%2C%20UNILEVER%2C%20etc.)%5Cn-%20SectorClassificationAgent%20processing%20working%20correctly%5Cn-%20Agen%22%7D" X-Client-IP="52.154.132.181" X-Client-Port="7216" >
  <step title="ZipPushDeploy" date="2025-09-23T19:35:16.932" >
    <step title="ZipDeploy. Extract zip. Remote build." date="2025-09-23T19:35:16.935" /><!-- duration: 2ms -->
    <step title="Starting PushDeployAsync" date="2025-09-23T19:35:16.938" /><!-- duration: 1ms -->
    <step title="Writing artifact to /tmp/zipdeploy/c0d50be8-15dd-49c3-81bd-c07eb0e22e8e.zip" date="2025-09-23T19:35:16.948" >
      <step title="Writing multipart request body to /tmp/zipdeploy/c0d50be8-15dd-49c3-81bd-c07eb0e22e8e.zip" date="2025-09-23T19:35:16.949" /><!-- duration: 1ms -->
    </step><!-- duration: 501ms -->
    <step title="Removing previous build artifact&apos;s manifest file" date="2025-09-23T19:35:17.453" >
      <step title="Start deployment in the background" date="2025-09-23T19:35:17.462" >
        <step title="Acquiring Deployment Lock" date="2025-09-23T19:35:17.470" /><!-- duration: 2ms -->
        <step title="Acquired Deployment Lock" date="2025-09-23T19:35:17.511" /><!-- duration: 1ms -->
      </step><!-- duration: 92ms -->
    </step><!-- duration: 103ms -->
    <step title="Outgoing response" date="2025-09-23T19:35:17.558" type="response" statusCode="202" statusText="Accepted" /><!-- duration: 2ms -->
  </step><!-- duration: 632ms -->
