<step title="BackgroundTrace" date="2025-09-23T09:21:54.820" instance="df2788" url="/api/zipdeploy" method="POST" >
  <step title="Creating temporary deployment - FetchDeploymentManager" date="2025-09-23T09:21:54.854" /><!-- duration: 1ms -->
  <step title="Creating temporary deployment" date="2025-09-23T09:21:54.857" /><!-- duration: 37ms -->
  <step title="Performing fetch based deployment" date="2025-09-23T09:21:54.916" >
    <step title="Cleaning up temp folders from previous zip deployments and extracting pushed zip file /tmp/zipdeploy/5c9c388e-3172-4322-8672-e754770878be.zip (1.29 MB) to /tmp/zipdeploy/extracted" date="2025-09-23T09:21:56.003" >
      <step title="ChmodRecursive Process exited with total time taken in ms: 17" date="2025-09-23T09:21:56.105" /><!-- duration: 2ms -->
    </step><!-- duration: 105ms -->
    <step title="Deployment timer started" date="2025-09-23T09:21:58.112" >
      <step title="DeploymentManager.Deploy(id:3ade4645-95e2-4e7b-bacf-6d6386b61f46)" date="2025-09-23T09:21:58.115" >
        <step title="Collecting changeset information" date="2025-09-23T09:21:58.121" /><!-- duration: 69ms -->
        <step title="Updating submodules" date="2025-09-23T09:21:58.193" /><!-- duration: 1086ms -->
        <step title="Determining deployment builder" date="2025-09-23T09:21:59.409" >
          <step title="Builder is OryxBuilder" date="2025-09-23T09:21:59.412" /><!-- duration: 1ms -->
        </step><!-- duration: 7ms -->
        <step title="PreDeployment: context.CleanOutputPath False" date="2025-09-23T09:21:59.450" >
          <step title="PreDeployment: context.OutputPath /home/site/wwwroot" date="2025-09-23T09:21:59.526" >
            <step title="Building" date="2025-09-23T09:21:59.617" >
              <step title="Executing external process" date="2025-09-23T09:21:59.839" type="process" path="bash" arguments="-c &quot;oryx build /tmp/zipdeploy/extracted -o /home/site/wwwroot --platform python --platform-version 3.11 -p virtualenv_name=antenv --log-file /tmp/build-debug.log  -i /tmp/8ddfa82a6002fa4 --compress-destination-dir | tee /tmp/oryx-build.log ; exit $PIPESTATUS &quot;" /><!-- duration: 21931ms -->
              <step title="Using PythonDeploymentLogParser" date="2025-09-23T09:22:22.027" /><!-- duration: 2ms -->
              <step title="Triggering recycle (preview mode disabled)." date="2025-09-23T09:22:22.957" /><!-- duration: 4ms -->
              <step title="Modified file to trigger a restart of the app container." date="2025-09-23T09:22:22.976" /><!-- duration: 2ms -->
              <step title="Skip function trigger and logicapp sync because function is not enabled." date="2025-09-23T09:22:22.979" /><!-- duration: 1ms -->
            </step><!-- duration: 24203ms -->
          </step><!-- duration: 24295ms -->
          <step title="Cleaning up temp files" date="2025-09-23T09:22:23.823" /><!-- duration: 1606ms -->
          <step title="Cleaning up temp files" date="2025-09-23T09:22:25.431" /><!-- duration: 502ms -->
          <step title="Reloading status file with latest updates" date="2025-09-23T09:22:25.960" >
            <step title="WebHooksManager.PublishEventAsync: PostDeployment" date="2025-09-23T09:22:25.962" /><!-- duration: 18ms -->
          </step><!-- duration: 22ms -->
          <step title="Cleaning up temporary deployment - fetch deployment was successful" date="2025-09-23T09:22:25.984" /><!-- duration: 2ms -->
        </step><!-- duration: 26567ms -->
      </step><!-- duration: 27909ms -->
