<step title="BackgroundTrace" date="2025-09-24T12:30:13.797" instance="df2788" url="/api/zipdeploy" method="POST" >
  <step title="Creating temporary deployment - FetchDeploymentManager" date="2025-09-24T12:30:13.820" /><!-- duration: 1ms -->
  <step title="Creating temporary deployment" date="2025-09-24T12:30:13.823" /><!-- duration: 50ms -->
  <step title="Performing fetch based deployment" date="2025-09-24T12:30:13.882" >
    <step title="Cleaning up temp folders from previous zip deployments and extracting pushed zip file /tmp/zipdeploy/7e4a0f5a-ddbd-4ae3-af20-13e1b5f90fb7.zip (1.09 MB) to /tmp/zipdeploy/extracted" date="2025-09-24T12:30:14.990" >
      <step title="ChmodRecursive Process exited with total time taken in ms: 28" date="2025-09-24T12:30:15.088" /><!-- duration: 1ms -->
    </step><!-- duration: 101ms -->
    <step title="Deployment timer started" date="2025-09-24T12:30:17.095" >
      <step title="DeploymentManager.Deploy(id:4dd4ae28-9886-4d38-9c8e-33083cfad85b)" date="2025-09-24T12:30:17.097" >
        <step title="Collecting changeset information" date="2025-09-24T12:30:17.102" /><!-- duration: 52ms -->
        <step title="Updating submodules" date="2025-09-24T12:30:17.156" /><!-- duration: 1111ms -->
        <step title="Determining deployment builder" date="2025-09-24T12:30:18.422" >
          <step title="Builder is OryxBuilder" date="2025-09-24T12:30:18.425" /><!-- duration: 1ms -->
        </step><!-- duration: 6ms -->
        <step title="PreDeployment: context.CleanOutputPath False" date="2025-09-24T12:30:18.462" >
          <step title="PreDeployment: context.OutputPath /home/site/wwwroot" date="2025-09-24T12:30:18.549" >
            <step title="Building" date="2025-09-24T12:30:18.651" >
              <step title="Executing external process" date="2025-09-24T12:30:18.828" type="process" path="bash" arguments="-c &quot;oryx build /tmp/zipdeploy/extracted -o /home/site/wwwroot --platform python --platform-version 3.11 -p virtualenv_name=antenv --log-file /tmp/build-debug.log  -i /tmp/8ddfb661f260a22 --compress-destination-dir | tee /tmp/oryx-build.log ; exit $PIPESTATUS &quot;" /><!-- duration: 15615ms -->
              <step title="Using PythonDeploymentLogParser" date="2025-09-24T12:30:34.690" /><!-- duration: 2ms -->
              <step title="Triggering recycle (preview mode disabled)." date="2025-09-24T12:30:35.573" /><!-- duration: 2ms -->
              <step title="Modified file to trigger a restart of the app container." date="2025-09-24T12:30:35.591" /><!-- duration: 1ms -->
              <step title="Skip function trigger and logicapp sync because function is not enabled." date="2025-09-24T12:30:35.599" /><!-- duration: 2ms -->
              <step title="Purge deployment items" date="2025-09-24T12:30:36.543" >
                <step title="Remove 3a887058-, Success, received at 09/23/2025 13:17:00" date="2025-09-24T12:30:36.605" /><!-- duration: 5ms -->
              </step><!-- duration: 69ms -->
            </step><!-- duration: 18015ms -->
          </step><!-- duration: 18119ms -->
          <step title="Cleaning up temp files" date="2025-09-24T12:30:36.670" /><!-- duration: 1583ms -->
          <step title="Cleaning up temp files" date="2025-09-24T12:30:38.254" /><!-- duration: 502ms -->
          <step title="Reloading status file with latest updates" date="2025-09-24T12:30:38.772" >
            <step title="WebHooksManager.PublishEventAsync: PostDeployment" date="2025-09-24T12:30:38.773" /><!-- duration: 18ms -->
          </step><!-- duration: 20ms -->
          <step title="Cleaning up temporary deployment - fetch deployment was successful" date="2025-09-24T12:30:38.794" /><!-- duration: 1ms -->
        </step><!-- duration: 20379ms -->
      </step><!-- duration: 21750ms -->
