<step title="Incoming Request" date="2025-09-23T11:45:30.751" instance="df2788" url="/api/deployments/latest?deployer=GITHUB_ZIP_DEPLOY&amp;time=2025-09-23_11-45-12Z" method="GET" type="request" pid="768,1,52" Host="credit-risk-analysis-prod-app-25h2ya.scm.azurewebsites.net" User-Agent="GITHUBACTIONS_DeployWebAppToAzure_4a5a1b673f02fbd359f5f791fff0e4d3e82e3a2733128fe8bf04c072d54f4342" Authorization="Bas..." Content-Type="application/json; charset=utf-8" Cookie="ARRAffinity=df2788fb3e5f96d53e88638b51f78b399174bc066b03447dde3bac5ebbfa91f6;Path=/;HttpOnly;Secure;Domain=credit-risk-analysis-prod-app-25h2ya.scm.azurewebsites.net; ARRAffinitySameSite=df2788fb3e5f96d53e88638b51f78b399174bc066b03447dde3bac5ebbfa91f6;Path=/;HttpOnly;SameSite=None;Secure;Domain=credit-risk-analysis-prod-app-25h2ya.scm.azurewebsites.net" Content-Length="0" X-ARR-LOG-ID="32735cc5-080c-4baa-b37d-fa3808c10ead" CLIENT-IP="172.184.191.162:31761" X-SITE-DEPLOYMENT-ID="credit-risk-analysis-prod-app-25h2ya" WAS-DEFAULT-HOSTNAME="credit-risk-analysis-prod-app-25h2ya.scm.azurewebsites.net" X-Forwarded-Proto="https" X-AppService-Proto="https" X-Forwarded-TlsVersion="1.3" X-WAWS-Unencoded-URL="/api/deployments/latest?deployer=GITHUB_ZIP_DEPLOY&amp;time=2025-09-23_11-45-12Z" X-Client-IP="172.184.191.162" X-Client-Port="31761" >
  <step title="Cleanup Xml Logs" date="2025-09-23T11:45:30.753" >
    <step title="Cleanup Infos" date="2025-09-23T11:45:30.758" totalFiles="295" totalCleanup="135" /><!-- duration: 3ms -->
  </step><!-- duration: 12ms -->
  <step title="DeploymentService.GetResult" date="2025-09-23T11:45:30.772" >
    <step title="DeploymentService.GetLatestDeployment" date="2025-09-23T11:45:30.775" >
      <step title="DeploymentManager.GetResults" date="2025-09-23T11:45:30.777" /><!-- duration: 569ms -->
    </step><!-- duration: 575ms -->
  </step><!-- duration: 580ms -->
  <step title="Outgoing response" date="2025-09-23T11:45:31.354" type="response" statusCode="202" statusText="Accepted" /><!-- duration: 2ms -->
</step><!-- duration: 611ms -->
