<step title="Incoming Request" date="2025-09-24T12:30:32.619" instance="df2788" url="/api/deployments/latest?deployer=GITHUB_ZIP_DEPLOY&amp;time=2025-09-24_12-30-13Z" method="GET" type="request" pid="768,1,16" Host="credit-risk-analysis-prod-app-25h2ya.scm.azurewebsites.net" User-Agent="GITHUBACTIONS_DeployWebAppToAzure_4a5a1b673f02fbd359f5f791fff0e4d3e82e3a2733128fe8bf04c072d54f4342" Authorization="Bas..." Content-Type="application/json; charset=utf-8" Cookie="ARRAffinity=df2788fb3e5f96d53e88638b51f78b399174bc066b03447dde3bac5ebbfa91f6;Path=/;HttpOnly;Secure;Domain=credit-risk-analysis-prod-app-25h2ya.scm.azurewebsites.net; ARRAffinitySameSite=df2788fb3e5f96d53e88638b51f78b399174bc066b03447dde3bac5ebbfa91f6;Path=/;HttpOnly;SameSite=None;Secure;Domain=credit-risk-analysis-prod-app-25h2ya.scm.azurewebsites.net" Content-Length="0" X-ARR-LOG-ID="731cfe1b-f150-4e9d-b798-4f764054cb9a" CLIENT-IP="52.159.243.169:6209" X-SITE-DEPLOYMENT-ID="credit-risk-analysis-prod-app-25h2ya" WAS-DEFAULT-HOSTNAME="credit-risk-analysis-prod-app-25h2ya.scm.azurewebsites.net" X-Forwarded-Proto="https" X-AppService-Proto="https" X-Forwarded-TlsVersion="1.3" X-WAWS-Unencoded-URL="/api/deployments/latest?deployer=GITHUB_ZIP_DEPLOY&amp;time=2025-09-24_12-30-13Z" X-Client-IP="52.159.243.169" X-Client-Port="6209" >
  <step title="Cleanup Xml Logs" date="2025-09-24T12:30:32.621" >
    <step title="Cleanup Infos" date="2025-09-24T12:30:32.636" totalFiles="464" totalCleanup="304" /><!-- duration: 5ms -->
  </step><!-- duration: 23ms -->
  <step title="DeploymentService.GetResult" date="2025-09-24T12:30:32.650" >
    <step title="DeploymentService.GetLatestDeployment" date="2025-09-24T12:30:32.652" >
      <step title="DeploymentManager.GetResults" date="2025-09-24T12:30:32.655" /><!-- duration: 640ms -->
    </step><!-- duration: 650ms -->
  </step><!-- duration: 658ms -->
  <step title="Outgoing response" date="2025-09-24T12:30:33.313" type="response" statusCode="202" statusText="Accepted" /><!-- duration: 5ms -->
</step><!-- duration: 708ms -->
