<step title="BackgroundTrace" date="2025-09-23T13:25:37.985" instance="df2788" url="/api/zipdeploy" method="POST" >
  <step title="Creating temporary deployment - FetchDeploymentManager" date="2025-09-23T13:25:38.019" /><!-- duration: 1ms -->
  <step title="Creating temporary deployment" date="2025-09-23T13:25:38.023" /><!-- duration: 31ms -->
  <step title="Performing fetch based deployment" date="2025-09-23T13:25:38.066" >
    <step title="Cleaning up temp folders from previous zip deployments and extracting pushed zip file /tmp/zipdeploy/79e01a06-2c33-4396-92fe-d223a1293f03.zip (1.36 MB) to /tmp/zipdeploy/extracted" date="2025-09-23T13:25:39.183" >
      <step title="ChmodRecursive Process exited with total time taken in ms: 181" date="2025-09-23T13:25:39.752" /><!-- duration: 2ms -->
    </step><!-- duration: 572ms -->
    <step title="Deployment timer started" date="2025-09-23T13:25:41.759" >
      <step title="DeploymentManager.Deploy(id:ad606de1-3711-4748-9721-ae4d178bfb00)" date="2025-09-23T13:25:41.762" >
        <step title="Collecting changeset information" date="2025-09-23T13:25:41.779" /><!-- duration: 75ms -->
        <step title="Updating submodules" date="2025-09-23T13:25:41.856" /><!-- duration: 1089ms -->
        <step title="Determining deployment builder" date="2025-09-23T13:25:43.128" >
          <step title="Builder is OryxBuilder" date="2025-09-23T13:25:43.140" /><!-- duration: 2ms -->
        </step><!-- duration: 16ms -->
        <step title="PreDeployment: context.CleanOutputPath False" date="2025-09-23T13:25:43.197" >
          <step title="PreDeployment: context.OutputPath /home/site/wwwroot" date="2025-09-23T13:25:43.284" >
            <step title="Building" date="2025-09-23T13:25:43.392" >
              <step title="Executing external process" date="2025-09-23T13:25:43.910" type="process" path="bash" arguments="-c &quot;oryx build /tmp/zipdeploy/extracted -o /home/site/wwwroot --platform python --platform-version 3.11 -p virtualenv_name=antenv --log-file /tmp/build-debug.log  -i /tmp/8ddfaa4b26c1807 --compress-destination-dir | tee /tmp/oryx-build.log ; exit $PIPESTATUS &quot;" /><!-- duration: 30647ms -->
              <step title="Using PythonDeploymentLogParser" date="2025-09-23T13:26:14.864" /><!-- duration: 7ms -->
              <step title="Triggering recycle (preview mode disabled)." date="2025-09-23T13:26:15.650" /><!-- duration: 7ms -->
              <step title="Modified file to trigger a restart of the app container." date="2025-09-23T13:26:15.671" /><!-- duration: 3ms -->
              <step title="Skip function trigger and logicapp sync because function is not enabled." date="2025-09-23T13:26:15.676" /><!-- duration: 4ms -->
              <step title="Purge deployment items" date="2025-09-23T13:26:16.478" >
                <step title="Remove 6786aa78-, Success, received at 09/23/2025 11:45:15" date="2025-09-23T13:26:17.053" /><!-- duration: 1ms -->
              </step><!-- duration: 578ms -->
            </step><!-- duration: 33726ms -->
          </step><!-- duration: 33835ms -->
          <step title="Cleaning up temp files" date="2025-09-23T13:26:17.121" /><!-- duration: 1649ms -->
          <step title="Cleaning up temp files" date="2025-09-23T13:26:18.772" /><!-- duration: 503ms -->
          <step title="Reloading status file with latest updates" date="2025-09-23T13:26:19.290" >
            <step title="WebHooksManager.PublishEventAsync: PostDeployment" date="2025-09-23T13:26:19.292" /><!-- duration: 29ms -->
          </step><!-- duration: 32ms -->
          <step title="Cleaning up temporary deployment - fetch deployment was successful" date="2025-09-23T13:26:19.325" /><!-- duration: 1ms -->
        </step><!-- duration: 36163ms -->
      </step><!-- duration: 37604ms -->
