<step title="Incoming Request" date="2025-09-23T13:18:36.285" instance="df2788" url="/api/deployments/latest?deployer=GITHUB_ZIP_DEPLOY&amp;time=2025-09-23_13-18-04Z" method="GET" type="request" pid="768,1,43" Host="credit-risk-analysis-prod-app-25h2ya.scm.azurewebsites.net" User-Agent="GITHUBACTIONS_DeployWebAppToAzure_4a5a1b673f02fbd359f5f791fff0e4d3e82e3a2733128fe8bf04c072d54f4342" Authorization="Bas..." Content-Type="application/json; charset=utf-8" Cookie="ARRAffinity=df2788fb3e5f96d53e88638b51f78b399174bc066b03447dde3bac5ebbfa91f6;Path=/;HttpOnly;Secure;Domain=credit-risk-analysis-prod-app-25h2ya.scm.azurewebsites.net; ARRAffinitySameSite=df2788fb3e5f96d53e88638b51f78b399174bc066b03447dde3bac5ebbfa91f6;Path=/;HttpOnly;SameSite=None;Secure;Domain=credit-risk-analysis-prod-app-25h2ya.scm.azurewebsites.net" Content-Length="0" X-ARR-LOG-ID="66395147-5d8d-4d17-99a9-2deb95a35bc0" CLIENT-IP="172.184.214.232:35841" X-SITE-DEPLOYMENT-ID="credit-risk-analysis-prod-app-25h2ya" WAS-DEFAULT-HOSTNAME="credit-risk-analysis-prod-app-25h2ya.scm.azurewebsites.net" X-Forwarded-Proto="https" X-AppService-Proto="https" X-Forwarded-TlsVersion="1.3" X-WAWS-Unencoded-URL="/api/deployments/latest?deployer=GITHUB_ZIP_DEPLOY&amp;time=2025-09-23_13-18-04Z" X-Client-IP="172.184.214.232" X-Client-Port="35841" >
  <step title="Cleanup Xml Logs" date="2025-09-23T13:18:36.286" >
    <step title="Cleanup Infos" date="2025-09-23T13:18:36.315" totalFiles="382" totalCleanup="222" /><!-- duration: 3ms -->
  </step><!-- duration: 41ms -->
  <step title="DeploymentService.GetResult" date="2025-09-23T13:18:36.331" >
    <step title="DeploymentService.GetLatestDeployment" date="2025-09-23T13:18:36.333" >
      <step title="DeploymentManager.GetResults" date="2025-09-23T13:18:36.335" /><!-- duration: 688ms -->
    </step><!-- duration: 703ms -->
  </step><!-- duration: 705ms -->
  <step title="Outgoing response" date="2025-09-23T13:18:37.042" type="response" statusCode="202" statusText="Accepted" /><!-- duration: 5ms -->
</step><!-- duration: 764ms -->
