<step title="BackgroundTrace" date="2025-09-23T12:34:52.695" instance="df2788" url="/api/zipdeploy" method="POST" >
  <step title="Creating temporary deployment - FetchDeploymentManager" date="2025-09-23T12:34:52.728" /><!-- duration: 1ms -->
  <step title="Creating temporary deployment" date="2025-09-23T12:34:52.732" /><!-- duration: 30ms -->
  <step title="Performing fetch based deployment" date="2025-09-23T12:34:52.771" >
    <step title="Cleaning up temp folders from previous zip deployments and extracting pushed zip file /tmp/zipdeploy/42af6ca0-ad48-40e0-80c4-c5a439ef36eb.zip (1.31 MB) to /tmp/zipdeploy/extracted" date="2025-09-23T12:34:53.886" >
      <step title="ChmodRecursive Process exited with total time taken in ms: 21" date="2025-09-23T12:34:54.020" /><!-- duration: 2ms -->
    </step><!-- duration: 138ms -->
    <step title="Deployment timer started" date="2025-09-23T12:34:56.027" >
      <step title="DeploymentManager.Deploy(id:88b2cdc5-2aa3-45e0-aeb6-223df6cfc29b)" date="2025-09-23T12:34:56.030" >
        <step title="Collecting changeset information" date="2025-09-23T12:34:56.035" /><!-- duration: 57ms -->
        <step title="Updating submodules" date="2025-09-23T12:34:56.094" /><!-- duration: 1093ms -->
        <step title="Determining deployment builder" date="2025-09-23T12:34:57.329" >
          <step title="Builder is OryxBuilder" date="2025-09-23T12:34:57.333" /><!-- duration: 1ms -->
        </step><!-- duration: 6ms -->
        <step title="PreDeployment: context.CleanOutputPath False" date="2025-09-23T12:34:57.368" >
          <step title="PreDeployment: context.OutputPath /home/site/wwwroot" date="2025-09-23T12:34:57.445" >
            <step title="Building" date="2025-09-23T12:34:57.532" >
              <step title="Executing external process" date="2025-09-23T12:34:57.710" type="process" path="bash" arguments="-c &quot;oryx build /tmp/zipdeploy/extracted -o /home/site/wwwroot --platform python --platform-version 3.11 -p virtualenv_name=antenv --log-file /tmp/build-debug.log  -i /tmp/8ddfa9d9afa25a6 --compress-destination-dir | tee /tmp/oryx-build.log ; exit $PIPESTATUS &quot;" /><!-- duration: 16516ms -->
              <step title="Using PythonDeploymentLogParser" date="2025-09-23T12:35:14.492" /><!-- duration: 2ms -->
              <step title="Triggering recycle (preview mode disabled)." date="2025-09-23T12:35:15.388" /><!-- duration: 3ms -->
              <step title="Modified file to trigger a restart of the app container." date="2025-09-23T12:35:15.415" /><!-- duration: 1ms -->
              <step title="Skip function trigger and logicapp sync because function is not enabled." date="2025-09-23T12:35:15.418" /><!-- duration: 2ms -->
              <step title="Purge deployment items" date="2025-09-23T12:35:16.230" >
                <step title="Remove b21a66b8-, Success, received at 09/16/2025 15:01:05" date="2025-09-23T12:35:16.284" /><!-- duration: 1ms -->
              </step><!-- duration: 57ms -->
            </step><!-- duration: 18812ms -->
          </step><!-- duration: 18900ms -->
          <step title="Cleaning up temp files" date="2025-09-23T12:35:16.346" /><!-- duration: 1588ms -->
          <step title="Cleaning up temp files" date="2025-09-23T12:35:17.936" /><!-- duration: 504ms -->
          <step title="Reloading status file with latest updates" date="2025-09-23T12:35:18.455" >
            <step title="WebHooksManager.PublishEventAsync: PostDeployment" date="2025-09-23T12:35:18.456" /><!-- duration: 13ms -->
          </step><!-- duration: 15ms -->
          <step title="Cleaning up temporary deployment - fetch deployment was successful" date="2025-09-23T12:35:18.473" /><!-- duration: 2ms -->
        </step><!-- duration: 21136ms -->
      </step><!-- duration: 22480ms -->
