<step title="BackgroundTrace" date="2025-09-23T12:09:51.238" instance="df2788" url="/api/zipdeploy" method="POST" >
  <step title="Creating temporary deployment - FetchDeploymentManager" date="2025-09-23T12:09:51.267" /><!-- duration: 1ms -->
  <step title="Creating temporary deployment" date="2025-09-23T12:09:51.271" /><!-- duration: 22ms -->
  <step title="Performing fetch based deployment" date="2025-09-23T12:09:51.303" >
    <step title="Cleaning up temp folders from previous zip deployments and extracting pushed zip file /tmp/zipdeploy/27458a14-c25f-412b-85fc-485266a142e1.zip (1.28 MB) to /tmp/zipdeploy/extracted" date="2025-09-23T12:09:52.384" >
      <step title="ChmodRecursive Process exited with total time taken in ms: 22" date="2025-09-23T12:09:52.490" /><!-- duration: 3ms -->
    </step><!-- duration: 111ms -->
    <step title="Deployment timer started" date="2025-09-23T12:09:54.498" >
      <step title="DeploymentManager.Deploy(id:1d7a210f-cd96-4062-8a58-6fb9f74ecf8d)" date="2025-09-23T12:09:54.501" >
        <step title="Collecting changeset information" date="2025-09-23T12:09:54.506" /><!-- duration: 49ms -->
        <step title="Updating submodules" date="2025-09-23T12:09:54.557" /><!-- duration: 1075ms -->
        <step title="Determining deployment builder" date="2025-09-23T12:09:55.781" >
          <step title="Builder is OryxBuilder" date="2025-09-23T12:09:55.785" /><!-- duration: 1ms -->
        </step><!-- duration: 6ms -->
        <step title="PreDeployment: context.CleanOutputPath False" date="2025-09-23T12:09:55.819" >
          <step title="PreDeployment: context.OutputPath /home/site/wwwroot" date="2025-09-23T12:09:55.899" >
            <step title="Building" date="2025-09-23T12:09:55.989" >
              <step title="Executing external process" date="2025-09-23T12:09:56.161" type="process" path="bash" arguments="-c &quot;oryx build /tmp/zipdeploy/extracted -o /home/site/wwwroot --platform python --platform-version 3.11 -p virtualenv_name=antenv --log-file /tmp/build-debug.log  -i /tmp/8ddfa9a1bfc2c9b --compress-destination-dir | tee /tmp/oryx-build.log ; exit $PIPESTATUS &quot;" /><!-- duration: 14800ms -->
              <step title="Using PythonDeploymentLogParser" date="2025-09-23T12:10:11.204" /><!-- duration: 4ms -->
              <step title="Triggering recycle (preview mode disabled)." date="2025-09-23T12:10:11.935" /><!-- duration: 1ms -->
              <step title="Modified file to trigger a restart of the app container." date="2025-09-23T12:10:11.949" /><!-- duration: 2ms -->
              <step title="Skip function trigger and logicapp sync because function is not enabled." date="2025-09-23T12:10:11.953" /><!-- duration: 1ms -->
              <step title="Purge deployment items" date="2025-09-23T12:10:12.759" >
                <step title="Remove f8ba9de1-, Success, received at 09/16/2025 14:41:51" date="2025-09-23T12:10:12.792" /><!-- duration: 1ms -->
              </step><!-- duration: 35ms -->
            </step><!-- duration: 16849ms -->
          </step><!-- duration: 16942ms -->
          <step title="Cleaning up temp files" date="2025-09-23T12:10:12.842" /><!-- duration: 1680ms -->
          <step title="Cleaning up temp files" date="2025-09-23T12:10:14.524" /><!-- duration: 502ms -->
          <step title="Reloading status file with latest updates" date="2025-09-23T12:10:15.041" >
            <step title="WebHooksManager.PublishEventAsync: PostDeployment" date="2025-09-23T12:10:15.043" /><!-- duration: 22ms -->
          </step><!-- duration: 34ms -->
          <step title="Cleaning up temporary deployment - fetch deployment was successful" date="2025-09-23T12:10:15.077" /><!-- duration: 1ms -->
        </step><!-- duration: 19287ms -->
      </step><!-- duration: 20613ms -->
