<step title="Incoming Request" date="2025-09-24T12:30:13.091" instance="df2788" url="/api/zipdeploy?isAsync=true&amp;deployer=GITHUB_ZIP_DEPLOY&amp;message=%7B%22type%22%3A%22deployment%22%2C%22sha%22%3A%22656530cad4e8c7531aa46e2a4ba8ce60009c27e5%22%2C%22repoName%22%3A%22KaunteyShah%2Fcredit-risk-analysis-tool%22%2C%22actor%22%3A%22KaunteyShah%22%2C%22slotName%22%3A%22production%22%2C%22commitMessage%22%3A%22Fix%20Real%20Agent%20Prediction%20confidence%20score%20update%20to%20New%20Accuracy%20column%5Cn%5Cn-%20Modified%20updateScoreFromPrediction%20to%20pass%20confidence%20score%20to%20API%5Cn-%20Updated%20update_sic%20endpoint%20to%20use%20prediction%20confidence%20instead%20of%20recalculating%5Cn-%20Ensures%20Real%20Agent%20Prediction%20confidence%20flows%20seamlessly%20to%20table%20display%5Cn-%20Fixes%20issue%20where%20New%20Accuracy%20column%20didn%27t%20update%20with%20prediction%20results%22%7D" method="POST" type="request" pid="768,1,14" Host="credit-risk-analysis-prod-app-25h2ya.scm.azurewebsites.net" User-Agent="GITHUBACTIONS_DeployWebAppToAzure_4a5a1b673f02fbd359f5f791fff0e4d3e82e3a2733128fe8bf04c072d54f4342" Authorization="Bas..." Content-Type="application/octet-stream" Cookie="ARRAffinity=df2788fb3e5f96d53e88638b51f78b399174bc066b03447dde3bac5ebbfa91f6;Path=/;HttpOnly;Secure;Domain=credit-risk-analysis-prod-app-25h2ya.scm.azurewebsites.net; ARRAffinitySameSite=df2788fb3e5f96d53e88638b51f78b399174bc066b03447dde3bac5ebbfa91f6;Path=/;HttpOnly;SameSite=None;Secure;Domain=credit-risk-analysis-prod-app-25h2ya.scm.azurewebsites.net" Transfer-Encoding="chunked" X-ARR-LOG-ID="b66a1395-d596-4fc8-afba-c5fa114fbc8c" CLIENT-IP="52.159.243.169:6208" X-SITE-DEPLOYMENT-ID="credit-risk-analysis-prod-app-25h2ya" WAS-DEFAULT-HOSTNAME="credit-risk-analysis-prod-app-25h2ya.scm.azurewebsites.net" X-Forwarded-Proto="https" X-AppService-Proto="https" X-Forwarded-TlsVersion="1.3" X-WAWS-Unencoded-URL="/api/zipdeploy?isAsync=true&amp;deployer=GITHUB_ZIP_DEPLOY&amp;message=%7B%22type%22%3A%22deployment%22%2C%22sha%22%3A%22656530cad4e8c7531aa46e2a4ba8ce60009c27e5%22%2C%22repoName%22%3A%22KaunteyShah%2Fcredit-risk-analysis-tool%22%2C%22actor%22%3A%22KaunteyShah%22%2C%22slotName%22%3A%22production%22%2C%22commitMessage%22%3A%22Fix%20Real%20Agent%20Prediction%20confidence%20score%20update%20to%20New%20Accuracy%20column%5Cn%5Cn-%20Modified%20updateScoreFromPrediction%20to%20pass%20confidence%20score%20to%20API%5Cn-%20Updated%20update_sic%20endpoint%20to%20use%20prediction%20confidence%20instead%20of%20recalculating%5Cn-%20Ensures%20Real%20Agent%20Prediction%20confidence%20flows%20seamlessly%20to%20table%20display%5Cn-%20Fixes%20issue%20where%20New%20Accuracy%20column%20didn%27t%20update%20with%20prediction%20results%22%7D" X-Client-IP="52.159.243.169" X-Client-Port="6208" >
  <step title="ZipPushDeploy" date="2025-09-24T12:30:13.099" >
    <step title="ZipDeploy. Extract zip. Remote build." date="2025-09-24T12:30:13.101" /><!-- duration: 1ms -->
    <step title="Starting PushDeployAsync" date="2025-09-24T12:30:13.105" /><!-- duration: 1ms -->
    <step title="Writing artifact to /tmp/zipdeploy/7e4a0f5a-ddbd-4ae3-af20-13e1b5f90fb7.zip" date="2025-09-24T12:30:13.109" >
      <step title="Writing multipart request body to /tmp/zipdeploy/7e4a0f5a-ddbd-4ae3-af20-13e1b5f90fb7.zip" date="2025-09-24T12:30:13.110" /><!-- duration: 2ms -->
    </step><!-- duration: 679ms -->
    <step title="Removing previous build artifact&apos;s manifest file" date="2025-09-24T12:30:13.792" >
      <step title="Start deployment in the background" date="2025-09-24T12:30:13.796" >
        <step title="Acquiring Deployment Lock" date="2025-09-24T12:30:13.800" /><!-- duration: 2ms -->
        <step title="Acquired Deployment Lock" date="2025-09-24T12:30:13.818" /><!-- duration: 1ms -->
      </step><!-- duration: 79ms -->
    </step><!-- duration: 84ms -->
    <step title="Outgoing response" date="2025-09-24T12:30:13.877" type="response" statusCode="202" statusText="Accepted" /><!-- duration: 1ms -->
  </step><!-- duration: 781ms -->
