<step title="Incoming Request" date="2025-09-23T12:39:59.284" instance="df2788" url="/api/deployments/latest?deployer=GITHUB_ZIP_DEPLOY&amp;time=2025-09-23_12-39-52Z" method="GET" type="request" pid="768,1,37" Host="credit-risk-analysis-prod-app-25h2ya.scm.azurewebsites.net" User-Agent="GITHUBACTIONS_DeployWebAppToAzure_4a5a1b673f02fbd359f5f791fff0e4d3e82e3a2733128fe8bf04c072d54f4342" Authorization="Bas..." Content-Type="application/json; charset=utf-8" Cookie="ARRAffinity=df2788fb3e5f96d53e88638b51f78b399174bc066b03447dde3bac5ebbfa91f6;Path=/;HttpOnly;Secure;Domain=credit-risk-analysis-prod-app-25h2ya.scm.azurewebsites.net; ARRAffinitySameSite=df2788fb3e5f96d53e88638b51f78b399174bc066b03447dde3bac5ebbfa91f6;Path=/;HttpOnly;SameSite=None;Secure;Domain=credit-risk-analysis-prod-app-25h2ya.scm.azurewebsites.net" Content-Length="0" X-ARR-LOG-ID="5cde93ad-78dc-4a32-80b4-19c9505651cd" CLIENT-IP="57.151.129.33:36873" X-SITE-DEPLOYMENT-ID="credit-risk-analysis-prod-app-25h2ya" WAS-DEFAULT-HOSTNAME="credit-risk-analysis-prod-app-25h2ya.scm.azurewebsites.net" X-Forwarded-Proto="https" X-AppService-Proto="https" X-Forwarded-TlsVersion="1.3" X-WAWS-Unencoded-URL="/api/deployments/latest?deployer=GITHUB_ZIP_DEPLOY&amp;time=2025-09-23_12-39-52Z" X-Client-IP="57.151.129.33" X-Client-Port="36873" >
  <step title="Cleanup Xml Logs" date="2025-09-23T12:39:59.286" >
    <step title="Cleanup Infos" date="2025-09-23T12:39:59.290" totalFiles="341" totalCleanup="181" /><!-- duration: 2ms -->
  </step><!-- duration: 8ms -->
  <step title="DeploymentService.GetResult" date="2025-09-23T12:39:59.296" >
    <step title="DeploymentService.GetLatestDeployment" date="2025-09-23T12:39:59.297" >
      <step title="DeploymentManager.GetResults" date="2025-09-23T12:39:59.299" /><!-- duration: 505ms -->
    </step><!-- duration: 511ms -->
  </step><!-- duration: 514ms -->
  <step title="Outgoing response" date="2025-09-23T12:39:59.812" type="response" statusCode="202" statusText="Accepted" /><!-- duration: 2ms -->
</step><!-- duration: 531ms -->
