<step title="Incoming Request" date="2025-09-23T09:21:23.568" instance="df2788" url="/api/zipdeploy?isAsync=true&amp;deployer=GITHUB_ZIP_DEPLOY&amp;message=%7B%22type%22%3A%22deployment%22%2C%22sha%22%3A%22d22bbfd7a05e266c2ed6517fab67399bf470793d%22%2C%22repoName%22%3A%22KaunteyShah%2Fcredit-risk-analysis-tool%22%2C%22actor%22%3A%22KaunteyShah%22%2C%22slotName%22%3A%22production%22%2C%22commitMessage%22%3A%22Initial%20commit%3A%20Credit%20Risk%20Analysis%20Tool%20with%20quality%20improvements%22%7D" method="POST" type="request" pid="767,1,3" Host="credit-risk-analysis-prod-app-25h2ya.scm.azurewebsites.net" User-Agent="GITHUBACTIONS_DeployWebAppToAzure_4a5a1b673f02fbd359f5f791fff0e4d3e82e3a2733128fe8bf04c072d54f4342" Authorization="Bas..." Content-Type="application/octet-stream" Cookie="ARRAffinity=df2788fb3e5f96d53e88638b51f78b399174bc066b03447dde3bac5ebbfa91f6;Path=/;HttpOnly;Secure;Domain=credit-risk-analysis-prod-app-25h2ya.scm.azurewebsites.net; ARRAffinitySameSite=df2788fb3e5f96d53e88638b51f78b399174bc066b03447dde3bac5ebbfa91f6;Path=/;HttpOnly;SameSite=None;Secure;Domain=credit-risk-analysis-prod-app-25h2ya.scm.azurewebsites.net" Transfer-Encoding="chunked" X-ARR-LOG-ID="43c072b7-e9a0-4b35-9cfd-32a9508d91d8" CLIENT-IP="20.51.198.217:47176" X-SITE-DEPLOYMENT-ID="credit-risk-analysis-prod-app-25h2ya" WAS-DEFAULT-HOSTNAME="credit-risk-analysis-prod-app-25h2ya.scm.azurewebsites.net" X-Forwarded-Proto="https" X-AppService-Proto="https" X-Forwarded-TlsVersion="1.3" X-WAWS-Unencoded-URL="/api/zipdeploy?isAsync=true&amp;deployer=GITHUB_ZIP_DEPLOY&amp;message=%7B%22type%22%3A%22deployment%22%2C%22sha%22%3A%22d22bbfd7a05e266c2ed6517fab67399bf470793d%22%2C%22repoName%22%3A%22KaunteyShah%2Fcredit-risk-analysis-tool%22%2C%22actor%22%3A%22KaunteyShah%22%2C%22slotName%22%3A%22production%22%2C%22commitMessage%22%3A%22Initial%20commit%3A%20Credit%20Risk%20Analysis%20Tool%20with%20quality%20improvements%22%7D" X-Client-IP="20.51.198.217" X-Client-Port="47176" >
  <step title="ZipPushDeploy" date="2025-09-23T09:21:23.572" >
    <step title="ZipDeploy. Extract zip. Remote build." date="2025-09-23T09:21:23.575" /><!-- duration: 1ms -->
    <step title="Starting PushDeployAsync" date="2025-09-23T09:21:23.579" /><!-- duration: 1ms -->
    <step title="Writing artifact to /tmp/zipdeploy/a5ed5423-0f4e-4404-833d-0907e975a86a.zip" date="2025-09-23T09:21:23.584" >
      <step title="Writing multipart request body to /tmp/zipdeploy/a5ed5423-0f4e-4404-833d-0907e975a86a.zip" date="2025-09-23T09:21:23.585" /><!-- duration: 2ms -->
    </step><!-- duration: 371ms -->
    <step title="Removing previous build artifact&apos;s manifest file" date="2025-09-23T09:21:23.957" >
      <step title="Start deployment in the background" date="2025-09-23T09:21:23.962" >
        <step title="Acquiring Deployment Lock" date="2025-09-23T09:21:23.967" /><!-- duration: 2ms -->
        <step title="Cannot Acquire Deployment Lock already held" date="2025-09-23T09:21:23.971" /><!-- duration: 1ms -->
      </step><!-- duration: 29ms -->
      <step title="There is a deployment currently in progress. Please try again when it completes." date="2025-09-23T09:21:23.993" /><!-- duration: 1ms -->
    </step><!-- duration: 41ms -->
    <step title="Outgoing response" date="2025-09-23T09:21:24.002" type="response" statusCode="409" statusText="Conflict" /><!-- duration: 2ms -->
  </step><!-- duration: 438ms -->
