<step title="Incoming Request" date="2025-09-16T15:01:01.784" instance="df2788" url="/api/zipdeploy?isAsync=true&amp;deployer=GITHUB_ZIP_DEPLOY&amp;message=%7B%22type%22%3A%22deployment%22%2C%22sha%22%3A%22f8437ec07cc6dc8fc3da3ee2fec4caac26a5de2f%22%2C%22repoName%22%3A%22KaunteyShah%2Fcredit-risk-analysis-tool%22%2C%22actor%22%3A%22KaunteyShah%22%2C%22slotName%22%3A%22production%22%2C%22commitMessage%22%3A%22Add%20deployment%20test%20file%20to%20trigger%20fresh%20Azure%20deployment%5Cn%5Cn-%20Testing%20GitHub%20Actions%20to%20Azure%20deployment%20pipeline%5Cn-%20Verifying%20all%20recent%20fixes%20are%20deployed%20correctly%5Cn-%20Includes%20CSV%20data%20loading%20and%20module%20import%20fixes%22%7D" method="POST" type="request" pid="767,1,34" Host="credit-risk-analysis-prod-app-25h2ya.scm.azurewebsites.net" User-Agent="GITHUBACTIONS_DeployWebAppToAzure_4a5a1b673f02fbd359f5f791fff0e4d3e82e3a2733128fe8bf04c072d54f4342" Authorization="Bas..." Content-Type="application/octet-stream" Cookie="ARRAffinity=df2788fb3e5f96d53e88638b51f78b399174bc066b03447dde3bac5ebbfa91f6;Path=/;HttpOnly;Secure;Domain=credit-risk-analysis-prod-app-25h2ya.scm.azurewebsites.net; ARRAffinitySameSite=df2788fb3e5f96d53e88638b51f78b399174bc066b03447dde3bac5ebbfa91f6;Path=/;HttpOnly;SameSite=None;Secure;Domain=credit-risk-analysis-prod-app-25h2ya.scm.azurewebsites.net" Transfer-Encoding="chunked" X-ARR-LOG-ID="adcc9fba-75b7-40b7-a8e4-3edfc635e2b3" CLIENT-IP="9.234.151.114:44048" X-SITE-DEPLOYMENT-ID="credit-risk-analysis-prod-app-25h2ya" WAS-DEFAULT-HOSTNAME="credit-risk-analysis-prod-app-25h2ya.scm.azurewebsites.net" X-Forwarded-Proto="https" X-AppService-Proto="https" X-Forwarded-TlsVersion="1.3" X-WAWS-Unencoded-URL="/api/zipdeploy?isAsync=true&amp;deployer=GITHUB_ZIP_DEPLOY&amp;message=%7B%22type%22%3A%22deployment%22%2C%22sha%22%3A%22f8437ec07cc6dc8fc3da3ee2fec4caac26a5de2f%22%2C%22repoName%22%3A%22KaunteyShah%2Fcredit-risk-analysis-tool%22%2C%22actor%22%3A%22KaunteyShah%22%2C%22slotName%22%3A%22production%22%2C%22commitMessage%22%3A%22Add%20deployment%20test%20file%20to%20trigger%20fresh%20Azure%20deployment%5Cn%5Cn-%20Testing%20GitHub%20Actions%20to%20Azure%20deployment%20pipeline%5Cn-%20Verifying%20all%20recent%20fixes%20are%20deployed%20correctly%5Cn-%20Includes%20CSV%20data%20loading%20and%20module%20import%20fixes%22%7D" X-Client-IP="9.234.151.114" X-Client-Port="44048" >
  <step title="ZipPushDeploy" date="2025-09-16T15:01:01.794" >
    <step title="ZipDeploy. Extract zip. Remote build." date="2025-09-16T15:01:01.798" /><!-- duration: 2ms -->
    <step title="Starting PushDeployAsync" date="2025-09-16T15:01:01.802" /><!-- duration: 1ms -->
    <step title="Writing artifact to /tmp/zipdeploy/d480f9ae-5a99-43ad-9fea-3f00ac6387a5.zip" date="2025-09-16T15:01:01.808" >
      <step title="Writing multipart request body to /tmp/zipdeploy/d480f9ae-5a99-43ad-9fea-3f00ac6387a5.zip" date="2025-09-16T15:01:01.809" /><!-- duration: 2ms -->
    </step><!-- duration: 367ms -->
    <step title="Removing previous build artifact&apos;s manifest file" date="2025-09-16T15:01:02.180" >
      <step title="Start deployment in the background" date="2025-09-16T15:01:02.184" >
        <step title="Acquiring Deployment Lock" date="2025-09-16T15:01:02.189" /><!-- duration: 2ms -->
        <step title="Acquired Deployment Lock" date="2025-09-16T15:01:02.218" /><!-- duration: 17ms -->
      </step><!-- duration: 95ms -->
    </step><!-- duration: 104ms -->
    <step title="Outgoing response" date="2025-09-16T15:01:02.286" type="response" statusCode="202" statusText="Accepted" /><!-- duration: 2ms -->
  </step><!-- duration: 495ms -->
