<step title="Incoming Request" date="2025-09-16T12:56:02.345" instance="df2788" url="/api/zipdeploy?isAsync=true&amp;deployer=GITHUB_ZIP_DEPLOY&amp;message=%7B%22type%22%3A%22deployment%22%2C%22sha%22%3A%22d7aad6e70b8d3ec65e2f00e36144fa670aee9c43%22%2C%22repoName%22%3A%22KaunteyShah%2Fcredit-risk-analysis-tool%22%2C%22actor%22%3A%22KaunteyShah%22%2C%22slotName%22%3A%22production%22%2C%22commitMessage%22%3A%22%F0%9F%94%A7%20Fix%20Python%20deployment%20issue%20and%20configure%20App%20Service%5Cn%5Cn%E2%9C%85%20Added%20proper%20startup.sh%20script%20for%20Azure%20App%20Service%5Cn%E2%9C%85%20Disabled%20simple-deploy%20workflow%20to%20avoid%20conflicts%5Cn%E2%9C%85%20Configured%20App%20Service%20with%20proper%20Python%20environment%5Cn%E2%9C%85%20Set%20startup%20command%20and%20environment%20variables%20via%20Azure%20CLI%5Cn%E2%9C%85%20Fixed%20Python%20path%20and%20port%20configuration%5Cn%5CnApp%20Service%20now%20properly%20configured%20for%20Python%2FStreamlit%3A%5Cn-%20Startup%20script%3A%20startup.sh%5Cn-%20Port%3A%208000%20(WEBSITES_PORT)%5Cn-%20Python%20path%3A%20%2Fhome%2Fsite%2Fwwwroot%5Cn-%20Build%20during%20deployment%3A%20enabled%5Cn-%20Environment%20variables%3A%20configured%20for%20Databricks%20integration%22%7D" method="POST" type="request" pid="768,1,3" Host="credit-risk-analysis-prod-app-25h2ya.scm.azurewebsites.net" User-Agent="GITHUBACTIONS_DeployWebAppToAzure_4a5a1b673f02fbd359f5f791fff0e4d3e82e3a2733128fe8bf04c072d54f4342" Authorization="Bas..." Content-Type="application/octet-stream" Cookie="ARRAffinity=df2788fb3e5f96d53e88638b51f78b399174bc066b03447dde3bac5ebbfa91f6;Path=/;HttpOnly;Secure;Domain=credit-risk-analysis-prod-app-25h2ya.scm.azurewebsites.net; ARRAffinitySameSite=df2788fb3e5f96d53e88638b51f78b399174bc066b03447dde3bac5ebbfa91f6;Path=/;HttpOnly;SameSite=None;Secure;Domain=credit-risk-analysis-prod-app-25h2ya.scm.azurewebsites.net" Transfer-Encoding="chunked" X-ARR-LOG-ID="f9e7c146-4523-4cf5-a25a-71a8abe6f4bb" CLIENT-IP="172.208.127.82:25600" X-SITE-DEPLOYMENT-ID="credit-risk-analysis-prod-app-25h2ya" WAS-DEFAULT-HOSTNAME="credit-risk-analysis-prod-app-25h2ya.scm.azurewebsites.net" X-Forwarded-Proto="https" X-AppService-Proto="https" X-Forwarded-TlsVersion="1.3" X-WAWS-Unencoded-URL="/api/zipdeploy?isAsync=true&amp;deployer=GITHUB_ZIP_DEPLOY&amp;message=%7B%22type%22%3A%22deployment%22%2C%22sha%22%3A%22d7aad6e70b8d3ec65e2f00e36144fa670aee9c43%22%2C%22repoName%22%3A%22KaunteyShah%2Fcredit-risk-analysis-tool%22%2C%22actor%22%3A%22KaunteyShah%22%2C%22slotName%22%3A%22production%22%2C%22commitMessage%22%3A%22%F0%9F%94%A7%20Fix%20Python%20deployment%20issue%20and%20configure%20App%20Service%5Cn%5Cn%E2%9C%85%20Added%20proper%20startup.sh%20script%20for%20Azure%20App%20Service%5Cn%E2%9C%85%20Disabled%20simple-deploy%20workflow%20to%20avoid%20conflicts%5Cn%E2%9C%85%20Configured%20App%20Service%20with%20proper%20Python%20environment%5Cn%E2%9C%85%20Set%20startup%20command%20and%20environment%20variables%20via%20Azure%20CLI%5Cn%E2%9C%85%20Fixed%20Python%20path%20and%20port%20configuration%5Cn%5CnApp%20Service%20now%20properly%20configured%20for%20Python%2FStreamlit%3A%5Cn-%20Startup%20script%3A%20startup.sh%5Cn-%20Port%3A%208000%20(WEBSITES_PORT)%5Cn-%20Python%20path%3A%20%2Fhome%2Fsite%2Fwwwroot%5Cn-%20Build%20during%20deployment%3A%20enabled%5Cn-%20Environment%20variables%3A%20configured%20for%20Databricks%20integration%22%7D" X-Client-IP="172.208.127.82" X-Client-Port="25600" >
  <step title="ZipPushDeploy" date="2025-09-16T12:56:02.371" >
    <step title="ZipDeploy. Extract zip. Remote build." date="2025-09-16T12:56:02.375" /><!-- duration: 1ms -->
    <step title="None repository commit" date="2025-09-16T12:56:02.380" >
      <step title="Commit id: 4b0c89de-1049-465b-9a23-3f6ff9037fee" date="2025-09-16T12:56:02.381" Message="N/A" AuthorName="N/A" AuthorEmail="N/A" /><!-- duration: 2ms -->
    </step><!-- duration: 6ms -->
    <step title="Starting PushDeployAsync" date="2025-09-16T12:56:02.387" /><!-- duration: 1ms -->
    <step title="Writing artifact to /tmp/zipdeploy/0499ead9-fc52-4966-b2bb-496e41c08359.zip" date="2025-09-16T12:56:02.587" >
      <step title="Writing multipart request body to /tmp/zipdeploy/0499ead9-fc52-4966-b2bb-496e41c08359.zip" date="2025-09-16T12:56:02.590" /><!-- duration: 1ms -->
    </step><!-- duration: 19ms -->
    <step title="Start deployment in the background" date="2025-09-16T12:56:02.611" >
      <step title="Acquiring Deployment Lock" date="2025-09-16T12:56:02.620" /><!-- duration: 2ms -->
      <step title="Acquired Deployment Lock" date="2025-09-16T12:56:02.641" /><!-- duration: 2ms -->
    </step><!-- duration: 78ms -->
  </step><!-- duration: 322ms -->
  <step title="Outgoing response" date="2025-09-16T12:56:02.697" type="response" statusCode="202" statusText="Accepted" /><!-- duration: 2ms -->
</step><!-- duration: 355ms -->
