<step title="Incoming Request" date="2025-09-23T09:20:58.789" instance="df2788" url="/api/zipdeploy?isAsync=true&amp;deployer=GITHUB_ZIP_DEPLOY&amp;message=%7B%22type%22%3A%22deployment%22%2C%22sha%22%3A%22d22bbfd7a05e266c2ed6517fab67399bf470793d%22%2C%22repoName%22%3A%22KaunteyShah%2Fcredit-risk-analysis-tool%22%2C%22actor%22%3A%22KaunteyShah%22%2C%22slotName%22%3A%22production%22%2C%22commitMessage%22%3A%22Initial%20commit%3A%20Credit%20Risk%20Analysis%20Tool%20with%20quality%20improvements%22%7D" method="POST" type="request" pid="767,1,36" Host="credit-risk-analysis-prod-app-25h2ya.scm.azurewebsites.net" User-Agent="GITHUBACTIONS_DeployWebAppToAzure_4a5a1b673f02fbd359f5f791fff0e4d3e82e3a2733128fe8bf04c072d54f4342" Authorization="Bas..." Content-Type="application/octet-stream" Cookie="ARRAffinity=df2788fb3e5f96d53e88638b51f78b399174bc066b03447dde3bac5ebbfa91f6;Path=/;HttpOnly;Secure;Domain=credit-risk-analysis-prod-app-25h2ya.scm.azurewebsites.net; ARRAffinitySameSite=df2788fb3e5f96d53e88638b51f78b399174bc066b03447dde3bac5ebbfa91f6;Path=/;HttpOnly;SameSite=None;Secure;Domain=credit-risk-analysis-prod-app-25h2ya.scm.azurewebsites.net" Transfer-Encoding="chunked" X-ARR-LOG-ID="7d5473f8-431d-4af9-937f-f7cd41866672" CLIENT-IP="20.51.198.217:47176" X-SITE-DEPLOYMENT-ID="credit-risk-analysis-prod-app-25h2ya" WAS-DEFAULT-HOSTNAME="credit-risk-analysis-prod-app-25h2ya.scm.azurewebsites.net" X-Forwarded-Proto="https" X-AppService-Proto="https" X-Forwarded-TlsVersion="1.3" X-WAWS-Unencoded-URL="/api/zipdeploy?isAsync=true&amp;deployer=GITHUB_ZIP_DEPLOY&amp;message=%7B%22type%22%3A%22deployment%22%2C%22sha%22%3A%22d22bbfd7a05e266c2ed6517fab67399bf470793d%22%2C%22repoName%22%3A%22KaunteyShah%2Fcredit-risk-analysis-tool%22%2C%22actor%22%3A%22KaunteyShah%22%2C%22slotName%22%3A%22production%22%2C%22commitMessage%22%3A%22Initial%20commit%3A%20Credit%20Risk%20Analysis%20Tool%20with%20quality%20improvements%22%7D" X-Client-IP="20.51.198.217" X-Client-Port="47176" >
  <step title="Cleanup Xml Logs" date="2025-09-23T09:20:58.791" /><!-- duration: 7ms -->
  <step title="ZipPushDeploy" date="2025-09-23T09:20:58.803" >
    <step title="ZipDeploy. Extract zip. Remote build." date="2025-09-23T09:20:58.806" /><!-- duration: 1ms -->
    <step title="Starting PushDeployAsync" date="2025-09-23T09:20:58.810" /><!-- duration: 2ms -->
    <step title="Writing artifact to /tmp/zipdeploy/d49a0d28-9a6d-4ac4-a120-ed6c5fb0a37b.zip" date="2025-09-23T09:20:58.817" >
      <step title="Writing multipart request body to /tmp/zipdeploy/d49a0d28-9a6d-4ac4-a120-ed6c5fb0a37b.zip" date="2025-09-23T09:20:58.819" /><!-- duration: 3ms -->
    </step><!-- duration: 379ms -->
    <step title="Start deployment in the background" date="2025-09-23T09:20:59.203" >
      <step title="Acquiring Deployment Lock" date="2025-09-23T09:20:59.208" /><!-- duration: 2ms -->
      <step title="Cannot Acquire Deployment Lock already held" date="2025-09-23T09:20:59.216" /><!-- duration: 4ms -->
    </step><!-- duration: 64ms -->
    <step title="There is a deployment currently in progress. Please try again when it completes." date="2025-09-23T09:20:59.269" /><!-- duration: 1ms -->
  </step><!-- duration: 471ms -->
  <step title="Outgoing response" date="2025-09-23T09:20:59.277" type="response" statusCode="409" statusText="Conflict" /><!-- duration: 1ms -->
</step><!-- duration: 494ms -->
