<step title="Incoming Request" date="2025-09-26T16:16:35.286" instance="e63a90" url="/api/publish?type=zip&amp;async=False" method="POST" type="request" pid="769,1,15" Accept="*/*" Host="credit-risk-clean-app.scm.azurewebsites.net" User-Agent="AZURECLI/2.76.0 (HOMEBREW)" Accept-Encoding="gzip, deflate" Authorization="Bea..." Cache-Control="no-cache" Content-Type="application/octet-stream" Cookie="ARRAffinity=e63a905017535be41fdba6560ff1ca4471d38789f7bd81ecafc51bcd61386024; ARRAffinitySameSite=e63a905017535be41fdba6560ff1ca4471d38789f7bd81ecafc51bcd61386024" Content-Length="4985081" x-ms-client-request-id="1863d1ae-9af4-11f0-8352-02213740a574" x-ms-artifact-checksum="d41f18008ef55fdbce642b45e15aad808bac49b4a4bcdeb2463379e90d13043b" X-ARR-LOG-ID="1863d1ae-9af4-11f0-8352-02213740a574" CLIENT-IP="82.7.68.78:56930" X-SITE-DEPLOYMENT-ID="credit-risk-clean-app" WAS-DEFAULT-HOSTNAME="credit-risk-clean-app.scm.azurewebsites.net" X-Forwarded-Proto="https" X-AppService-Proto="https" X-Forwarded-TlsVersion="1.3" X-WAWS-Unencoded-URL="/api/publish?type=zip&amp;async=False" X-Client-IP="82.7.68.78" X-Client-Port="56930" >
  <step title="OneDeploy" date="2025-09-26T16:16:36.210" >
    <step title="None repository commit" date="2025-09-26T16:16:36.280" >
      <step title="Commit id: 1a937cb7-380b-4ed6-b139-85b4f7a147d0" date="2025-09-26T16:16:36.312" Message="N/A" AuthorName="N/A" AuthorEmail="N/A" /><!-- duration: 19ms -->
    </step><!-- duration: 62ms -->
    <step title="Starting PushDeployAsync" date="2025-09-26T16:16:36.352" /><!-- duration: 10ms -->
    <step title="Writing artifact to /tmp/zipdeploy/645a0361-1bc5-41bc-aa0c-cd16b9f24eb2.zip" date="2025-09-26T16:16:36.441" >
      <step title="Writing multipart request body to /tmp/zipdeploy/645a0361-1bc5-41bc-aa0c-cd16b9f24eb2.zip" date="2025-09-26T16:16:36.451" /><!-- duration: 9ms -->
    </step><!-- duration: 394ms -->
    <step title="Attempting to fetch target branch HEAD" date="2025-09-26T16:16:36.934" /><!-- duration: 2ms -->
    <step title="Acquiring Deployment Lock" date="2025-09-26T16:16:36.954" /><!-- duration: 2ms -->
    <step title="Acquired Deployment Lock" date="2025-09-26T16:16:36.985" /><!-- duration: 3ms -->
    <step title="Performing fetch based deployment" date="2025-09-26T16:16:37.024" >
      <step title="Creating temporary deployment" date="2025-09-26T16:16:37.035" /><!-- duration: 53ms -->
      <step title="Releasing Deployment Lock" date="2025-09-26T16:16:38.227" /><!-- duration: 4ms -->
      <step title="Cleaning up temp folders from previous zip deployments and extracting pushed zip file /tmp/zipdeploy/645a0361-1bc5-41bc-aa0c-cd16b9f24eb2.zip (4.75 MB) to /tmp/zipdeploy/extracted" date="2025-09-26T16:16:38.274" >
        <step title="ChmodRecursive Process exited with total time taken in ms: 178" date="2025-09-26T16:16:42.378" /><!-- duration: 11ms -->
      </step><!-- duration: 4131ms -->
      <step title="None repository commit" date="2025-09-26T16:16:42.409" >
        <step title="Commit id: 1a937cb7-380b-4ed6-b139-85b4f7a147d0" date="2025-09-26T16:16:42.415" Message="OneDeploy" AuthorName="N/A" AuthorEmail="N/A" /><!-- duration: 2ms -->
      </step><!-- duration: 10ms -->
      <step title="Deployment timer started" date="2025-09-26T16:16:44.430" >
        <step title="DeploymentManager.Deploy(id:1a937cb7-380b-4ed6-b139-85b4f7a147d0)" date="2025-09-26T16:16:44.440" >
          <step title="Collecting changeset information" date="2025-09-26T16:16:44.460" /><!-- duration: 87ms -->
          <step title="Updating submodules" date="2025-09-26T16:16:44.550" /><!-- duration: 1119ms -->
          <step title="Determining deployment builder" date="2025-09-26T16:16:45.861" >
            <step title="Builder is OryxBuilder" date="2025-09-26T16:16:45.881" /><!-- duration: 2ms -->
          </step><!-- duration: 25ms -->
          <step title="PreDeployment: context.CleanOutputPath False" date="2025-09-26T16:16:45.925" >
            <step title="PreDeployment: context.OutputPath /home/site/wwwroot" date="2025-09-26T16:16:46.037" >
              <step title="Building" date="2025-09-26T16:16:46.159" >
                <step title="Executing external process" date="2025-09-26T16:16:46.490" type="process" path="bash" arguments="-c &quot;oryx build /tmp/zipdeploy/extracted -o /home/site/wwwroot --platform python --platform-version 3.11 -p virtualenv_name=antenv --log-file /tmp/build-debug.log  -i /tmp/8ddfd1816bb98d4 --compress-destination-dir | tee /tmp/oryx-build.log ; exit $PIPESTATUS &quot;" >
                  <step title="Cpu: python(927,41.260s)+ts(928,0.120s)+build.sh(926,0.000s)+build.sh(925,0.000s)+build.sh(815,0.110s)+oryx(798,7.200s)+tee(799,0.000s)+bash(797,0.000s)=total(48.680s)" date="2025-09-26T16:19:13.868" /><!-- duration: 49ms -->
                  <step title="bash: no io activity for 60s, prev-cpu=-1.000s, current-cpu=48.680s" date="2025-09-26T16:19:13.956" /><!-- duration: 21ms -->
                  <step title="Cpu: python(927,64.770s)+ts(928,0.120s)+build.sh(926,0.000s)+build.sh(925,0.000s)+build.sh(815,0.110s)+oryx(798,7.270s)+tee(799,0.000s)+bash(797,0.000s)=total(72.260s)" date="2025-09-26T16:20:15.019" /><!-- duration: 107ms -->
                  <step title="bash: no io activity for 122s, prev-cpu=48.680s, current-cpu=72.260s" date="2025-09-26T16:20:15.206" /><!-- duration: 19ms -->
                  <step title="Cpu: python(927,84.210s)+ts(928,0.120s)+build.sh(926,0.000s)+build.sh(925,0.000s)+build.sh(815,0.110s)+oryx(798,7.400s)+tee(799,0.000s)+bash(797,0.000s)=total(91.830s)" date="2025-09-26T16:21:16.150" /><!-- duration: 159ms -->
                  <step title="bash: no io activity for 183s, prev-cpu=72.260s, current-cpu=91.830s" date="2025-09-26T16:21:16.417" /><!-- duration: 40ms -->
