<step title="BackgroundTrace" date="2025-09-23T12:09:23.073" instance="df2788" url="/api/zipdeploy" method="POST" >
  <step title="Creating temporary deployment - FetchDeploymentManager" date="2025-09-23T12:09:23.095" /><!-- duration: 1ms -->
  <step title="Creating temporary deployment" date="2025-09-23T12:09:23.098" /><!-- duration: 25ms -->
  <step title="Performing fetch based deployment" date="2025-09-23T12:09:23.132" >
    <step title="Cleaning up temp folders from previous zip deployments and extracting pushed zip file /tmp/zipdeploy/a3972d70-46a2-43ea-aa1c-3c266e105e39.zip (1.30 MB) to /tmp/zipdeploy/extracted" date="2025-09-23T12:09:24.230" >
      <step title="ChmodRecursive Process exited with total time taken in ms: 22" date="2025-09-23T12:09:24.343" /><!-- duration: 5ms -->
    </step><!-- duration: 119ms -->
    <step title="Deployment timer started" date="2025-09-23T12:09:26.352" >
      <step title="DeploymentManager.Deploy(id:00f4dfb2-9a4e-4cd9-b926-e961869c294e)" date="2025-09-23T12:09:26.354" >
        <step title="Collecting changeset information" date="2025-09-23T12:09:26.359" /><!-- duration: 54ms -->
        <step title="Updating submodules" date="2025-09-23T12:09:26.415" /><!-- duration: 1084ms -->
        <step title="Determining deployment builder" date="2025-09-23T12:09:27.653" >
          <step title="Builder is OryxBuilder" date="2025-09-23T12:09:27.656" /><!-- duration: 1ms -->
        </step><!-- duration: 6ms -->
        <step title="PreDeployment: context.CleanOutputPath False" date="2025-09-23T12:09:27.692" >
          <step title="PreDeployment: context.OutputPath /home/site/wwwroot" date="2025-09-23T12:09:27.768" >
            <step title="Building" date="2025-09-23T12:09:27.863" >
              <step title="Executing external process" date="2025-09-23T12:09:28.048" type="process" path="bash" arguments="-c &quot;oryx build /tmp/zipdeploy/extracted -o /home/site/wwwroot --platform python --platform-version 3.11 -p virtualenv_name=antenv --log-file /tmp/build-debug.log  -i /tmp/8ddfa9a0b38042e --compress-destination-dir | tee /tmp/oryx-build.log ; exit $PIPESTATUS &quot;" /><!-- duration: 15598ms -->
              <step title="Using PythonDeploymentLogParser" date="2025-09-23T12:09:43.882" /><!-- duration: 2ms -->
              <step title="Triggering recycle (preview mode disabled)." date="2025-09-23T12:09:44.674" /><!-- duration: 2ms -->
              <step title="Modified file to trigger a restart of the app container." date="2025-09-23T12:09:44.698" /><!-- duration: 1ms -->
              <step title="Skip function trigger and logicapp sync because function is not enabled." date="2025-09-23T12:09:44.701" /><!-- duration: 1ms -->
              <step title="Purge deployment items" date="2025-09-23T12:09:45.532" >
                <step title="Remove 6b1f9a5c-, Success, received at 09/16/2025 13:56:59" date="2025-09-23T12:09:45.568" /><!-- duration: 1ms -->
              </step><!-- duration: 38ms -->
            </step><!-- duration: 17763ms -->
          </step><!-- duration: 17863ms -->
          <step title="Cleaning up temp files" date="2025-09-23T12:09:45.632" /><!-- duration: 1588ms -->
          <step title="Cleaning up temp files" date="2025-09-23T12:09:47.241" /><!-- duration: 503ms -->
          <step title="Reloading status file with latest updates" date="2025-09-23T12:09:47.778" >
            <step title="WebHooksManager.PublishEventAsync: PostDeployment" date="2025-09-23T12:09:47.780" /><!-- duration: 13ms -->
          </step><!-- duration: 16ms -->
          <step title="Cleaning up temporary deployment - fetch deployment was successful" date="2025-09-23T12:09:47.796" /><!-- duration: 1ms -->
        </step><!-- duration: 20135ms -->
      </step><!-- duration: 21479ms -->
