<step title="Incoming Request" date="2025-09-23T13:24:50.489" instance="df2788" url="/api/deployments/latest?deployer=GITHUB_ZIP_DEPLOY&amp;time=2025-09-23_13-24-44Z" method="GET" type="request" pid="768,1,62" Host="credit-risk-analysis-prod-app-25h2ya.scm.azurewebsites.net" User-Agent="GITHUBACTIONS_DeployWebAppToAzure_4a5a1b673f02fbd359f5f791fff0e4d3e82e3a2733128fe8bf04c072d54f4342" Authorization="Bas..." Content-Type="application/json; charset=utf-8" Cookie="ARRAffinity=df2788fb3e5f96d53e88638b51f78b399174bc066b03447dde3bac5ebbfa91f6;Path=/;HttpOnly;Secure;Domain=credit-risk-analysis-prod-app-25h2ya.scm.azurewebsites.net; ARRAffinitySameSite=df2788fb3e5f96d53e88638b51f78b399174bc066b03447dde3bac5ebbfa91f6;Path=/;HttpOnly;SameSite=None;Secure;Domain=credit-risk-analysis-prod-app-25h2ya.scm.azurewebsites.net" Content-Length="0" X-ARR-LOG-ID="be533d95-d402-4fbb-b44a-4f2abecd0793" CLIENT-IP="64.236.200.230:33793" X-SITE-DEPLOYMENT-ID="credit-risk-analysis-prod-app-25h2ya" WAS-DEFAULT-HOSTNAME="credit-risk-analysis-prod-app-25h2ya.scm.azurewebsites.net" X-Forwarded-Proto="https" X-AppService-Proto="https" X-Forwarded-TlsVersion="1.3" X-WAWS-Unencoded-URL="/api/deployments/latest?deployer=GITHUB_ZIP_DEPLOY&amp;time=2025-09-23_13-24-44Z" X-Client-IP="64.236.200.230" X-Client-Port="33793" >
  <step title="Cleanup Xml Logs" date="2025-09-23T13:24:50.490" >
    <step title="Cleanup Infos" date="2025-09-23T13:24:50.496" totalFiles="388" totalCleanup="228" /><!-- duration: 3ms -->
  </step><!-- duration: 10ms -->
  <step title="DeploymentService.GetResult" date="2025-09-23T13:24:50.503" >
    <step title="DeploymentService.GetLatestDeployment" date="2025-09-23T13:24:50.504" >
      <step title="DeploymentManager.GetResults" date="2025-09-23T13:24:50.539" /><!-- duration: 466ms -->
    </step><!-- duration: 502ms -->
  </step><!-- duration: 504ms -->
  <step title="Outgoing response" date="2025-09-23T13:24:51.009" type="response" statusCode="202" statusText="Accepted" /><!-- duration: 1ms -->
</step><!-- duration: 522ms -->
