<step title="Incoming Request" date="2025-09-23T09:22:00.798" instance="df2788" url="/api/deployments/latest?deployer=GITHUB_ZIP_DEPLOY&amp;time=2025-09-23_09-21-54Z" method="GET" type="request" pid="767,1,15" Host="credit-risk-analysis-prod-app-25h2ya.scm.azurewebsites.net" User-Agent="GITHUBACTIONS_DeployWebAppToAzure_4a5a1b673f02fbd359f5f791fff0e4d3e82e3a2733128fe8bf04c072d54f4342" Authorization="Bas..." Content-Type="application/json; charset=utf-8" Cookie="ARRAffinity=df2788fb3e5f96d53e88638b51f78b399174bc066b03447dde3bac5ebbfa91f6;Path=/;HttpOnly;Secure;Domain=credit-risk-analysis-prod-app-25h2ya.scm.azurewebsites.net; ARRAffinitySameSite=df2788fb3e5f96d53e88638b51f78b399174bc066b03447dde3bac5ebbfa91f6;Path=/;HttpOnly;SameSite=None;Secure;Domain=credit-risk-analysis-prod-app-25h2ya.scm.azurewebsites.net" Content-Length="0" X-ARR-LOG-ID="2bfdc125-888a-4ce4-897a-30074fdd56d7" CLIENT-IP="20.51.198.217:47178" X-SITE-DEPLOYMENT-ID="credit-risk-analysis-prod-app-25h2ya" WAS-DEFAULT-HOSTNAME="credit-risk-analysis-prod-app-25h2ya.scm.azurewebsites.net" X-Forwarded-Proto="https" X-AppService-Proto="https" X-Forwarded-TlsVersion="1.3" X-WAWS-Unencoded-URL="/api/deployments/latest?deployer=GITHUB_ZIP_DEPLOY&amp;time=2025-09-23_09-21-54Z" X-Client-IP="20.51.198.217" X-Client-Port="47178" >
  <step title="Cleanup Xml Logs" date="2025-09-23T09:22:00.800" >
    <step title="Cleanup Infos" date="2025-09-23T09:22:00.805" totalFiles="214" totalCleanup="54" /><!-- duration: 2ms -->
  </step><!-- duration: 9ms -->
  <step title="DeploymentService.GetResult" date="2025-09-23T09:22:00.813" >
    <step title="DeploymentService.GetLatestDeployment" date="2025-09-23T09:22:00.815" >
      <step title="DeploymentManager.GetResults" date="2025-09-23T09:22:00.817" /><!-- duration: 346ms -->
    </step><!-- duration: 350ms -->
  </step><!-- duration: 354ms -->
  <step title="Outgoing response" date="2025-09-23T09:22:01.169" type="response" statusCode="202" statusText="Accepted" /><!-- duration: 2ms -->
</step><!-- duration: 375ms -->
