<step title="Incoming Request" date="2025-09-26T11:23:26.626" instance="d4288a" url="/api/publish?type=zip" method="POST" type="request" pid="768,1,21" Accept="*/*" Host="credit-risk-analysis-v2-1758842788.scm.azurewebsites.net" User-Agent="AZURECLI/2.76.0 (HOMEBREW)" Accept-Encoding="gzip, deflate" Authorization="Bea..." Cache-Control="no-cache" Content-Type="application/octet-stream" Cookie="ARRAffinity=d4288a76a30685b82d1a125a71ab74070c0980c4c374e0ab9d1514403840ca6a; ARRAffinitySameSite=d4288a76a30685b82d1a125a71ab74070c0980c4c374e0ab9d1514403840ca6a" Content-Length="2363764" x-ms-client-request-id="341ed700-9acb-11f0-96ff-02213740a574" x-ms-artifact-checksum="b20398886ef22c224695973384ef1ef05d6cd1e9938a9d6cd8d7398e5dad7fbb" X-ARR-LOG-ID="341ed700-9acb-11f0-96ff-02213740a574" CLIENT-IP="82.7.68.78:55642" X-SITE-DEPLOYMENT-ID="credit-risk-analysis-v2-1758842788" WAS-DEFAULT-HOSTNAME="credit-risk-analysis-v2-1758842788.scm.azurewebsites.net" X-Forwarded-Proto="https" X-AppService-Proto="https" X-Forwarded-TlsVersion="1.3" X-WAWS-Unencoded-URL="/api/publish?type=zip" X-Client-IP="82.7.68.78" X-Client-Port="55642" >
  <step title="OneDeploy" date="2025-09-26T11:23:26.674" >
    <step title="None repository commit" date="2025-09-26T11:23:26.679" >
      <step title="Commit id: 4b9f4b4e-1912-48e6-ad99-85a872b75a81" date="2025-09-26T11:23:26.682" Message="N/A" AuthorName="N/A" AuthorEmail="N/A" /><!-- duration: 2ms -->
    </step><!-- duration: 7ms -->
    <step title="Starting PushDeployAsync" date="2025-09-26T11:23:26.688" /><!-- duration: 2ms -->
    <step title="Writing artifact to /tmp/zipdeploy/2795dee7-e9fc-4bb4-b50c-064924070556.zip" date="2025-09-26T11:23:26.710" >
      <step title="Writing multipart request body to /tmp/zipdeploy/2795dee7-e9fc-4bb4-b50c-064924070556.zip" date="2025-09-26T11:23:26.712" /><!-- duration: 2ms -->
    </step><!-- duration: 49ms -->
    <step title="Removing previous build artifact&apos;s manifest file" date="2025-09-26T11:23:26.763" >
      <step title="None repository commit" date="2025-09-26T11:23:26.773" >
        <step title="Commit id: 4b9f4b4e-1912-48e6-ad99-85a872b75a81" date="2025-09-26T11:23:26.785" Message="N/A" AuthorName="N/A" AuthorEmail="N/A" /><!-- duration: 3ms -->
      </step><!-- duration: 17ms -->
      <step title="Attempting to fetch target branch HEAD" date="2025-09-26T11:23:26.793" /><!-- duration: 3ms -->
      <step title="Acquiring Deployment Lock" date="2025-09-26T11:23:26.799" /><!-- duration: 2ms -->
      <step title="Acquired Deployment Lock" date="2025-09-26T11:23:26.837" /><!-- duration: 2ms -->
      <step title="None repository commit" date="2025-09-26T11:23:26.843" >
        <step title="Commit id: 4b9f4b4e-1912-48e6-ad99-85a872b75a81" date="2025-09-26T11:23:26.845" Message="N/A" AuthorName="N/A" AuthorEmail="N/A" /><!-- duration: 2ms -->
      </step><!-- duration: 7ms -->
      <step title="Performing fetch based deployment" date="2025-09-26T11:23:26.851" >
        <step title="Creating temporary deployment" date="2025-09-26T11:23:26.854" /><!-- duration: 55ms -->
        <step title="Releasing Deployment Lock" date="2025-09-26T11:23:28.018" /><!-- duration: 3ms -->
        <step title="Cleaning up temp folders from previous zip deployments and extracting pushed zip file /tmp/zipdeploy/2795dee7-e9fc-4bb4-b50c-064924070556.zip (2.25 MB) to /tmp/zipdeploy/extracted" date="2025-09-26T11:23:28.046" >
          <step title="ChmodRecursive Process exited with total time taken in ms: 30" date="2025-09-26T11:23:28.292" /><!-- duration: 3ms -->
        </step><!-- duration: 251ms -->
        <step title="None repository commit" date="2025-09-26T11:23:28.302" >
          <step title="Commit id: 4b9f4b4e-1912-48e6-ad99-85a872b75a81" date="2025-09-26T11:23:28.304" Message="OneDeploy" AuthorName="N/A" AuthorEmail="N/A" /><!-- duration: 2ms -->
        </step><!-- duration: 7ms -->
        <step title="None repository commit" date="2025-09-26T11:23:30.312" >
          <step title="Commit id: 4b9f4b4e-1912-48e6-ad99-85a872b75a81" date="2025-09-26T11:23:30.328" Message="N/A" AuthorName="N/A" AuthorEmail="N/A" /><!-- duration: 2ms -->
        </step><!-- duration: 20ms -->
        <step title="Deployment timer started" date="2025-09-26T11:23:30.335" >
          <step title="DeploymentManager.Deploy(id:4b9f4b4e-1912-48e6-ad99-85a872b75a81)" date="2025-09-26T11:23:30.338" >
            <step title="Collecting changeset information" date="2025-09-26T11:23:30.346" /><!-- duration: 56ms -->
            <step title="Updating submodules" date="2025-09-26T11:23:30.407" /><!-- duration: 1097ms -->
            <step title="Determining deployment builder" date="2025-09-26T11:23:31.704" >
              <step title="Builder is OryxBuilder" date="2025-09-26T11:23:31.708" /><!-- duration: 2ms -->
            </step><!-- duration: 9ms -->
            <step title="PreDeployment: context.CleanOutputPath False" date="2025-09-26T11:23:31.750" >
              <step title="PreDeployment: context.OutputPath /home/site/wwwroot" date="2025-09-26T11:23:31.839" >
                <step title="Building" date="2025-09-26T11:23:31.955" >
                  <step title="Executing external process" date="2025-09-26T11:23:32.210" type="process" path="bash" arguments="-c &quot;oryx build /tmp/zipdeploy/extracted -o /home/site/wwwroot --platform python --platform-version 3.11 -p virtualenv_name=antenv --log-file /tmp/build-debug.log  -i /tmp/8ddfcef1fc9a2aa --compress-destination-dir | tee /tmp/oryx-build.log ; exit $PIPESTATUS &quot;" /><!-- duration: 63126ms -->
                  <step title="Using PythonDeploymentLogParser" date="2025-09-26T11:24:35.798" /><!-- duration: 36ms -->
                  <step title="Modified file to trigger a restart of the app container." date="2025-09-26T11:24:37.232" /><!-- duration: 2ms -->
                  <step title="Skip function trigger and logicapp sync because function is not enabled." date="2025-09-26T11:24:37.238" /><!-- duration: 2ms -->
                </step><!-- duration: 65924ms -->
              </step><!-- duration: 66042ms -->
              <step title="Cleaning up temp files" date="2025-09-26T11:24:37.883" /><!-- duration: 1612ms -->
              <step title="Cleaning up temp files" date="2025-09-26T11:24:39.499" /><!-- duration: 504ms -->
              <step title="Reloading status file with latest updates" date="2025-09-26T11:24:40.031" >
                <step title="WebHooksManager.PublishEventAsync: PostDeployment" date="2025-09-26T11:24:40.034" /><!-- duration: 44ms -->
              </step><!-- duration: 51ms -->
              <step title="Cleaning up temporary deployment - fetch deployment was successful" date="2025-09-26T11:24:40.087" /><!-- duration: 2ms -->
            </step><!-- duration: 68383ms -->
          </step><!-- duration: 69808ms -->
          <step title="Outgoing response" date="2025-09-26T11:24:40.156" type="response" statusCode="200" statusText="OK" /><!-- duration: 2ms -->
        </step><!-- duration: 69826ms -->
