<step title="Incoming Request" date="2025-09-23T18:23:54.669" instance="df2788" url="/api/deployments/latest?deployer=GITHUB_ZIP_DEPLOY&amp;time=2025-09-23_18-23-36Z" method="GET" type="request" pid="768,1,71" Host="credit-risk-analysis-prod-app-25h2ya.scm.azurewebsites.net" User-Agent="GITHUBACTIONS_DeployWebAppToAzure_4a5a1b673f02fbd359f5f791fff0e4d3e82e3a2733128fe8bf04c072d54f4342" Authorization="Bas..." Content-Type="application/json; charset=utf-8" Cookie="ARRAffinity=df2788fb3e5f96d53e88638b51f78b399174bc066b03447dde3bac5ebbfa91f6;Path=/;HttpOnly;Secure;Domain=credit-risk-analysis-prod-app-25h2ya.scm.azurewebsites.net; ARRAffinitySameSite=df2788fb3e5f96d53e88638b51f78b399174bc066b03447dde3bac5ebbfa91f6;Path=/;HttpOnly;SameSite=None;Secure;Domain=credit-risk-analysis-prod-app-25h2ya.scm.azurewebsites.net" Content-Length="0" X-ARR-LOG-ID="60653e95-704e-4a7f-99f9-2651a50ef31e" CLIENT-IP="20.109.36.233:28737" X-SITE-DEPLOYMENT-ID="credit-risk-analysis-prod-app-25h2ya" WAS-DEFAULT-HOSTNAME="credit-risk-analysis-prod-app-25h2ya.scm.azurewebsites.net" X-Forwarded-Proto="https" X-AppService-Proto="https" X-Forwarded-TlsVersion="1.3" X-WAWS-Unencoded-URL="/api/deployments/latest?deployer=GITHUB_ZIP_DEPLOY&amp;time=2025-09-23_18-23-36Z" X-Client-IP="20.109.36.233" X-Client-Port="28737" >
  <step title="Cleanup Xml Logs" date="2025-09-23T18:23:54.672" >
    <step title="Cleanup Infos" date="2025-09-23T18:23:54.683" totalFiles="408" totalCleanup="248" /><!-- duration: 2ms -->
  </step><!-- duration: 14ms -->
  <step title="DeploymentService.GetResult" date="2025-09-23T18:23:54.689" >
    <step title="DeploymentService.GetLatestDeployment" date="2025-09-23T18:23:54.690" >
      <step title="DeploymentManager.GetResults" date="2025-09-23T18:23:54.692" /><!-- duration: 468ms -->
    </step><!-- duration: 471ms -->
  </step><!-- duration: 473ms -->
  <step title="Outgoing response" date="2025-09-23T18:23:55.164" type="response" statusCode="202" statusText="Accepted" /><!-- duration: 2ms -->
</step><!-- duration: 498ms -->
