<step title="Incoming Request" date="2025-09-16T12:34:58.303" instance="df2788" url="/api/zipdeploy?isAsync=true&amp;deployer=GITHUB_ZIP_DEPLOY&amp;message=%7B%22type%22%3A%22deployment%22%2C%22sha%22%3A%22ff85b672b948c97e64df12b73be1c6de05d37fda%22%2C%22repoName%22%3A%22KaunteyShah%2Fcredit-risk-analysis-tool%22%2C%22actor%22%3A%22KaunteyShah%22%2C%22slotName%22%3A%22production%22%2C%22commitMessage%22%3A%22%F0%9F%9A%80%20Enable%20GitHub%20Actions%20deployment%20using%20publish%20profile%5Cn%5Cn%E2%9C%85%20Simplified%20authentication%20using%20Azure%20App%20Service%20publish%20profile%5Cn%E2%9C%85%20No%20Service%20Principal%20required%20-%20uses%20direct%20app%20deployment%5Cn%E2%9C%85%20Added%20AZURE_WEBAPP_PUBLISH_PROFILE%20secret%20support%5Cn%E2%9C%85%20Ready%20for%20automated%20deployment%5Cn%5CnDeployment%20features%3A%5Cn-%20Automatic%20app%20packaging%20and%20deployment%5Cn-%20Environment%20variable%20configuration%5Cn-%20Health%20check%20verification%5Cn-%20Streamlit%20app%20startup%20configuration%22%7D" method="POST" type="request" pid="768,1,5" Host="credit-risk-analysis-prod-app-25h2ya.scm.azurewebsites.net" User-Agent="GITHUBACTIONS_DeployWebAppToAzure_4a5a1b673f02fbd359f5f791fff0e4d3e82e3a2733128fe8bf04c072d54f4342" Authorization="Bas..." Content-Type="application/octet-stream" Cookie="ARRAffinity=df2788fb3e5f96d53e88638b51f78b399174bc066b03447dde3bac5ebbfa91f6;Path=/;HttpOnly;Secure;Domain=credit-risk-analysis-prod-app-25h2ya.scm.azurewebsites.net; ARRAffinitySameSite=df2788fb3e5f96d53e88638b51f78b399174bc066b03447dde3bac5ebbfa91f6;Path=/;HttpOnly;SameSite=None;Secure;Domain=credit-risk-analysis-prod-app-25h2ya.scm.azurewebsites.net" Transfer-Encoding="chunked" X-ARR-LOG-ID="30069b64-3f9a-497e-b9d4-66f6181c24b3" CLIENT-IP="64.236.161.41:51264" X-SITE-DEPLOYMENT-ID="credit-risk-analysis-prod-app-25h2ya" WAS-DEFAULT-HOSTNAME="credit-risk-analysis-prod-app-25h2ya.scm.azurewebsites.net" X-Forwarded-Proto="https" X-AppService-Proto="https" X-Forwarded-TlsVersion="1.3" X-WAWS-Unencoded-URL="/api/zipdeploy?isAsync=true&amp;deployer=GITHUB_ZIP_DEPLOY&amp;message=%7B%22type%22%3A%22deployment%22%2C%22sha%22%3A%22ff85b672b948c97e64df12b73be1c6de05d37fda%22%2C%22repoName%22%3A%22KaunteyShah%2Fcredit-risk-analysis-tool%22%2C%22actor%22%3A%22KaunteyShah%22%2C%22slotName%22%3A%22production%22%2C%22commitMessage%22%3A%22%F0%9F%9A%80%20Enable%20GitHub%20Actions%20deployment%20using%20publish%20profile%5Cn%5Cn%E2%9C%85%20Simplified%20authentication%20using%20Azure%20App%20Service%20publish%20profile%5Cn%E2%9C%85%20No%20Service%20Principal%20required%20-%20uses%20direct%20app%20deployment%5Cn%E2%9C%85%20Added%20AZURE_WEBAPP_PUBLISH_PROFILE%20secret%20support%5Cn%E2%9C%85%20Ready%20for%20automated%20deployment%5Cn%5CnDeployment%20features%3A%5Cn-%20Automatic%20app%20packaging%20and%20deployment%5Cn-%20Environment%20variable%20configuration%5Cn-%20Health%20check%20verification%5Cn-%20Streamlit%20app%20startup%20configuration%22%7D" X-Client-IP="64.236.161.41" X-Client-Port="51264" >
  <step title="ZipPushDeploy" date="2025-09-16T12:34:58.341" >
    <step title="ZipDeploy. Extract zip. Remote build." date="2025-09-16T12:34:58.349" /><!-- duration: 2ms -->
    <step title="None repository commit" date="2025-09-16T12:34:58.354" >
      <step title="Commit id: a44b8ab6-e743-4403-bdca-e892d4500401" date="2025-09-16T12:34:58.356" Message="N/A" AuthorName="N/A" AuthorEmail="N/A" /><!-- duration: 1ms -->
    </step><!-- duration: 5ms -->
    <step title="Starting PushDeployAsync" date="2025-09-16T12:34:58.361" /><!-- duration: 2ms -->
    <step title="Writing artifact to /tmp/zipdeploy/f33f26b7-fa77-4cfd-99b5-a1e51fa84951.zip" date="2025-09-16T12:34:58.369" >
      <step title="Writing multipart request body to /tmp/zipdeploy/f33f26b7-fa77-4cfd-99b5-a1e51fa84951.zip" date="2025-09-16T12:34:58.371" /><!-- duration: 2ms -->
    </step><!-- duration: 113ms -->
    <step title="Start deployment in the background" date="2025-09-16T12:34:58.487" >
      <step title="Acquiring Deployment Lock" date="2025-09-16T12:34:58.495" /><!-- duration: 2ms -->
      <step title="Acquired Deployment Lock" date="2025-09-16T12:34:58.522" /><!-- duration: 2ms -->
    </step><!-- duration: 100ms -->
  </step><!-- duration: 258ms -->
  <step title="Outgoing response" date="2025-09-16T12:34:58.607" type="response" statusCode="202" statusText="Accepted" /><!-- duration: 2ms -->
</step><!-- duration: 309ms -->
