<step title="Incoming Request" date="2025-09-23T12:34:59.160" instance="df2788" url="/api/deployments/latest?deployer=GITHUB_ZIP_DEPLOY&amp;time=2025-09-23_12-34-52Z" method="GET" type="request" pid="768,1,33" Host="credit-risk-analysis-prod-app-25h2ya.scm.azurewebsites.net" User-Agent="GITHUBACTIONS_DeployWebAppToAzure_4a5a1b673f02fbd359f5f791fff0e4d3e82e3a2733128fe8bf04c072d54f4342" Authorization="Bas..." Content-Type="application/json; charset=utf-8" Cookie="ARRAffinity=df2788fb3e5f96d53e88638b51f78b399174bc066b03447dde3bac5ebbfa91f6;Path=/;HttpOnly;Secure;Domain=credit-risk-analysis-prod-app-25h2ya.scm.azurewebsites.net; ARRAffinitySameSite=df2788fb3e5f96d53e88638b51f78b399174bc066b03447dde3bac5ebbfa91f6;Path=/;HttpOnly;SameSite=None;Secure;Domain=credit-risk-analysis-prod-app-25h2ya.scm.azurewebsites.net" Content-Length="0" X-ARR-LOG-ID="1412a0c8-457d-48a3-8dcf-2d7bad020317" CLIENT-IP="172.182.225.9:28802" X-SITE-DEPLOYMENT-ID="credit-risk-analysis-prod-app-25h2ya" WAS-DEFAULT-HOSTNAME="credit-risk-analysis-prod-app-25h2ya.scm.azurewebsites.net" X-Forwarded-Proto="https" X-AppService-Proto="https" X-Forwarded-TlsVersion="1.3" X-WAWS-Unencoded-URL="/api/deployments/latest?deployer=GITHUB_ZIP_DEPLOY&amp;time=2025-09-23_12-34-52Z" X-Client-IP="172.182.225.9" X-Client-Port="28802" >
  <step title="Cleanup Xml Logs" date="2025-09-23T12:34:59.161" >
    <step title="Cleanup Infos" date="2025-09-23T12:34:59.166" totalFiles="332" totalCleanup="172" /><!-- duration: 2ms -->
  </step><!-- duration: 8ms -->
  <step title="DeploymentService.GetResult" date="2025-09-23T12:34:59.172" >
    <step title="DeploymentService.GetLatestDeployment" date="2025-09-23T12:34:59.173" >
      <step title="DeploymentManager.GetResults" date="2025-09-23T12:34:59.175" /><!-- duration: 451ms -->
    </step><!-- duration: 454ms -->
  </step><!-- duration: 456ms -->
  <step title="Outgoing response" date="2025-09-23T12:34:59.630" type="response" statusCode="202" statusText="Accepted" /><!-- duration: 2ms -->
</step><!-- duration: 473ms -->
