<step title="Incoming Request" date="2025-09-23T11:31:30.143" instance="df2788" url="/api/zipdeploy?isAsync=true&amp;deployer=GITHUB_ZIP_DEPLOY&amp;message=%7B%22type%22%3A%22deployment%22%2C%22sha%22%3A%227c8c5174b08d77d33f9f1d6851fcfcf5fd20f52f%22%2C%22repoName%22%3A%22KaunteyShah%2Fcredit-risk-analysis-tool%22%2C%22actor%22%3A%22KaunteyShah%22%2C%22slotName%22%3A%22production%22%2C%22commitMessage%22%3A%22%F0%9F%94%92%20Critical%20Security%20%26%20Deployment%20Fixes%5Cn%5Cn%E2%9C%A8%20Security%20Enhancements%3A%5Cn-%20Add%20comprehensive%20secrets%20audit%20system%20with%20startup%20logging%5Cn-%20Implement%20robust%20input%20validation%20framework%20for%20all%20API%20endpoints%5Cn-%20Add%20automatic%20.env%20file%20loading%20for%20local%20development%5Cn%5Cn%F0%9F%94%A7%20Deployment%20Fixes%3A%5Cn-%20Fix%20rapidfuzz%20version%20issue%20(3.5.4%20%E2%86%92%203.6.0)%20that%20caused%20deployment%20failures%5Cn-%20Clean%20up%20duplicate%20package%20dependencies%20in%20requirements.txt%5Cn-%20Ensure%20Azure%20environment%20variable%20compatibility%5Cn%5Cn%F0%9F%9A%80%20Production%20Ready%3A%5Cn-%20Enhanced%20error%20detection%20and%20security%20monitoring%5Cn-%20Input%20sanitization%20and%20validation%20for%20all%20user%20inputs%5Cn-%20Seamless%20local%20development%20to%20Azure%20deployment%20workflow%5Cn%5CnResolves%20deployment%20errors%20and%20implements%20critical%20security%20safeguards.%22%7D" method="POST" type="request" pid="768,1,63" Host="credit-risk-analysis-prod-app-25h2ya.scm.azurewebsites.net" User-Agent="GITHUBACTIONS_DeployWebAppToAzure_4a5a1b673f02fbd359f5f791fff0e4d3e82e3a2733128fe8bf04c072d54f4342" Authorization="Bas..." Content-Type="application/octet-stream" Cookie="ARRAffinity=df2788fb3e5f96d53e88638b51f78b399174bc066b03447dde3bac5ebbfa91f6;Path=/;HttpOnly;Secure;Domain=credit-risk-analysis-prod-app-25h2ya.scm.azurewebsites.net; ARRAffinitySameSite=df2788fb3e5f96d53e88638b51f78b399174bc066b03447dde3bac5ebbfa91f6;Path=/;HttpOnly;SameSite=None;Secure;Domain=credit-risk-analysis-prod-app-25h2ya.scm.azurewebsites.net" Transfer-Encoding="chunked" X-ARR-LOG-ID="2226982e-3dc1-474d-91e5-92c2af33bdca" CLIENT-IP="128.24.161.39:26680" X-SITE-DEPLOYMENT-ID="credit-risk-analysis-prod-app-25h2ya" WAS-DEFAULT-HOSTNAME="credit-risk-analysis-prod-app-25h2ya.scm.azurewebsites.net" X-Forwarded-Proto="https" X-AppService-Proto="https" X-Forwarded-TlsVersion="1.3" X-WAWS-Unencoded-URL="/api/zipdeploy?isAsync=true&amp;deployer=GITHUB_ZIP_DEPLOY&amp;message=%7B%22type%22%3A%22deployment%22%2C%22sha%22%3A%227c8c5174b08d77d33f9f1d6851fcfcf5fd20f52f%22%2C%22repoName%22%3A%22KaunteyShah%2Fcredit-risk-analysis-tool%22%2C%22actor%22%3A%22KaunteyShah%22%2C%22slotName%22%3A%22production%22%2C%22commitMessage%22%3A%22%F0%9F%94%92%20Critical%20Security%20%26%20Deployment%20Fixes%5Cn%5Cn%E2%9C%A8%20Security%20Enhancements%3A%5Cn-%20Add%20comprehensive%20secrets%20audit%20system%20with%20startup%20logging%5Cn-%20Implement%20robust%20input%20validation%20framework%20for%20all%20API%20endpoints%5Cn-%20Add%20automatic%20.env%20file%20loading%20for%20local%20development%5Cn%5Cn%F0%9F%94%A7%20Deployment%20Fixes%3A%5Cn-%20Fix%20rapidfuzz%20version%20issue%20(3.5.4%20%E2%86%92%203.6.0)%20that%20caused%20deployment%20failures%5Cn-%20Clean%20up%20duplicate%20package%20dependencies%20in%20requirements.txt%5Cn-%20Ensure%20Azure%20environment%20variable%20compatibility%5Cn%5Cn%F0%9F%9A%80%20Production%20Ready%3A%5Cn-%20Enhanced%20error%20detection%20and%20security%20monitoring%5Cn-%20Input%20sanitization%20and%20validation%20for%20all%20user%20inputs%5Cn-%20Seamless%20local%20development%20to%20Azure%20deployment%20workflow%5Cn%5CnResolves%20deployment%20errors%20and%20implements%20critical%20security%20safeguards.%22%7D" X-Client-IP="128.24.161.39" X-Client-Port="26680" >
  <step title="ZipPushDeploy" date="2025-09-23T11:31:30.161" >
    <step title="ZipDeploy. Extract zip. Remote build." date="2025-09-23T11:31:30.166" /><!-- duration: 2ms -->
    <step title="None repository commit" date="2025-09-23T11:31:30.172" >
      <step title="Commit id: 1a1ba0c9-99bf-41e6-8b5b-6254186f5d26" date="2025-09-23T11:31:30.174" Message="N/A" AuthorName="N/A" AuthorEmail="N/A" /><!-- duration: 1ms -->
    </step><!-- duration: 4ms -->
    <step title="Starting PushDeployAsync" date="2025-09-23T11:31:30.178" /><!-- duration: 1ms -->
    <step title="Writing artifact to /tmp/zipdeploy/0e667c31-a3e8-4851-95fb-8a3440201e0a.zip" date="2025-09-23T11:31:30.187" >
      <step title="Writing multipart request body to /tmp/zipdeploy/0e667c31-a3e8-4851-95fb-8a3440201e0a.zip" date="2025-09-23T11:31:30.189" /><!-- duration: 2ms -->
    </step><!-- duration: 549ms -->
    <step title="Removing previous build artifact&apos;s manifest file" date="2025-09-23T11:31:30.740" >
      <step title="Start deployment in the background" date="2025-09-23T11:31:30.758" >
        <step title="Acquiring Deployment Lock" date="2025-09-23T11:31:30.765" /><!-- duration: 1ms -->
        <step title="Acquired Deployment Lock" date="2025-09-23T11:31:30.792" /><!-- duration: 1ms -->
      </step><!-- duration: 77ms -->
    </step><!-- duration: 100ms -->
    <step title="Outgoing response" date="2025-09-23T11:31:30.844" type="response" statusCode="202" statusText="Accepted" /><!-- duration: 1ms -->
  </step><!-- duration: 685ms -->
