<step title="Incoming Request" date="2025-09-23T12:09:40.983" instance="df2788" url="/api/deployments/latest?deployer=GITHUB_ZIP_DEPLOY&amp;time=2025-09-23_12-09-23Z" method="GET" type="request" pid="768,1,39" Host="credit-risk-analysis-prod-app-25h2ya.scm.azurewebsites.net" User-Agent="GITHUBACTIONS_DeployWebAppToAzure_4a5a1b673f02fbd359f5f791fff0e4d3e82e3a2733128fe8bf04c072d54f4342" Authorization="Bas..." Content-Type="application/json; charset=utf-8" Cookie="ARRAffinity=df2788fb3e5f96d53e88638b51f78b399174bc066b03447dde3bac5ebbfa91f6;Path=/;HttpOnly;Secure;Domain=credit-risk-analysis-prod-app-25h2ya.scm.azurewebsites.net; ARRAffinitySameSite=df2788fb3e5f96d53e88638b51f78b399174bc066b03447dde3bac5ebbfa91f6;Path=/;HttpOnly;SameSite=None;Secure;Domain=credit-risk-analysis-prod-app-25h2ya.scm.azurewebsites.net" Content-Length="0" X-ARR-LOG-ID="c51d3092-eefd-4cc0-80dc-43acb2d6bee0" CLIENT-IP="20.98.23.161:14345" X-SITE-DEPLOYMENT-ID="credit-risk-analysis-prod-app-25h2ya" WAS-DEFAULT-HOSTNAME="credit-risk-analysis-prod-app-25h2ya.scm.azurewebsites.net" X-Forwarded-Proto="https" X-AppService-Proto="https" X-Forwarded-TlsVersion="1.3" X-WAWS-Unencoded-URL="/api/deployments/latest?deployer=GITHUB_ZIP_DEPLOY&amp;time=2025-09-23_12-09-23Z" X-Client-IP="20.98.23.161" X-Client-Port="14345" >
  <step title="Cleanup Xml Logs" date="2025-09-23T12:09:40.985" >
    <step title="Cleanup Infos" date="2025-09-23T12:09:41.007" totalFiles="313" totalCleanup="153" /><!-- duration: 3ms -->
  </step><!-- duration: 32ms -->
  <step title="DeploymentService.GetResult" date="2025-09-23T12:09:41.028" >
    <step title="DeploymentService.GetLatestDeployment" date="2025-09-23T12:09:41.032" >
      <step title="DeploymentManager.GetResults" date="2025-09-23T12:09:41.036" /><!-- duration: 608ms -->
    </step><!-- duration: 615ms -->
  </step><!-- duration: 622ms -->
  <step title="Outgoing response" date="2025-09-23T12:09:41.654" type="response" statusCode="202" statusText="Accepted" /><!-- duration: 4ms -->
</step><!-- duration: 677ms -->
