<step title="Incoming Request" date="2025-09-23T11:44:44.373" instance="df2788" url="/api/zipdeploy?isAsync=true&amp;deployer=GITHUB_ZIP_DEPLOY&amp;message=%7B%22type%22%3A%22deployment%22%2C%22sha%22%3A%2287693fb5f2d27951f838d2143ec491fa1fc4e564%22%2C%22repoName%22%3A%22KaunteyShah%2Fcredit-risk-analysis-tool%22%2C%22actor%22%3A%22KaunteyShah%22%2C%22slotName%22%3A%22production%22%2C%22commitMessage%22%3A%22%F0%9F%94%A7%20Fix%20Azure%20409%20Deployment%20Conflicts%5Cn%5Cn%E2%9C%A8%20Deployment%20Improvements%3A%5Cn-%20Add%20concurrency%20control%20to%20prevent%20multiple%20simultaneous%20deployments%5Cn-%20Implement%20retry%20logic%20for%20failed%20deployments%5Cn-%20Add%20pre-deployment%20checks%20and%20delays%5Cn-%20Extend%20deployment%20timeouts%20for%20better%20reliability%5Cn%5Cn%F0%9F%9B%A0%EF%B8%8F%20Conflict%20Resolution%3A%5Cn-%20Wait%20between%20deployment%20attempts%5Cn-%20Automatic%20retry%20on%20first%20failure%5Cn-%20Better%20error%20handling%20and%20logging%5Cn%5CnResolves%20409%20Conflict%20errors%20during%20Azure%20App%20Service%20ZIP%20Deploy.%22%7D" method="POST" type="request" pid="768,1,55" Host="credit-risk-analysis-prod-app-25h2ya.scm.azurewebsites.net" User-Agent="GITHUBACTIONS_DeployWebAppToAzure_4a5a1b673f02fbd359f5f791fff0e4d3e82e3a2733128fe8bf04c072d54f4342" Authorization="Bas..." Content-Type="application/octet-stream" Cookie="ARRAffinity=df2788fb3e5f96d53e88638b51f78b399174bc066b03447dde3bac5ebbfa91f6;Path=/;HttpOnly;Secure;Domain=credit-risk-analysis-prod-app-25h2ya.scm.azurewebsites.net; ARRAffinitySameSite=df2788fb3e5f96d53e88638b51f78b399174bc066b03447dde3bac5ebbfa91f6;Path=/;HttpOnly;SameSite=None;Secure;Domain=credit-risk-analysis-prod-app-25h2ya.scm.azurewebsites.net" Transfer-Encoding="chunked" X-ARR-LOG-ID="6680f9e5-bcb7-4262-b898-8023ab681e2a" CLIENT-IP="20.55.126.246:44032" X-SITE-DEPLOYMENT-ID="credit-risk-analysis-prod-app-25h2ya" WAS-DEFAULT-HOSTNAME="credit-risk-analysis-prod-app-25h2ya.scm.azurewebsites.net" X-Forwarded-Proto="https" X-AppService-Proto="https" X-Forwarded-TlsVersion="1.3" X-WAWS-Unencoded-URL="/api/zipdeploy?isAsync=true&amp;deployer=GITHUB_ZIP_DEPLOY&amp;message=%7B%22type%22%3A%22deployment%22%2C%22sha%22%3A%2287693fb5f2d27951f838d2143ec491fa1fc4e564%22%2C%22repoName%22%3A%22KaunteyShah%2Fcredit-risk-analysis-tool%22%2C%22actor%22%3A%22KaunteyShah%22%2C%22slotName%22%3A%22production%22%2C%22commitMessage%22%3A%22%F0%9F%94%A7%20Fix%20Azure%20409%20Deployment%20Conflicts%5Cn%5Cn%E2%9C%A8%20Deployment%20Improvements%3A%5Cn-%20Add%20concurrency%20control%20to%20prevent%20multiple%20simultaneous%20deployments%5Cn-%20Implement%20retry%20logic%20for%20failed%20deployments%5Cn-%20Add%20pre-deployment%20checks%20and%20delays%5Cn-%20Extend%20deployment%20timeouts%20for%20better%20reliability%5Cn%5Cn%F0%9F%9B%A0%EF%B8%8F%20Conflict%20Resolution%3A%5Cn-%20Wait%20between%20deployment%20attempts%5Cn-%20Automatic%20retry%20on%20first%20failure%5Cn-%20Better%20error%20handling%20and%20logging%5Cn%5CnResolves%20409%20Conflict%20errors%20during%20Azure%20App%20Service%20ZIP%20Deploy.%22%7D" X-Client-IP="20.55.126.246" X-Client-Port="44032" >
  <step title="ZipPushDeploy" date="2025-09-23T11:44:44.376" >
    <step title="ZipDeploy. Extract zip. Remote build." date="2025-09-23T11:44:44.378" /><!-- duration: 1ms -->
    <step title="Starting PushDeployAsync" date="2025-09-23T11:44:44.381" /><!-- duration: 1ms -->
    <step title="Writing artifact to /tmp/zipdeploy/fd9184bd-4894-463f-bd49-a075ef96cb0f.zip" date="2025-09-23T11:44:44.385" >
      <step title="Writing multipart request body to /tmp/zipdeploy/fd9184bd-4894-463f-bd49-a075ef96cb0f.zip" date="2025-09-23T11:44:44.387" /><!-- duration: 1ms -->
    </step><!-- duration: 370ms -->
    <step title="Removing previous build artifact&apos;s manifest file" date="2025-09-23T11:44:44.763" >
      <step title="Start deployment in the background" date="2025-09-23T11:44:44.766" >
        <step title="Acquiring Deployment Lock" date="2025-09-23T11:44:44.770" /><!-- duration: 1ms -->
        <step title="Acquired Deployment Lock" date="2025-09-23T11:44:44.786" /><!-- duration: 2ms -->
      </step><!-- duration: 61ms -->
    </step><!-- duration: 66ms -->
    <step title="Outgoing response" date="2025-09-23T11:44:44.830" type="response" statusCode="202" statusText="Accepted" /><!-- duration: 1ms -->
  </step><!-- duration: 457ms -->
