<step title="Incoming Request" date="2025-09-23T09:20:56.197" instance="df2788" url="/api/zipdeploy?isAsync=true&amp;deployer=GITHUB_ZIP_DEPLOY&amp;message=%7B%22type%22%3A%22deployment%22%2C%22sha%22%3A%22d22bbfd7a05e266c2ed6517fab67399bf470793d%22%2C%22repoName%22%3A%22KaunteyShah%2Fcredit-risk-analysis-tool%22%2C%22actor%22%3A%22KaunteyShah%22%2C%22slotName%22%3A%22production%22%2C%22commitMessage%22%3A%22Initial%20commit%3A%20Credit%20Risk%20Analysis%20Tool%20with%20quality%20improvements%22%7D" method="POST" type="request" pid="767,1,67" Host="credit-risk-analysis-prod-app-25h2ya.scm.azurewebsites.net" User-Agent="GITHUBACTIONS_DeployWebAppToAzure_4a5a1b673f02fbd359f5f791fff0e4d3e82e3a2733128fe8bf04c072d54f4342" Authorization="Bas..." Content-Type="application/octet-stream" Cookie="ARRAffinity=df2788fb3e5f96d53e88638b51f78b399174bc066b03447dde3bac5ebbfa91f6;Path=/;HttpOnly;Secure;Domain=credit-risk-analysis-prod-app-25h2ya.scm.azurewebsites.net; ARRAffinitySameSite=df2788fb3e5f96d53e88638b51f78b399174bc066b03447dde3bac5ebbfa91f6;Path=/;HttpOnly;SameSite=None;Secure;Domain=credit-risk-analysis-prod-app-25h2ya.scm.azurewebsites.net" Transfer-Encoding="chunked" X-ARR-LOG-ID="d5984362-13b2-40e4-a0f9-598fd17f51c5" CLIENT-IP="52.154.132.169:24640" X-SITE-DEPLOYMENT-ID="credit-risk-analysis-prod-app-25h2ya" WAS-DEFAULT-HOSTNAME="credit-risk-analysis-prod-app-25h2ya.scm.azurewebsites.net" X-Forwarded-Proto="https" X-AppService-Proto="https" X-Forwarded-TlsVersion="1.3" X-WAWS-Unencoded-URL="/api/zipdeploy?isAsync=true&amp;deployer=GITHUB_ZIP_DEPLOY&amp;message=%7B%22type%22%3A%22deployment%22%2C%22sha%22%3A%22d22bbfd7a05e266c2ed6517fab67399bf470793d%22%2C%22repoName%22%3A%22KaunteyShah%2Fcredit-risk-analysis-tool%22%2C%22actor%22%3A%22KaunteyShah%22%2C%22slotName%22%3A%22production%22%2C%22commitMessage%22%3A%22Initial%20commit%3A%20Credit%20Risk%20Analysis%20Tool%20with%20quality%20improvements%22%7D" X-Client-IP="52.154.132.169" X-Client-Port="24640" >
  <step title="ZipPushDeploy" date="2025-09-23T09:20:56.235" >
    <step title="ZipDeploy. Extract zip. Remote build." date="2025-09-23T09:20:56.242" /><!-- duration: 2ms -->
    <step title="Starting PushDeployAsync" date="2025-09-23T09:20:56.249" /><!-- duration: 2ms -->
    <step title="Writing artifact to /tmp/zipdeploy/d2d3adb9-5855-4193-99d4-0a057d79ec38.zip" date="2025-09-23T09:20:56.264" >
      <step title="Writing multipart request body to /tmp/zipdeploy/d2d3adb9-5855-4193-99d4-0a057d79ec38.zip" date="2025-09-23T09:20:56.285" /><!-- duration: 2ms -->
    </step><!-- duration: 428ms -->
    <step title="Removing previous build artifact&apos;s manifest file" date="2025-09-23T09:20:56.716" >
      <step title="Start deployment in the background" date="2025-09-23T09:20:56.725" >
        <step title="Acquiring Deployment Lock" date="2025-09-23T09:20:56.734" /><!-- duration: 2ms -->
        <step title="Acquired Deployment Lock" date="2025-09-23T09:20:56.754" /><!-- duration: 2ms -->
      </step><!-- duration: 75ms -->
    </step><!-- duration: 93ms -->
    <step title="Outgoing response" date="2025-09-23T09:20:56.813" type="response" statusCode="202" statusText="Accepted" /><!-- duration: 2ms -->
  </step><!-- duration: 581ms -->
