<step title="BackgroundTrace" date="2025-09-23T13:16:56.829" instance="df2788" url="/api/zipdeploy" method="POST" >
  <step title="Creating temporary deployment - FetchDeploymentManager" date="2025-09-23T13:16:56.883" /><!-- duration: 1ms -->
  <step title="Creating temporary deployment" date="2025-09-23T13:16:56.886" /><!-- duration: 33ms -->
  <step title="Performing fetch based deployment" date="2025-09-23T13:16:56.939" >
    <step title="Cleaning up temp folders from previous zip deployments and extracting pushed zip file /tmp/zipdeploy/260f0201-1d66-4636-89d2-3d811cca3238.zip (1.28 MB) to /tmp/zipdeploy/extracted" date="2025-09-23T13:16:58.052" >
      <step title="ChmodRecursive Process exited with total time taken in ms: 36" date="2025-09-23T13:16:58.283" /><!-- duration: 1ms -->
    </step><!-- duration: 234ms -->
    <step title="Deployment timer started" date="2025-09-23T13:17:00.293" >
      <step title="DeploymentManager.Deploy(id:3a887058-676d-418d-92d6-cc587baa2054)" date="2025-09-23T13:17:00.296" >
        <step title="Collecting changeset information" date="2025-09-23T13:17:00.301" /><!-- duration: 71ms -->
        <step title="Updating submodules" date="2025-09-23T13:17:00.375" /><!-- duration: 1088ms -->
        <step title="Determining deployment builder" date="2025-09-23T13:17:01.594" >
          <step title="Builder is OryxBuilder" date="2025-09-23T13:17:01.599" /><!-- duration: 1ms -->
        </step><!-- duration: 7ms -->
        <step title="PreDeployment: context.CleanOutputPath False" date="2025-09-23T13:17:01.637" >
          <step title="PreDeployment: context.OutputPath /home/site/wwwroot" date="2025-09-23T13:17:01.721" >
            <step title="Building" date="2025-09-23T13:17:01.844" >
              <step title="Executing external process" date="2025-09-23T13:17:02.108" type="process" path="bash" arguments="-c &quot;oryx build /tmp/zipdeploy/extracted -o /home/site/wwwroot --platform python --platform-version 3.11 -p virtualenv_name=antenv --log-file /tmp/build-debug.log  -i /tmp/8ddfaa37b8e8e4d --compress-destination-dir | tee /tmp/oryx-build.log ; exit $PIPESTATUS &quot;" /><!-- duration: 21358ms -->
              <step title="Using PythonDeploymentLogParser" date="2025-09-23T13:17:23.759" /><!-- duration: 1ms -->
              <step title="Triggering recycle (preview mode disabled)." date="2025-09-23T13:17:24.571" /><!-- duration: 2ms -->
              <step title="Modified file to trigger a restart of the app container." date="2025-09-23T13:17:24.584" /><!-- duration: 1ms -->
              <step title="Skip function trigger and logicapp sync because function is not enabled." date="2025-09-23T13:17:24.596" /><!-- duration: 1ms -->
              <step title="Purge deployment items" date="2025-09-23T13:17:25.373" >
                <step title="Remove 3ade4645-, Success, received at 09/23/2025 09:21:58" date="2025-09-23T13:17:25.408" /><!-- duration: 1ms -->
              </step><!-- duration: 37ms -->
            </step><!-- duration: 23613ms -->
          </step><!-- duration: 23738ms -->
          <step title="Cleaning up temp files" date="2025-09-23T13:17:25.460" /><!-- duration: 1592ms -->
          <step title="Cleaning up temp files" date="2025-09-23T13:17:27.054" /><!-- duration: 510ms -->
          <step title="Reloading status file with latest updates" date="2025-09-23T13:17:28.137" >
            <step title="WebHooksManager.PublishEventAsync: PostDeployment" date="2025-09-23T13:17:28.141" /><!-- duration: 38ms -->
          </step><!-- duration: 61ms -->
          <step title="Cleaning up temporary deployment - fetch deployment was successful" date="2025-09-23T13:17:28.201" /><!-- duration: 1ms -->
        </step><!-- duration: 26841ms -->
      </step><!-- duration: 28187ms -->
