<step title="BackgroundTrace" date="2025-09-23T13:24:44.264" instance="df2788" url="/api/zipdeploy" method="POST" >
  <step title="Creating temporary deployment - FetchDeploymentManager" date="2025-09-23T13:24:44.293" /><!-- duration: 1ms -->
  <step title="Creating temporary deployment" date="2025-09-23T13:24:44.296" /><!-- duration: 26ms -->
  <step title="Performing fetch based deployment" date="2025-09-23T13:24:44.332" >
    <step title="Cleaning up temp folders from previous zip deployments and extracting pushed zip file /tmp/zipdeploy/f021a694-3369-4449-993e-b329af0c5272.zip (1.53 MB) to /tmp/zipdeploy/extracted" date="2025-09-23T13:24:45.416" >
      <step title="ChmodRecursive Process exited with total time taken in ms: 18" date="2025-09-23T13:24:45.535" /><!-- duration: 2ms -->
    </step><!-- duration: 124ms -->
    <step title="Deployment timer started" date="2025-09-23T13:24:47.543" >
      <step title="DeploymentManager.Deploy(id:4ac65f81-8465-4f47-85ac-c2911efa6326)" date="2025-09-23T13:24:47.545" >
        <step title="Collecting changeset information" date="2025-09-23T13:24:47.550" /><!-- duration: 69ms -->
        <step title="Updating submodules" date="2025-09-23T13:24:47.621" /><!-- duration: 1092ms -->
        <step title="Determining deployment builder" date="2025-09-23T13:24:48.895" >
          <step title="Builder is OryxBuilder" date="2025-09-23T13:24:48.899" /><!-- duration: 1ms -->
        </step><!-- duration: 6ms -->
        <step title="PreDeployment: context.CleanOutputPath False" date="2025-09-23T13:24:48.939" >
          <step title="PreDeployment: context.OutputPath /home/site/wwwroot" date="2025-09-23T13:24:49.056" >
            <step title="Building" date="2025-09-23T13:24:49.162" >
              <step title="Executing external process" date="2025-09-23T13:24:49.371" type="process" path="bash" arguments="-c &quot;oryx build /tmp/zipdeploy/extracted -o /home/site/wwwroot --platform python --platform-version 3.11 -p virtualenv_name=antenv --log-file /tmp/build-debug.log  -i /tmp/8ddfaa49216e0df --compress-destination-dir | tee /tmp/oryx-build.log ; exit $PIPESTATUS &quot;" /><!-- duration: 16448ms -->
              <step title="Using PythonDeploymentLogParser" date="2025-09-23T13:25:06.074" /><!-- duration: 1ms -->
              <step title="Triggering recycle (preview mode disabled)." date="2025-09-23T13:25:06.912" /><!-- duration: 2ms -->
              <step title="Modified file to trigger a restart of the app container." date="2025-09-23T13:25:06.928" /><!-- duration: 1ms -->
              <step title="Skip function trigger and logicapp sync because function is not enabled." date="2025-09-23T13:25:06.931" /><!-- duration: 1ms -->
              <step title="Purge deployment items" date="2025-09-23T13:25:07.793" >
                <step title="Remove ba800ed3-, Success, received at 09/23/2025 11:44:48" date="2025-09-23T13:25:07.841" /><!-- duration: 1ms -->
              </step><!-- duration: 50ms -->
            </step><!-- duration: 18751ms -->
          </step><!-- duration: 18859ms -->
          <step title="Cleaning up temp files" date="2025-09-23T13:25:07.917" /><!-- duration: 1584ms -->
          <step title="Cleaning up temp files" date="2025-09-23T13:25:09.503" /><!-- duration: 502ms -->
          <step title="Reloading status file with latest updates" date="2025-09-23T13:25:10.021" >
            <step title="WebHooksManager.PublishEventAsync: PostDeployment" date="2025-09-23T13:25:10.023" /><!-- duration: 13ms -->
          </step><!-- duration: 17ms -->
          <step title="Cleaning up temporary deployment - fetch deployment was successful" date="2025-09-23T13:25:10.039" /><!-- duration: 1ms -->
        </step><!-- duration: 21126ms -->
      </step><!-- duration: 22526ms -->
