<step title="Incoming Request" date="2025-09-23T11:45:02.426" instance="df2788" url="/api/deployments/latest?deployer=GITHUB_ZIP_DEPLOY&amp;time=2025-09-23_11-44-44Z" method="GET" type="request" pid="768,1,50" Host="credit-risk-analysis-prod-app-25h2ya.scm.azurewebsites.net" User-Agent="GITHUBACTIONS_DeployWebAppToAzure_4a5a1b673f02fbd359f5f791fff0e4d3e82e3a2733128fe8bf04c072d54f4342" Authorization="Bas..." Content-Type="application/json; charset=utf-8" Cookie="ARRAffinity=df2788fb3e5f96d53e88638b51f78b399174bc066b03447dde3bac5ebbfa91f6;Path=/;HttpOnly;Secure;Domain=credit-risk-analysis-prod-app-25h2ya.scm.azurewebsites.net; ARRAffinitySameSite=df2788fb3e5f96d53e88638b51f78b399174bc066b03447dde3bac5ebbfa91f6;Path=/;HttpOnly;SameSite=None;Secure;Domain=credit-risk-analysis-prod-app-25h2ya.scm.azurewebsites.net" Content-Length="0" X-ARR-LOG-ID="73fa2182-19df-4d2d-a188-99ba4d991341" CLIENT-IP="20.55.126.246:44032" X-SITE-DEPLOYMENT-ID="credit-risk-analysis-prod-app-25h2ya" WAS-DEFAULT-HOSTNAME="credit-risk-analysis-prod-app-25h2ya.scm.azurewebsites.net" X-Forwarded-Proto="https" X-AppService-Proto="https" X-Forwarded-TlsVersion="1.3" X-WAWS-Unencoded-URL="/api/deployments/latest?deployer=GITHUB_ZIP_DEPLOY&amp;time=2025-09-23_11-44-44Z" X-Client-IP="20.55.126.246" X-Client-Port="44032" >
  <step title="Cleanup Xml Logs" date="2025-09-23T11:45:02.428" >
    <step title="Cleanup Infos" date="2025-09-23T11:45:02.434" totalFiles="284" totalCleanup="124" /><!-- duration: 2ms -->
  </step><!-- duration: 9ms -->
  <step title="DeploymentService.GetResult" date="2025-09-23T11:45:02.440" >
    <step title="DeploymentService.GetLatestDeployment" date="2025-09-23T11:45:02.446" >
      <step title="DeploymentManager.GetResults" date="2025-09-23T11:45:02.449" /><!-- duration: 574ms -->
    </step><!-- duration: 580ms -->
  </step><!-- duration: 590ms -->
  <step title="Outgoing response" date="2025-09-23T11:45:03.035" type="response" statusCode="202" statusText="Accepted" /><!-- duration: 4ms -->
</step><!-- duration: 623ms -->
