<step title="BackgroundTrace" date="2025-09-26T15:58:34.332" instance="e63a90" url="/api/zipdeploy" method="POST" >
  <step title="Creating temporary deployment - FetchDeploymentManager" date="2025-09-26T15:58:34.390" /><!-- duration: 2ms -->
  <step title="Creating temporary deployment" date="2025-09-26T15:58:34.396" /><!-- duration: 56ms -->
  <step title="Performing fetch based deployment" date="2025-09-26T15:58:34.481" >
    <step title="Cleaning up temp folders from previous zip deployments and extracting pushed zip file /tmp/zipdeploy/cb7d2654-948a-408e-80f3-078694a7d6c0.zip (4.75 MB) to /tmp/zipdeploy/extracted" date="2025-09-26T15:58:35.711" >
      <step title="ChmodRecursive Process exited with total time taken in ms: 433" date="2025-09-26T15:58:40.436" /><!-- duration: 10ms -->
    </step><!-- duration: 4753ms -->
    <step title="Deployment timer started" date="2025-09-26T15:58:42.507" >
      <step title="DeploymentManager.Deploy(id:2ee9b1df-eb6a-4458-b7ef-ff5385e86469)" date="2025-09-26T15:58:42.512" >
        <step title="Collecting changeset information" date="2025-09-26T15:58:42.646" /><!-- duration: 160ms -->
        <step title="Updating submodules" date="2025-09-26T15:58:42.844" /><!-- duration: 1277ms -->
        <step title="Determining deployment builder" date="2025-09-26T15:58:44.451" >
          <step title="Builder is OryxBuilder" date="2025-09-26T15:58:44.471" /><!-- duration: 9ms -->
        </step><!-- duration: 32ms -->
        <step title="PreDeployment: context.CleanOutputPath False" date="2025-09-26T15:58:44.602" >
          <step title="PreDeployment: context.OutputPath /home/site/wwwroot" date="2025-09-26T15:58:44.698" >
            <step title="Building" date="2025-09-26T15:58:44.815" >
              <step title="Executing external process" date="2025-09-26T15:58:45.145" type="process" path="bash" arguments="-c &quot;oryx build /tmp/zipdeploy/extracted -o /home/site/wwwroot --platform python --platform-version 3.11 -p virtualenv_name=antenv --log-file /tmp/build-debug.log  -i /tmp/8ddfd15922e59b0 --compress-destination-dir | tee /tmp/oryx-build.log ; exit $PIPESTATUS &quot;" >
                <step title="Cpu: python(1295,35.830s)+ts(1296,0.160s)+build.sh(1294,0.000s)+build.sh(1293,0.000s)+build.sh(1211,0.040s)+oryx(1191,4.370s)+tee(1192,0.000s)+bash(1190,0.010s)=total(40.400s)" date="2025-09-26T16:00:13.904" /><!-- duration: 39ms -->
                <step title="bash: no io activity for 61s, prev-cpu=-1.000s, current-cpu=40.400s" date="2025-09-26T16:00:13.973" /><!-- duration: 42ms -->
                <step title="Cpu: python(1295,68.990s)+ts(1296,0.160s)+build.sh(1294,0.000s)+build.sh(1293,0.000s)+build.sh(1211,0.040s)+oryx(1191,4.560s)+tee(1192,0.000s)+bash(1190,0.010s)=total(73.750s)" date="2025-09-26T16:01:14.545" /><!-- duration: 70ms -->
                <step title="bash: no io activity for 121s, prev-cpu=40.400s, current-cpu=73.750s" date="2025-09-26T16:01:14.744" /><!-- duration: 10ms -->
                <step title="Cpu: rsync(1367,4.100s)+rsync(1366,0.650s)+rsync(1365,4.200s)+build.sh(1211,0.040s)+oryx(1191,5.030s)+tee(1192,0.000s)+bash(1190,0.010s)=total(14.030s)" date="2025-09-26T16:02:47.966" /><!-- duration: 266ms -->
                <step title="bash: no io activity for 60s, prev-cpu=-1.000s, current-cpu=14.030s" date="2025-09-26T16:02:48.356" /><!-- duration: 45ms -->
                <step title="Cpu: gzip(1410,12.550s)+sh(1409,0.000s)+tar(1408,1.460s)+build.sh(1211,0.040s)+oryx(1191,5.190s)+tee(1192,0.000s)+bash(1190,0.010s)=total(19.240s)" date="2025-09-26T16:04:27.271" /><!-- duration: 68ms -->
                <step title="bash: no io activity for 60s, prev-cpu=-1.000s, current-cpu=19.240s" date="2025-09-26T16:04:27.369" /><!-- duration: 61ms -->
                <step title="Cpu: gzip(1410,21.890s)+sh(1409,0.000s)+tar(1408,2.230s)+build.sh(1211,0.040s)+oryx(1191,5.210s)+tee(1192,0.000s)+bash(1190,0.010s)=total(29.370s)" date="2025-09-26T16:05:28.403" /><!-- duration: 73ms -->
                <step title="bash: no io activity for 121s, prev-cpu=19.240s, current-cpu=29.370s" date="2025-09-26T16:05:28.534" /><!-- duration: 59ms -->
                <step title="Cpu: gzip(1410,36.050s)+sh(1409,0.000s)+tar(1408,3.280s)+build.sh(1211,0.040s)+oryx(1191,5.260s)+tee(1192,0.000s)+bash(1190,0.010s)=total(44.630s)" date="2025-09-26T16:06:29.096" /><!-- duration: 90ms -->
                <step title="bash: no io activity for 182s, prev-cpu=29.370s, current-cpu=44.630s" date="2025-09-26T16:06:29.207" /><!-- duration: 39ms -->
                <step title="Cpu: gzip(1410,49.950s)+sh(1409,0.000s)+tar(1408,4.180s)+build.sh(1211,0.040s)+oryx(1191,5.340s)+tee(1192,0.000s)+bash(1190,0.010s)=total(59.520s)" date="2025-09-26T16:07:29.915" /><!-- duration: 30ms -->
                <step title="bash: no io activity for 243s, prev-cpu=44.630s, current-cpu=59.520s" date="2025-09-26T16:07:29.978" /><!-- duration: 119ms -->
              </step><!-- duration: 587773ms -->
              <step title="Using PythonDeploymentLogParser" date="2025-09-26T16:08:34.134" /><!-- duration: 26ms -->
              <step title="Triggering recycle (preview mode disabled)." date="2025-09-26T16:08:36.693" /><!-- duration: 31ms -->
              <step title="Modified file to trigger a restart of the app container." date="2025-09-26T16:08:36.795" /><!-- duration: 20ms -->
              <step title="Skip function trigger and logicapp sync because function is not enabled." date="2025-09-26T16:08:37.007" /><!-- duration: 60ms -->
            </step><!-- duration: 593643ms -->
          </step><!-- duration: 593799ms -->
          <step title="Cleaning up temp files" date="2025-09-26T16:08:38.508" /><!-- duration: 8214ms -->
          <step title="Cleaning up temp files" date="2025-09-26T16:08:46.732" /><!-- duration: 517ms -->
          <step title="Reloading status file with latest updates" date="2025-09-26T16:08:47.320" >
            <step title="WebHooksManager.PublishEventAsync: PostDeployment" date="2025-09-26T16:08:47.350" /><!-- duration: 111ms -->
          </step><!-- duration: 152ms -->
          <step title="Cleaning up temporary deployment - fetch deployment was successful" date="2025-09-26T16:08:47.521" /><!-- duration: 38ms -->
        </step><!-- duration: 603064ms -->
      </step><!-- duration: 605245ms -->
