<step title="Incoming Request" date="2025-09-27T08:26:47.085" instance="28045c" url="/api/publish?type=zip" method="POST" type="request" pid="768,1,24" Accept="*/*" Host="credit-risk-clean-app.scm.azurewebsites.net" User-Agent="AZURECLI/2.76.0 (HOMEBREW)" Accept-Encoding="gzip, deflate" Authorization="Bea..." Cache-Control="no-cache" Content-Type="application/octet-stream" Cookie="ARRAffinity=28045c6adfea86f6e6a4fb889ed02f7953575b88ca284551fd91068eab142a0c; ARRAffinitySameSite=28045c6adfea86f6e6a4fb889ed02f7953575b88ca284551fd91068eab142a0c" Content-Length="471396" x-ms-client-request-id="b24d0cd6-9b7b-11f0-b051-02213740a574" x-ms-artifact-checksum="8c1f0630995ecd9fde04b0f343b33b025eec6605838bd38cf05ae862158fbaa0" X-ARR-LOG-ID="b24d0cd6-9b7b-11f0-b051-02213740a574" CLIENT-IP="82.7.68.78:52093" X-SITE-DEPLOYMENT-ID="credit-risk-clean-app" WAS-DEFAULT-HOSTNAME="credit-risk-clean-app.scm.azurewebsites.net" X-Forwarded-Proto="https" X-AppService-Proto="https" X-Forwarded-TlsVersion="1.3" X-WAWS-Unencoded-URL="/api/publish?type=zip" X-Client-IP="82.7.68.78" X-Client-Port="52093" >
  <step title="OneDeploy" date="2025-09-27T08:26:47.089" >
    <step title="Starting PushDeployAsync" date="2025-09-27T08:26:47.093" /><!-- duration: 2ms -->
    <step title="Writing artifact to /tmp/zipdeploy/93262837-de3a-4b8a-9828-7738570b250b.zip" date="2025-09-27T08:26:47.098" >
      <step title="Writing multipart request body to /tmp/zipdeploy/93262837-de3a-4b8a-9828-7738570b250b.zip" date="2025-09-27T08:26:47.099" /><!-- duration: 2ms -->
    </step><!-- duration: 85ms -->
    <step title="Removing previous build artifact&apos;s manifest file" date="2025-09-27T08:26:47.186" >
      <step title="Attempting to fetch target branch HEAD" date="2025-09-27T08:26:47.192" /><!-- duration: 2ms -->
      <step title="Acquiring Deployment Lock" date="2025-09-27T08:26:47.196" /><!-- duration: 4ms -->
      <step title="Acquired Deployment Lock" date="2025-09-27T08:26:47.231" /><!-- duration: 2ms -->
      <step title="Performing fetch based deployment" date="2025-09-27T08:26:47.235" >
        <step title="Creating temporary deployment" date="2025-09-27T08:26:47.237" /><!-- duration: 45ms -->
        <step title="Releasing Deployment Lock" date="2025-09-27T08:26:48.406" /><!-- duration: 2ms -->
        <step title="Cleaning up temp folders from previous zip deployments and extracting pushed zip file /tmp/zipdeploy/93262837-de3a-4b8a-9828-7738570b250b.zip (0.45 MB) to /tmp/zipdeploy/extracted" date="2025-09-27T08:26:48.419" >
          <step title="ChmodRecursive Process exited with total time taken in ms: 15" date="2025-09-27T08:26:48.497" /><!-- duration: 3ms -->
        </step><!-- duration: 84ms -->
        <step title="None repository commit" date="2025-09-27T08:26:48.510" >
          <step title="Commit id: cca345b4-bb8a-4340-815b-19ae2928b4aa" date="2025-09-27T08:26:48.512" Message="OneDeploy" AuthorName="N/A" AuthorEmail="N/A" /><!-- duration: 1ms -->
        </step><!-- duration: 5ms -->
        <step title="Deployment timer started" date="2025-09-27T08:26:50.517" >
          <step title="DeploymentManager.Deploy(id:cca345b4-bb8a-4340-815b-19ae2928b4aa)" date="2025-09-27T08:26:50.521" >
            <step title="Collecting changeset information" date="2025-09-27T08:26:50.526" /><!-- duration: 56ms -->
            <step title="Updating submodules" date="2025-09-27T08:26:50.590" /><!-- duration: 1104ms -->
            <step title="Determining deployment builder" date="2025-09-27T08:26:51.881" >
              <step title="Builder is OryxBuilder" date="2025-09-27T08:26:51.890" /><!-- duration: 2ms -->
            </step><!-- duration: 12ms -->
            <step title="PreDeployment: context.CleanOutputPath False" date="2025-09-27T08:26:51.933" >
              <step title="PreDeployment: context.OutputPath /home/site/wwwroot" date="2025-09-27T08:26:52.030" >
                <step title="Building" date="2025-09-27T08:26:52.117" >
                  <step title="Executing external process" date="2025-09-27T08:26:52.368" type="process" path="bash" arguments="-c &quot;oryx build /tmp/zipdeploy/extracted -o /home/site/wwwroot --platform python --platform-version 3.11 -p virtualenv_name=antenv --log-file /tmp/build-debug.log  -i /tmp/8ddfd9f9c36e0cf --compress-destination-dir | tee /tmp/oryx-build.log ; exit $PIPESTATUS &quot;" >
                    <step title="Cpu: python(1756,58.940s)+ts(1757,0.080s)+build.sh(1755,0.000s)+build.sh(1754,0.000s)+build.sh(1674,0.020s)+oryx(1653,3.850s)+tee(1654,0.000s)+bash(1652,0.000s)=total(62.890s)" date="2025-09-27T08:28:07.416" /><!-- duration: 3ms -->
                    <step title="bash: no io activity for 61s, prev-cpu=-1.000s, current-cpu=62.890s" date="2025-09-27T08:28:07.422" /><!-- duration: 6ms -->
                    <step title="Cpu: gzip(1811,44.090s)+sh(1810,0.030s)+tar(1809,0.970s)+build.sh(1674,0.030s)+oryx(1653,4.120s)+tee(1654,0.000s)+bash(1652,0.000s)=total(49.240s)" date="2025-09-27T08:29:44.494" /><!-- duration: 9ms -->
                    <step title="bash: no io activity for 60s, prev-cpu=-1.000s, current-cpu=49.240s" date="2025-09-27T08:29:44.505" /><!-- duration: 2ms -->
                  </step><!-- duration: 185052ms -->
                  <step title="Using PythonDeploymentLogParser" date="2025-09-27T08:29:57.707" /><!-- duration: 2ms -->
                  <step title="Modified file to trigger a restart of the app container." date="2025-09-27T08:29:58.693" /><!-- duration: 11ms -->
                  <step title="Skip function trigger and logicapp sync because function is not enabled." date="2025-09-27T08:29:58.706" /><!-- duration: 2ms -->
                </step><!-- duration: 187351ms -->
              </step><!-- duration: 187441ms -->
              <step title="Cleaning up temp files" date="2025-09-27T08:29:59.473" /><!-- duration: 3213ms -->
              <step title="Cleaning up temp files" date="2025-09-27T08:30:02.690" /><!-- duration: 507ms -->
              <step title="Reloading status file with latest updates" date="2025-09-27T08:30:03.231" >
                <step title="WebHooksManager.PublishEventAsync: PostDeployment" date="2025-09-27T08:30:03.233" /><!-- duration: 21ms -->
              </step><!-- duration: 25ms -->
              <step title="Cleaning up temporary deployment - fetch deployment was successful" date="2025-09-27T08:30:03.259" /><!-- duration: 2ms -->
            </step><!-- duration: 191362ms -->
          </step><!-- duration: 192777ms -->
          <step title="Outgoing response" date="2025-09-27T08:30:03.300" type="response" statusCode="200" statusText="OK" /><!-- duration: 2ms -->
        </step><!-- duration: 192787ms -->
