<step title="Incoming Request" date="2025-09-16T12:44:05.728" instance="df2788" url="/api/zipdeploy?isAsync=true&amp;deployer=GITHUB_ZIP_DEPLOY&amp;message=%7B%22type%22%3A%22deployment%22%2C%22sha%22%3A%22d128926c6c1f41dfd8fcf1e8867ed33d044cffc0%22%2C%22repoName%22%3A%22KaunteyShah%2Fcredit-risk-analysis-tool%22%2C%22actor%22%3A%22KaunteyShah%22%2C%22slotName%22%3A%22production%22%2C%22commitMessage%22%3A%22%F0%9F%9A%80%20Enable%20automated%20deployment%20with%20publish%20profile%5Cn%5Cn%E2%9C%85%20Updated%20workflow%20to%20use%20AZURE_WEBAPP_PUBLISH_PROFILE%5Cn%E2%9C%85%20No%20Service%20Principal%20needed%20-%20using%20App%20Service%20credentials%5Cn%E2%9C%85%20Simplified%20authentication%20approach%5Cn%E2%9C%85%20Ready%20for%20automated%20deployment%5Cn%5CnFeatures%3A%5Cn-%20Direct%20App%20Service%20deployment%20using%20publish%20profile%5Cn-%20Streamlit%20app%20configuration%20for%20Azure%5Cn-%20Environment%20variables%20for%20Databricks%20integration%5Cn-%20Automated%20build%20and%20deployment%20pipeline%22%7D" method="POST" type="request" pid="768,1,18" Host="credit-risk-analysis-prod-app-25h2ya.scm.azurewebsites.net" User-Agent="GITHUBACTIONS_DeployWebAppToAzure_4a5a1b673f02fbd359f5f791fff0e4d3e82e3a2733128fe8bf04c072d54f4342" Authorization="Bas..." Content-Type="application/octet-stream" Cookie="ARRAffinity=df2788fb3e5f96d53e88638b51f78b399174bc066b03447dde3bac5ebbfa91f6;Path=/;HttpOnly;Secure;Domain=credit-risk-analysis-prod-app-25h2ya.scm.azurewebsites.net; ARRAffinitySameSite=df2788fb3e5f96d53e88638b51f78b399174bc066b03447dde3bac5ebbfa91f6;Path=/;HttpOnly;SameSite=None;Secure;Domain=credit-risk-analysis-prod-app-25h2ya.scm.azurewebsites.net" Transfer-Encoding="chunked" X-ARR-LOG-ID="68675eb6-2320-4179-9ea6-a868b7309e88" CLIENT-IP="172.203.7.50:62480" X-SITE-DEPLOYMENT-ID="credit-risk-analysis-prod-app-25h2ya" WAS-DEFAULT-HOSTNAME="credit-risk-analysis-prod-app-25h2ya.scm.azurewebsites.net" X-Forwarded-Proto="https" X-AppService-Proto="https" X-Forwarded-TlsVersion="1.3" X-WAWS-Unencoded-URL="/api/zipdeploy?isAsync=true&amp;deployer=GITHUB_ZIP_DEPLOY&amp;message=%7B%22type%22%3A%22deployment%22%2C%22sha%22%3A%22d128926c6c1f41dfd8fcf1e8867ed33d044cffc0%22%2C%22repoName%22%3A%22KaunteyShah%2Fcredit-risk-analysis-tool%22%2C%22actor%22%3A%22KaunteyShah%22%2C%22slotName%22%3A%22production%22%2C%22commitMessage%22%3A%22%F0%9F%9A%80%20Enable%20automated%20deployment%20with%20publish%20profile%5Cn%5Cn%E2%9C%85%20Updated%20workflow%20to%20use%20AZURE_WEBAPP_PUBLISH_PROFILE%5Cn%E2%9C%85%20No%20Service%20Principal%20needed%20-%20using%20App%20Service%20credentials%5Cn%E2%9C%85%20Simplified%20authentication%20approach%5Cn%E2%9C%85%20Ready%20for%20automated%20deployment%5Cn%5CnFeatures%3A%5Cn-%20Direct%20App%20Service%20deployment%20using%20publish%20profile%5Cn-%20Streamlit%20app%20configuration%20for%20Azure%5Cn-%20Environment%20variables%20for%20Databricks%20integration%5Cn-%20Automated%20build%20and%20deployment%20pipeline%22%7D" X-Client-IP="172.203.7.50" X-Client-Port="62480" >
  <step title="ZipPushDeploy" date="2025-09-16T12:44:05.738" >
    <step title="ZipDeploy. Extract zip. Remote build." date="2025-09-16T12:44:05.741" /><!-- duration: 2ms -->
    <step title="Starting PushDeployAsync" date="2025-09-16T12:44:05.746" /><!-- duration: 2ms -->
    <step title="Writing artifact to /tmp/zipdeploy/bea26c65-cb72-411b-b1a1-dc29bf55536b.zip" date="2025-09-16T12:44:05.750" >
      <step title="Writing multipart request body to /tmp/zipdeploy/bea26c65-cb72-411b-b1a1-dc29bf55536b.zip" date="2025-09-16T12:44:05.751" /><!-- duration: 2ms -->
    </step><!-- duration: 150ms -->
    <step title="Removing previous build artifact&apos;s manifest file" date="2025-09-16T12:44:05.903" >
      <step title="Start deployment in the background" date="2025-09-16T12:44:05.914" >
        <step title="Acquiring Deployment Lock" date="2025-09-16T12:44:05.919" /><!-- duration: 1ms -->
        <step title="Acquired Deployment Lock" date="2025-09-16T12:44:05.946" /><!-- duration: 1ms -->
      </step><!-- duration: 73ms -->
    </step><!-- duration: 123ms -->
    <step title="Outgoing response" date="2025-09-16T12:44:06.030" type="response" statusCode="202" statusText="Accepted" /><!-- duration: 2ms -->
  </step><!-- duration: 296ms -->
