<step title="BackgroundTrace" date="2025-09-24T12:24:06.538" instance="df2788" url="/api/zipdeploy" method="POST" >
  <step title="Creating temporary deployment - FetchDeploymentManager" date="2025-09-24T12:24:06.558" /><!-- duration: 1ms -->
  <step title="Creating temporary deployment" date="2025-09-24T12:24:06.560" /><!-- duration: 24ms -->
  <step title="Performing fetch based deployment" date="2025-09-24T12:24:06.594" >
    <step title="Cleaning up temp folders from previous zip deployments and extracting pushed zip file /tmp/zipdeploy/8a1d6140-3a3a-4b00-af2d-905bd392c595.zip (0.88 MB) to /tmp/zipdeploy/extracted" date="2025-09-24T12:24:07.702" >
      <step title="ChmodRecursive Process exited with total time taken in ms: 12" date="2025-09-24T12:24:07.771" /><!-- duration: 2ms -->
    </step><!-- duration: 73ms -->
    <step title="Deployment timer started" date="2025-09-24T12:24:09.777" >
      <step title="DeploymentManager.Deploy(id:fe1a61e3-6438-44d6-9a68-232cdb8b2a1c)" date="2025-09-24T12:24:09.780" >
        <step title="Collecting changeset information" date="2025-09-24T12:24:09.784" /><!-- duration: 61ms -->
        <step title="Updating submodules" date="2025-09-24T12:24:09.848" /><!-- duration: 1083ms -->
        <step title="Determining deployment builder" date="2025-09-24T12:24:11.095" >
          <step title="Builder is OryxBuilder" date="2025-09-24T12:24:11.099" /><!-- duration: 1ms -->
        </step><!-- duration: 6ms -->
        <step title="PreDeployment: context.CleanOutputPath False" date="2025-09-24T12:24:11.141" >
          <step title="PreDeployment: context.OutputPath /home/site/wwwroot" date="2025-09-24T12:24:11.250" >
            <step title="Building" date="2025-09-24T12:24:11.352" >
              <step title="Executing external process" date="2025-09-24T12:24:11.596" type="process" path="bash" arguments="-c &quot;oryx build /tmp/zipdeploy/extracted -o /home/site/wwwroot --platform python --platform-version 3.11 -p virtualenv_name=antenv --log-file /tmp/build-debug.log  -i /tmp/8ddfb65443482c4 --compress-destination-dir | tee /tmp/oryx-build.log ; exit $PIPESTATUS &quot;" /><!-- duration: 16151ms -->
              <step title="Using PythonDeploymentLogParser" date="2025-09-24T12:24:28.034" /><!-- duration: 2ms -->
              <step title="Triggering recycle (preview mode disabled)." date="2025-09-24T12:24:28.991" /><!-- duration: 2ms -->
              <step title="Modified file to trigger a restart of the app container." date="2025-09-24T12:24:29.010" /><!-- duration: 1ms -->
              <step title="Skip function trigger and logicapp sync because function is not enabled." date="2025-09-24T12:24:29.019" /><!-- duration: 2ms -->
              <step title="Purge deployment items" date="2025-09-24T12:24:29.962" >
                <step title="Remove 24af953f-, Success, received at 09/23/2025 12:43:23" date="2025-09-24T12:24:29.999" /><!-- duration: 3ms -->
              </step><!-- duration: 41ms -->
            </step><!-- duration: 18706ms -->
          </step><!-- duration: 18810ms -->
          <step title="Cleaning up temp files" date="2025-09-24T12:24:30.062" /><!-- duration: 1579ms -->
          <step title="Cleaning up temp files" date="2025-09-24T12:24:31.643" /><!-- duration: 502ms -->
          <step title="Reloading status file with latest updates" date="2025-09-24T12:24:32.434" >
            <step title="WebHooksManager.PublishEventAsync: PostDeployment" date="2025-09-24T12:24:32.436" /><!-- duration: 15ms -->
          </step><!-- duration: 18ms -->
          <step title="Cleaning up temporary deployment - fetch deployment was successful" date="2025-09-24T12:24:32.455" /><!-- duration: 1ms -->
        </step><!-- duration: 21342ms -->
      </step><!-- duration: 22708ms -->
