<step title="BackgroundTrace" date="2025-09-23T11:45:12.073" instance="df2788" url="/api/zipdeploy" method="POST" >
  <step title="Creating temporary deployment - FetchDeploymentManager" date="2025-09-23T11:45:12.097" /><!-- duration: 1ms -->
  <step title="Creating temporary deployment" date="2025-09-23T11:45:12.100" /><!-- duration: 28ms -->
  <step title="Performing fetch based deployment" date="2025-09-23T11:45:12.139" >
    <step title="Cleaning up temp folders from previous zip deployments and extracting pushed zip file /tmp/zipdeploy/8505f887-9f67-43a5-9fdd-6d02f1a623b4.zip (1.27 MB) to /tmp/zipdeploy/extracted" date="2025-09-23T11:45:13.232" >
      <step title="ChmodRecursive Process exited with total time taken in ms: 18" date="2025-09-23T11:45:13.338" /><!-- duration: 2ms -->
    </step><!-- duration: 109ms -->
    <step title="Deployment timer started" date="2025-09-23T11:45:15.345" >
      <step title="DeploymentManager.Deploy(id:6786aa78-b751-424c-b25c-5daa767d5173)" date="2025-09-23T11:45:15.347" >
        <step title="Collecting changeset information" date="2025-09-23T11:45:15.353" /><!-- duration: 86ms -->
        <step title="Updating submodules" date="2025-09-23T11:45:15.442" /><!-- duration: 1081ms -->
        <step title="Determining deployment builder" date="2025-09-23T11:45:16.699" >
          <step title="Builder is OryxBuilder" date="2025-09-23T11:45:16.702" /><!-- duration: 1ms -->
        </step><!-- duration: 6ms -->
        <step title="PreDeployment: context.CleanOutputPath False" date="2025-09-23T11:45:16.740" >
          <step title="PreDeployment: context.OutputPath /home/site/wwwroot" date="2025-09-23T11:45:16.830" >
            <step title="Building" date="2025-09-23T11:45:16.927" >
              <step title="Executing external process" date="2025-09-23T11:45:17.128" type="process" path="bash" arguments="-c &quot;oryx build /tmp/zipdeploy/extracted -o /home/site/wwwroot --platform python --platform-version 3.11 -p virtualenv_name=antenv --log-file /tmp/build-debug.log  -i /tmp/8ddfa96aa6206c1 --compress-destination-dir | tee /tmp/oryx-build.log ; exit $PIPESTATUS &quot;" /><!-- duration: 14694ms -->
              <step title="Using PythonDeploymentLogParser" date="2025-09-23T11:45:32.074" /><!-- duration: 2ms -->
              <step title="Triggering recycle (preview mode disabled)." date="2025-09-23T11:45:33.073" /><!-- duration: 2ms -->
              <step title="Modified file to trigger a restart of the app container." date="2025-09-23T11:45:33.091" /><!-- duration: 1ms -->
              <step title="Skip function trigger and logicapp sync because function is not enabled." date="2025-09-23T11:45:33.094" /><!-- duration: 1ms -->
              <step title="Purge deployment items" date="2025-09-23T11:45:34.003" >
                <step title="Remove a44b8ab6-, Success, received at 09/16/2025 12:35:01" date="2025-09-23T11:45:34.039" /><!-- duration: 1ms -->
              </step><!-- duration: 39ms -->
            </step><!-- duration: 17192ms -->
          </step><!-- duration: 17291ms -->
          <step title="Cleaning up temp files" date="2025-09-23T11:45:34.123" /><!-- duration: 1590ms -->
          <step title="Cleaning up temp files" date="2025-09-23T11:45:35.715" /><!-- duration: 502ms -->
          <step title="Reloading status file with latest updates" date="2025-09-23T11:45:36.241" >
            <step title="WebHooksManager.PublishEventAsync: PostDeployment" date="2025-09-23T11:45:36.243" /><!-- duration: 15ms -->
          </step><!-- duration: 18ms -->
          <step title="Cleaning up temporary deployment - fetch deployment was successful" date="2025-09-23T11:45:36.261" /><!-- duration: 1ms -->
        </step><!-- duration: 19550ms -->
      </step><!-- duration: 20948ms -->
