<step title="Incoming Request" date="2025-09-23T11:44:50.838" instance="df2788" url="/api/deployments/latest?deployer=GITHUB_ZIP_DEPLOY&amp;time=2025-09-23_11-44-44Z" method="GET" type="request" pid="768,1,51" Host="credit-risk-analysis-prod-app-25h2ya.scm.azurewebsites.net" User-Agent="GITHUBACTIONS_DeployWebAppToAzure_4a5a1b673f02fbd359f5f791fff0e4d3e82e3a2733128fe8bf04c072d54f4342" Authorization="Bas..." Content-Type="application/json; charset=utf-8" Cookie="ARRAffinity=df2788fb3e5f96d53e88638b51f78b399174bc066b03447dde3bac5ebbfa91f6;Path=/;HttpOnly;Secure;Domain=credit-risk-analysis-prod-app-25h2ya.scm.azurewebsites.net; ARRAffinitySameSite=df2788fb3e5f96d53e88638b51f78b399174bc066b03447dde3bac5ebbfa91f6;Path=/;HttpOnly;SameSite=None;Secure;Domain=credit-risk-analysis-prod-app-25h2ya.scm.azurewebsites.net" Content-Length="0" X-ARR-LOG-ID="cc8f6806-f6af-4995-980c-f481255c394b" CLIENT-IP="20.55.126.246:44033" X-SITE-DEPLOYMENT-ID="credit-risk-analysis-prod-app-25h2ya" WAS-DEFAULT-HOSTNAME="credit-risk-analysis-prod-app-25h2ya.scm.azurewebsites.net" X-Forwarded-Proto="https" X-AppService-Proto="https" X-Forwarded-TlsVersion="1.3" X-WAWS-Unencoded-URL="/api/deployments/latest?deployer=GITHUB_ZIP_DEPLOY&amp;time=2025-09-23_11-44-44Z" X-Client-IP="20.55.126.246" X-Client-Port="44033" >
  <step title="Cleanup Xml Logs" date="2025-09-23T11:44:50.840" >
    <step title="Cleanup Infos" date="2025-09-23T11:44:50.844" totalFiles="282" totalCleanup="122" /><!-- duration: 2ms -->
  </step><!-- duration: 8ms -->
  <step title="DeploymentService.GetResult" date="2025-09-23T11:44:50.851" >
    <step title="DeploymentService.GetLatestDeployment" date="2025-09-23T11:44:50.852" >
      <step title="DeploymentManager.GetResults" date="2025-09-23T11:44:50.853" /><!-- duration: 436ms -->
    </step><!-- duration: 438ms -->
  </step><!-- duration: 441ms -->
  <step title="Outgoing response" date="2025-09-23T11:44:51.293" type="response" statusCode="202" statusText="Accepted" /><!-- duration: 2ms -->
</step><!-- duration: 458ms -->
