<step title="Incoming Request" date="2025-09-26T15:58:33.365" instance="e63a90" url="/api/zipdeploy?isAsync=true" method="POST" type="request" pid="770,1,38" Accept="*/*" Host="credit-risk-clean-app.scm.azurewebsites.net" User-Agent="AZURECLI/2.76.0 (HOMEBREW)" Accept-Encoding="gzip, deflate" Authorization="Bea..." Cache-Control="no-cache" Content-Type="application/octet-stream" Cookie="ARRAffinity=e63a905017535be41fdba6560ff1ca4471d38789f7bd81ecafc51bcd61386024; ARRAffinitySameSite=e63a905017535be41fdba6560ff1ca4471d38789f7bd81ecafc51bcd61386024" Content-Length="4985081" x-ms-client-request-id="a36c6598-9af1-11f0-ad5b-02213740a574" x-ms-artifact-checksum="d41f18008ef55fdbce642b45e15aad808bac49b4a4bcdeb2463379e90d13043b" X-ARR-LOG-ID="a36c6598-9af1-11f0-ad5b-02213740a574" CLIENT-IP="82.7.68.78:50866" X-SITE-DEPLOYMENT-ID="credit-risk-clean-app" WAS-DEFAULT-HOSTNAME="credit-risk-clean-app.scm.azurewebsites.net" X-Forwarded-Proto="https" X-AppService-Proto="https" X-Forwarded-TlsVersion="1.3" X-WAWS-Unencoded-URL="/api/zipdeploy?isAsync=true" X-Client-IP="82.7.68.78" X-Client-Port="50866" >
  <step title="ZipPushDeploy" date="2025-09-26T15:58:33.503" >
    <step title="ZipDeploy. Extract zip." date="2025-09-26T15:58:33.507" /><!-- duration: 4ms -->
    <step title="Starting PushDeployAsync" date="2025-09-26T15:58:33.515" /><!-- duration: 1ms -->
    <step title="Writing artifact to /tmp/zipdeploy/cb7d2654-948a-408e-80f3-078694a7d6c0.zip" date="2025-09-26T15:58:33.524" >
      <step title="Writing multipart request body to /tmp/zipdeploy/cb7d2654-948a-408e-80f3-078694a7d6c0.zip" date="2025-09-26T15:58:33.533" /><!-- duration: 2ms -->
    </step><!-- duration: 774ms -->
    <step title="Removing previous build artifact&apos;s manifest file" date="2025-09-26T15:58:34.305" >
      <step title="Start deployment in the background" date="2025-09-26T15:58:34.322" >
        <step title="Acquiring Deployment Lock" date="2025-09-26T15:58:34.368" /><!-- duration: 2ms -->
        <step title="Acquired Deployment Lock" date="2025-09-26T15:58:34.387" /><!-- duration: 1ms -->
      </step><!-- duration: 133ms -->
    </step><!-- duration: 161ms -->
    <step title="Outgoing response" date="2025-09-26T15:58:34.470" type="response" statusCode="202" statusText="Accepted" /><!-- duration: 2ms -->
  </step><!-- duration: 974ms -->
