<step title="Incoming Request" date="2025-09-23T11:45:18.394" instance="df2788" url="/api/deployments/latest?deployer=GITHUB_ZIP_DEPLOY&amp;time=2025-09-23_11-45-12Z" method="GET" type="request" pid="768,1,57" Host="credit-risk-analysis-prod-app-25h2ya.scm.azurewebsites.net" User-Agent="GITHUBACTIONS_DeployWebAppToAzure_4a5a1b673f02fbd359f5f791fff0e4d3e82e3a2733128fe8bf04c072d54f4342" Authorization="Bas..." Content-Type="application/json; charset=utf-8" Cookie="ARRAffinity=df2788fb3e5f96d53e88638b51f78b399174bc066b03447dde3bac5ebbfa91f6;Path=/;HttpOnly;Secure;Domain=credit-risk-analysis-prod-app-25h2ya.scm.azurewebsites.net; ARRAffinitySameSite=df2788fb3e5f96d53e88638b51f78b399174bc066b03447dde3bac5ebbfa91f6;Path=/;HttpOnly;SameSite=None;Secure;Domain=credit-risk-analysis-prod-app-25h2ya.scm.azurewebsites.net" Content-Length="0" X-ARR-LOG-ID="7ca3b9f6-5f0e-4bf6-89d7-1946af2463cb" CLIENT-IP="172.184.191.162:31761" X-SITE-DEPLOYMENT-ID="credit-risk-analysis-prod-app-25h2ya" WAS-DEFAULT-HOSTNAME="credit-risk-analysis-prod-app-25h2ya.scm.azurewebsites.net" X-Forwarded-Proto="https" X-AppService-Proto="https" X-Forwarded-TlsVersion="1.3" X-WAWS-Unencoded-URL="/api/deployments/latest?deployer=GITHUB_ZIP_DEPLOY&amp;time=2025-09-23_11-45-12Z" X-Client-IP="172.184.191.162" X-Client-Port="31761" >
  <step title="Cleanup Xml Logs" date="2025-09-23T11:45:18.397" >
    <step title="Cleanup Infos" date="2025-09-23T11:45:18.411" totalFiles="293" totalCleanup="133" /><!-- duration: 4ms -->
  </step><!-- duration: 23ms -->
  <step title="DeploymentService.GetResult" date="2025-09-23T11:45:18.423" >
    <step title="DeploymentService.GetLatestDeployment" date="2025-09-23T11:45:18.425" >
      <step title="DeploymentManager.GetResults" date="2025-09-23T11:45:18.426" /><!-- duration: 574ms -->
    </step><!-- duration: 580ms -->
  </step><!-- duration: 583ms -->
  <step title="Outgoing response" date="2025-09-23T11:45:19.008" type="response" statusCode="202" statusText="Accepted" /><!-- duration: 2ms -->
</step><!-- duration: 617ms -->
