<step title="Incoming Request" date="2025-09-22T10:33:59.246" instance="df2788" url="/api/zipdeploy?isAsync=true&amp;deployer=GITHUB_ZIP_DEPLOY&amp;message=%7B%22type%22%3A%22deployment%22%2C%22sha%22%3A%226c5d3f27a7348824e20bbe53f5e4fadb1cd6314b%22%2C%22repoName%22%3A%22KaunteyShah%2Fcredit-risk-analysis-tool%22%2C%22actor%22%3A%22KaunteyShah%22%2C%22slotName%22%3A%22production%22%2C%22commitMessage%22%3A%22%F0%9F%A7%B9%20Major%20cleanup%3A%20Remove%20duplicate%20files%20and%20consolidate%20project%20structure%5Cn%5Cn-%20Remove%20duplicate%20Streamlit%20apps%20from%20root%20(kept%20app%2Fcore%2F%20version)%5Cn-%20Delete%20outdated%20documentation%20files%20(consolidated%20in%20docs%2F)%5Cn-%20Remove%20old%20deployment%2F%20folder%20(superseded%20by%20app%2F)%5Cn-%20Clean%20up%20duplicate%20requirements%20files%5Cn-%20Remove%20duplicate%20src%2F%20and%20data_layer%2F%20directories%5Cn-%20Delete%20old%20Python%20scripts%20and%20demos%5Cn-%20Remove%20build%20artifacts%20and%20cache%20files%5Cn-%20Add%20new%20GitHub%20workflow%20and%20notebooks%5Cn-%20Consolidate%20project%20structure%20for%20better%20maintainability%5Cn%5CnFiles%20removed%3A%2060%2B%20duplicate%2Foutdated%20files%5CnProject%20is%20now%20cleaner%20and%20ready%20for%20production%20deployment%22%7D" method="POST" type="request" pid="767,1,66" Host="credit-risk-analysis-prod-app-25h2ya.scm.azurewebsites.net" User-Agent="GITHUBACTIONS_DeployWebAppToAzure_4a5a1b673f02fbd359f5f791fff0e4d3e82e3a2733128fe8bf04c072d54f4342" Authorization="Bas..." Content-Type="application/octet-stream" Cookie="ARRAffinity=df2788fb3e5f96d53e88638b51f78b399174bc066b03447dde3bac5ebbfa91f6;Path=/;HttpOnly;Secure;Domain=credit-risk-analysis-prod-app-25h2ya.scm.azurewebsites.net; ARRAffinitySameSite=df2788fb3e5f96d53e88638b51f78b399174bc066b03447dde3bac5ebbfa91f6;Path=/;HttpOnly;SameSite=None;Secure;Domain=credit-risk-analysis-prod-app-25h2ya.scm.azurewebsites.net" Transfer-Encoding="chunked" X-ARR-LOG-ID="a74909a2-1711-4759-b003-5c33d290d3cd" CLIENT-IP="52.225.73.162:3089" X-SITE-DEPLOYMENT-ID="credit-risk-analysis-prod-app-25h2ya" WAS-DEFAULT-HOSTNAME="credit-risk-analysis-prod-app-25h2ya.scm.azurewebsites.net" X-Forwarded-Proto="https" X-AppService-Proto="https" X-Forwarded-TlsVersion="1.3" X-WAWS-Unencoded-URL="/api/zipdeploy?isAsync=true&amp;deployer=GITHUB_ZIP_DEPLOY&amp;message=%7B%22type%22%3A%22deployment%22%2C%22sha%22%3A%226c5d3f27a7348824e20bbe53f5e4fadb1cd6314b%22%2C%22repoName%22%3A%22KaunteyShah%2Fcredit-risk-analysis-tool%22%2C%22actor%22%3A%22KaunteyShah%22%2C%22slotName%22%3A%22production%22%2C%22commitMessage%22%3A%22%F0%9F%A7%B9%20Major%20cleanup%3A%20Remove%20duplicate%20files%20and%20consolidate%20project%20structure%5Cn%5Cn-%20Remove%20duplicate%20Streamlit%20apps%20from%20root%20(kept%20app%2Fcore%2F%20version)%5Cn-%20Delete%20outdated%20documentation%20files%20(consolidated%20in%20docs%2F)%5Cn-%20Remove%20old%20deployment%2F%20folder%20(superseded%20by%20app%2F)%5Cn-%20Clean%20up%20duplicate%20requirements%20files%5Cn-%20Remove%20duplicate%20src%2F%20and%20data_layer%2F%20directories%5Cn-%20Delete%20old%20Python%20scripts%20and%20demos%5Cn-%20Remove%20build%20artifacts%20and%20cache%20files%5Cn-%20Add%20new%20GitHub%20workflow%20and%20notebooks%5Cn-%20Consolidate%20project%20structure%20for%20better%20maintainability%5Cn%5CnFiles%20removed%3A%2060%2B%20duplicate%2Foutdated%20files%5CnProject%20is%20now%20cleaner%20and%20ready%20for%20production%20deployment%22%7D" X-Client-IP="52.225.73.162" X-Client-Port="3089" >
  <step title="ZipPushDeploy" date="2025-09-22T10:33:59.256" >
    <step title="ZipDeploy. Extract zip. Remote build." date="2025-09-22T10:33:59.298" /><!-- duration: 2ms -->
    <step title="Starting PushDeployAsync" date="2025-09-22T10:33:59.302" /><!-- duration: 2ms -->
    <step title="Writing artifact to /tmp/zipdeploy/e4f7e8ea-edad-4c0b-868d-a00f56e0a0ce.zip" date="2025-09-22T10:33:59.323" >
      <step title="Writing multipart request body to /tmp/zipdeploy/e4f7e8ea-edad-4c0b-868d-a00f56e0a0ce.zip" date="2025-09-22T10:33:59.326" /><!-- duration: 7ms -->
    </step><!-- duration: 494ms -->
    <step title="Removing previous build artifact&apos;s manifest file" date="2025-09-22T10:33:59.828" >
      <step title="Start deployment in the background" date="2025-09-22T10:33:59.834" >
        <step title="Acquiring Deployment Lock" date="2025-09-22T10:33:59.839" /><!-- duration: 2ms -->
        <step title="Cannot Acquire Deployment Lock already held" date="2025-09-22T10:33:59.843" /><!-- duration: 2ms -->
      </step><!-- duration: 32ms -->
      <step title="There is a deployment currently in progress. Please try again when it completes." date="2025-09-22T10:33:59.868" /><!-- duration: 1ms -->
    </step><!-- duration: 44ms -->
    <step title="Outgoing response" date="2025-09-22T10:33:59.874" type="response" statusCode="409" statusText="Conflict" /><!-- duration: 6ms -->
  </step><!-- duration: 628ms -->
