<step title="Incoming Request" date="2025-09-16T14:41:47.296" instance="df2788" url="/api/zipdeploy?isAsync=true&amp;deployer=GITHUB_ZIP_DEPLOY&amp;message=%7B%22type%22%3A%22deployment%22%2C%22sha%22%3A%228c1d9b80ea27daabdab6f8988f2ab2a6e4ac1651%22%2C%22repoName%22%3A%22KaunteyShah%2Fcredit-risk-analysis-tool%22%2C%22actor%22%3A%22KaunteyShah%22%2C%22slotName%22%3A%22production%22%2C%22commitMessage%22%3A%22Add%20comprehensive%20setup%20scripts%20and%20verification%20for%20portable%20deployment%5Cn%5Cn-%20Added%20verify_setup.py%20for%20deployment%20verification%5Cn-%20Added%20start.sh%20and%20start.bat%20for%20automated%20setup%5Cn-%20Updated%20README%20with%20detailed%20setup%20instructions%5Cn-%20Added%20troubleshooting%20guide%5Cn-%20Ensures%20app%20can%20be%20downloaded%20and%20run%20anywhere%22%7D" method="POST" type="request" pid="767,1,64" Host="credit-risk-analysis-prod-app-25h2ya.scm.azurewebsites.net" User-Agent="GITHUBACTIONS_DeployWebAppToAzure_4a5a1b673f02fbd359f5f791fff0e4d3e82e3a2733128fe8bf04c072d54f4342" Authorization="Bas..." Content-Type="application/octet-stream" Cookie="ARRAffinity=df2788fb3e5f96d53e88638b51f78b399174bc066b03447dde3bac5ebbfa91f6;Path=/;HttpOnly;Secure;Domain=credit-risk-analysis-prod-app-25h2ya.scm.azurewebsites.net; ARRAffinitySameSite=df2788fb3e5f96d53e88638b51f78b399174bc066b03447dde3bac5ebbfa91f6;Path=/;HttpOnly;SameSite=None;Secure;Domain=credit-risk-analysis-prod-app-25h2ya.scm.azurewebsites.net" Transfer-Encoding="chunked" X-ARR-LOG-ID="6e9a349c-c933-44da-9ca4-56c9a36f7996" CLIENT-IP="20.55.87.52:51240" X-SITE-DEPLOYMENT-ID="credit-risk-analysis-prod-app-25h2ya" WAS-DEFAULT-HOSTNAME="credit-risk-analysis-prod-app-25h2ya.scm.azurewebsites.net" X-Forwarded-Proto="https" X-AppService-Proto="https" X-Forwarded-TlsVersion="1.3" X-WAWS-Unencoded-URL="/api/zipdeploy?isAsync=true&amp;deployer=GITHUB_ZIP_DEPLOY&amp;message=%7B%22type%22%3A%22deployment%22%2C%22sha%22%3A%228c1d9b80ea27daabdab6f8988f2ab2a6e4ac1651%22%2C%22repoName%22%3A%22KaunteyShah%2Fcredit-risk-analysis-tool%22%2C%22actor%22%3A%22KaunteyShah%22%2C%22slotName%22%3A%22production%22%2C%22commitMessage%22%3A%22Add%20comprehensive%20setup%20scripts%20and%20verification%20for%20portable%20deployment%5Cn%5Cn-%20Added%20verify_setup.py%20for%20deployment%20verification%5Cn-%20Added%20start.sh%20and%20start.bat%20for%20automated%20setup%5Cn-%20Updated%20README%20with%20detailed%20setup%20instructions%5Cn-%20Added%20troubleshooting%20guide%5Cn-%20Ensures%20app%20can%20be%20downloaded%20and%20run%20anywhere%22%7D" X-Client-IP="20.55.87.52" X-Client-Port="51240" >
  <step title="ZipPushDeploy" date="2025-09-16T14:41:47.321" >
    <step title="ZipDeploy. Extract zip. Remote build." date="2025-09-16T14:41:47.325" /><!-- duration: 1ms -->
    <step title="Starting PushDeployAsync" date="2025-09-16T14:41:47.329" /><!-- duration: 1ms -->
    <step title="Writing artifact to /tmp/zipdeploy/e1b4c9ab-d8eb-4e67-9165-cd85e6fba98d.zip" date="2025-09-16T14:41:47.335" >
      <step title="Writing multipart request body to /tmp/zipdeploy/e1b4c9ab-d8eb-4e67-9165-cd85e6fba98d.zip" date="2025-09-16T14:41:47.337" /><!-- duration: 2ms -->
    </step><!-- duration: 346ms -->
    <step title="Removing previous build artifact&apos;s manifest file" date="2025-09-16T14:41:47.688" >
      <step title="Start deployment in the background" date="2025-09-16T14:41:47.693" >
        <step title="Acquiring Deployment Lock" date="2025-09-16T14:41:47.703" /><!-- duration: 2ms -->
        <step title="Acquired Deployment Lock" date="2025-09-16T14:41:47.741" /><!-- duration: 1ms -->
      </step><!-- duration: 92ms -->
    </step><!-- duration: 106ms -->
    <step title="Outgoing response" date="2025-09-16T14:41:47.796" type="response" statusCode="202" statusText="Accepted" /><!-- duration: 2ms -->
  </step><!-- duration: 478ms -->
