<step title="BackgroundTrace" date="2025-09-23T12:39:52.835" instance="df2788" url="/api/zipdeploy" method="POST" >
  <step title="Creating temporary deployment - FetchDeploymentManager" date="2025-09-23T12:39:52.860" /><!-- duration: 1ms -->
  <step title="Creating temporary deployment" date="2025-09-23T12:39:52.863" /><!-- duration: 38ms -->
  <step title="Performing fetch based deployment" date="2025-09-23T12:39:52.911" >
    <step title="Cleaning up temp folders from previous zip deployments and extracting pushed zip file /tmp/zipdeploy/627e7b9e-22b0-4c29-ad7e-8911670d2f25.zip (1.31 MB) to /tmp/zipdeploy/extracted" date="2025-09-23T12:39:54.004" >
      <step title="ChmodRecursive Process exited with total time taken in ms: 19" date="2025-09-23T12:39:54.112" /><!-- duration: 1ms -->
    </step><!-- duration: 111ms -->
    <step title="Deployment timer started" date="2025-09-23T12:39:56.118" >
      <step title="DeploymentManager.Deploy(id:ac7261b0-e769-4156-97e9-e22ca211713a)" date="2025-09-23T12:39:56.120" >
        <step title="Collecting changeset information" date="2025-09-23T12:39:56.125" /><!-- duration: 60ms -->
        <step title="Updating submodules" date="2025-09-23T12:39:56.188" /><!-- duration: 1111ms -->
        <step title="Determining deployment builder" date="2025-09-23T12:39:57.429" >
          <step title="Builder is OryxBuilder" date="2025-09-23T12:39:57.433" /><!-- duration: 1ms -->
        </step><!-- duration: 6ms -->
        <step title="PreDeployment: context.CleanOutputPath False" date="2025-09-23T12:39:57.469" >
          <step title="PreDeployment: context.OutputPath /home/site/wwwroot" date="2025-09-23T12:39:57.568" >
            <step title="Building" date="2025-09-23T12:39:57.670" >
              <step title="Executing external process" date="2025-09-23T12:39:57.873" type="process" path="bash" arguments="-c &quot;oryx build /tmp/zipdeploy/extracted -o /home/site/wwwroot --platform python --platform-version 3.11 -p virtualenv_name=antenv --log-file /tmp/build-debug.log  -i /tmp/8ddfa9e4dd9cd5a --compress-destination-dir | tee /tmp/oryx-build.log ; exit $PIPESTATUS &quot;" /><!-- duration: 18159ms -->
              <step title="Using PythonDeploymentLogParser" date="2025-09-23T12:40:16.306" /><!-- duration: 2ms -->
              <step title="Triggering recycle (preview mode disabled)." date="2025-09-23T12:40:17.163" /><!-- duration: 3ms -->
              <step title="Modified file to trigger a restart of the app container." date="2025-09-23T12:40:17.188" /><!-- duration: 1ms -->
              <step title="Skip function trigger and logicapp sync because function is not enabled." date="2025-09-23T12:40:17.191" /><!-- duration: 2ms -->
              <step title="Purge deployment items" date="2025-09-23T12:40:18.542" >
                <step title="Remove 86bda555-, Success, received at 09/22/2025 10:33:37" date="2025-09-23T12:40:18.622" /><!-- duration: 1ms -->
              </step><!-- duration: 83ms -->
            </step><!-- duration: 21012ms -->
          </step><!-- duration: 21116ms -->
          <step title="Cleaning up temp files" date="2025-09-23T12:40:18.685" /><!-- duration: 1580ms -->
          <step title="Cleaning up temp files" date="2025-09-23T12:40:20.268" /><!-- duration: 502ms -->
          <step title="Reloading status file with latest updates" date="2025-09-23T12:40:20.785" >
            <step title="WebHooksManager.PublishEventAsync: PostDeployment" date="2025-09-23T12:40:20.786" /><!-- duration: 21ms -->
          </step><!-- duration: 24ms -->
          <step title="Cleaning up temporary deployment - fetch deployment was successful" date="2025-09-23T12:40:20.811" /><!-- duration: 1ms -->
        </step><!-- duration: 23377ms -->
      </step><!-- duration: 24732ms -->
