<step title="Incoming Request" date="2025-09-23T12:34:52.027" instance="df2788" url="/api/zipdeploy?isAsync=true&amp;deployer=GITHUB_ZIP_DEPLOY&amp;message=%7B%22type%22%3A%22deployment%22%2C%22sha%22%3A%22d657496fd8fce15051e6e7cea9e7caab0f4cb09f%22%2C%22repoName%22%3A%22KaunteyShah%2Fcredit-risk-analysis-tool%22%2C%22actor%22%3A%22KaunteyShah%22%2C%22slotName%22%3A%22production%22%2C%22commitMessage%22%3A%22Enhance%20Azure%20startup%20diagnostics%20and%20health%20monitoring%5Cn%5Cn-%20Add%20comprehensive%20Python%20version%20and%20import%20logging%20in%20main.py%5Cn-%20Implement%20detailed%20health%20check%20endpoint%20in%20flask_main.py%5Cn-%20Include%20configuration%20validation%20and%20error%20diagnostics%5Cn-%20Add%20startup%20environment%20and%20dependency%20verification%22%7D" method="POST" type="request" pid="768,1,32" Host="credit-risk-analysis-prod-app-25h2ya.scm.azurewebsites.net" User-Agent="GITHUBACTIONS_DeployWebAppToAzure_4a5a1b673f02fbd359f5f791fff0e4d3e82e3a2733128fe8bf04c072d54f4342" Authorization="Bas..." Content-Type="application/octet-stream" Cookie="ARRAffinity=df2788fb3e5f96d53e88638b51f78b399174bc066b03447dde3bac5ebbfa91f6;Path=/;HttpOnly;Secure;Domain=credit-risk-analysis-prod-app-25h2ya.scm.azurewebsites.net; ARRAffinitySameSite=df2788fb3e5f96d53e88638b51f78b399174bc066b03447dde3bac5ebbfa91f6;Path=/;HttpOnly;SameSite=None;Secure;Domain=credit-risk-analysis-prod-app-25h2ya.scm.azurewebsites.net" Transfer-Encoding="chunked" X-ARR-LOG-ID="9cdfafce-2dbe-4a15-b709-f39ca8cbb96a" CLIENT-IP="172.182.225.9:28800" X-SITE-DEPLOYMENT-ID="credit-risk-analysis-prod-app-25h2ya" WAS-DEFAULT-HOSTNAME="credit-risk-analysis-prod-app-25h2ya.scm.azurewebsites.net" X-Forwarded-Proto="https" X-AppService-Proto="https" X-Forwarded-TlsVersion="1.3" X-WAWS-Unencoded-URL="/api/zipdeploy?isAsync=true&amp;deployer=GITHUB_ZIP_DEPLOY&amp;message=%7B%22type%22%3A%22deployment%22%2C%22sha%22%3A%22d657496fd8fce15051e6e7cea9e7caab0f4cb09f%22%2C%22repoName%22%3A%22KaunteyShah%2Fcredit-risk-analysis-tool%22%2C%22actor%22%3A%22KaunteyShah%22%2C%22slotName%22%3A%22production%22%2C%22commitMessage%22%3A%22Enhance%20Azure%20startup%20diagnostics%20and%20health%20monitoring%5Cn%5Cn-%20Add%20comprehensive%20Python%20version%20and%20import%20logging%20in%20main.py%5Cn-%20Implement%20detailed%20health%20check%20endpoint%20in%20flask_main.py%5Cn-%20Include%20configuration%20validation%20and%20error%20diagnostics%5Cn-%20Add%20startup%20environment%20and%20dependency%20verification%22%7D" X-Client-IP="172.182.225.9" X-Client-Port="28800" >
  <step title="ZipPushDeploy" date="2025-09-23T12:34:52.030" >
    <step title="ZipDeploy. Extract zip. Remote build." date="2025-09-23T12:34:52.033" /><!-- duration: 2ms -->
    <step title="Starting PushDeployAsync" date="2025-09-23T12:34:52.037" /><!-- duration: 1ms -->
    <step title="Writing artifact to /tmp/zipdeploy/42af6ca0-ad48-40e0-80c4-c5a439ef36eb.zip" date="2025-09-23T12:34:52.049" >
      <step title="Writing multipart request body to /tmp/zipdeploy/42af6ca0-ad48-40e0-80c4-c5a439ef36eb.zip" date="2025-09-23T12:34:52.051" /><!-- duration: 1ms -->
    </step><!-- duration: 635ms -->
    <step title="Removing previous build artifact&apos;s manifest file" date="2025-09-23T12:34:52.688" >
      <step title="Start deployment in the background" date="2025-09-23T12:34:52.693" >
        <step title="Acquiring Deployment Lock" date="2025-09-23T12:34:52.698" /><!-- duration: 2ms -->
        <step title="Acquired Deployment Lock" date="2025-09-23T12:34:52.726" /><!-- duration: 1ms -->
      </step><!-- duration: 70ms -->
    </step><!-- duration: 76ms -->
    <step title="Outgoing response" date="2025-09-23T12:34:52.766" type="response" statusCode="202" statusText="Accepted" /><!-- duration: 1ms -->
  </step><!-- duration: 738ms -->
