<step title="BackgroundTrace" date="2025-09-16T15:01:02.187" instance="df2788" url="/api/zipdeploy" method="POST" >
  <step title="Creating temporary deployment - FetchDeploymentManager" date="2025-09-16T15:01:02.236" /><!-- duration: 1ms -->
  <step title="Creating temporary deployment" date="2025-09-16T15:01:02.239" /><!-- duration: 36ms -->
  <step title="Performing fetch based deployment" date="2025-09-16T15:01:02.292" >
    <step title="Cleaning up temp folders from previous zip deployments and extracting pushed zip file /tmp/zipdeploy/d480f9ae-5a99-43ad-9fea-3f00ac6387a5.zip (1.02 MB) to /tmp/zipdeploy/extracted" date="2025-09-16T15:01:03.377" >
      <step title="ChmodRecursive Process exited with total time taken in ms: 20" date="2025-09-16T15:01:03.465" /><!-- duration: 2ms -->
    </step><!-- duration: 91ms -->
    <step title="Deployment timer started" date="2025-09-16T15:01:05.471" >
      <step title="DeploymentManager.Deploy(id:b21a66b8-4633-4570-ba0c-48b8133a8b25)" date="2025-09-16T15:01:05.475" >
        <step title="Collecting changeset information" date="2025-09-16T15:01:05.481" /><!-- duration: 53ms -->
        <step title="Updating submodules" date="2025-09-16T15:01:05.537" /><!-- duration: 1096ms -->
        <step title="Determining deployment builder" date="2025-09-16T15:01:06.766" >
          <step title="Builder is OryxBuilder" date="2025-09-16T15:01:06.770" /><!-- duration: 1ms -->
        </step><!-- duration: 7ms -->
        <step title="PreDeployment: context.CleanOutputPath False" date="2025-09-16T15:01:06.813" >
          <step title="PreDeployment: context.OutputPath /home/site/wwwroot" date="2025-09-16T15:01:06.899" >
            <step title="Building" date="2025-09-16T15:01:06.991" >
              <step title="Executing external process" date="2025-09-16T15:01:07.186" type="process" path="bash" arguments="-c &quot;oryx build /tmp/zipdeploy/extracted -o /home/site/wwwroot --platform python --platform-version 3.11 -p virtualenv_name=antenv --log-file /tmp/build-debug.log  -i /tmp/8ddf531dd140357 --compress-destination-dir | tee /tmp/oryx-build.log ; exit $PIPESTATUS &quot;" /><!-- duration: 16768ms -->
              <step title="Using PythonDeploymentLogParser" date="2025-09-16T15:01:24.239" /><!-- duration: 4ms -->
              <step title="Triggering recycle (preview mode disabled)." date="2025-09-16T15:01:25.074" /><!-- duration: 3ms -->
              <step title="Modified file to trigger a restart of the app container." date="2025-09-16T15:01:25.093" /><!-- duration: 2ms -->
              <step title="Skip function trigger and logicapp sync because function is not enabled." date="2025-09-16T15:01:25.097" /><!-- duration: 2ms -->
            </step><!-- duration: 18977ms -->
          </step><!-- duration: 19072ms -->
          <step title="Cleaning up temp files" date="2025-09-16T15:01:25.972" /><!-- duration: 1697ms -->
          <step title="Cleaning up temp files" date="2025-09-16T15:01:27.672" /><!-- duration: 507ms -->
          <step title="Reloading status file with latest updates" date="2025-09-16T15:01:28.196" >
            <step title="WebHooksManager.PublishEventAsync: PostDeployment" date="2025-09-16T15:01:28.203" /><!-- duration: 23ms -->
          </step><!-- duration: 31ms -->
          <step title="Cleaning up temporary deployment - fetch deployment was successful" date="2025-09-16T15:01:28.231" /><!-- duration: 2ms -->
        </step><!-- duration: 21456ms -->
      </step><!-- duration: 22803ms -->
