<step title="Incoming Request" date="2025-09-27T07:45:00.328" instance="28045c" url="/api/publish?type=zip" method="POST" type="request" pid="768,1,40" Accept="*/*" Host="credit-risk-clean-app.scm.azurewebsites.net" User-Agent="AZURECLI/2.76.0 (HOMEBREW)" Accept-Encoding="gzip, deflate" Authorization="Bea..." Cache-Control="no-cache" Content-Type="application/octet-stream" Cookie="ARRAffinity=28045c6adfea86f6e6a4fb889ed02f7953575b88ca284551fd91068eab142a0c; ARRAffinitySameSite=28045c6adfea86f6e6a4fb889ed02f7953575b88ca284551fd91068eab142a0c" Content-Length="2368811" x-ms-client-request-id="d8321bf4-9b75-11f0-83d3-02213740a574" x-ms-artifact-checksum="ce76a54e3e4f3074e708b2d3ad2b49280cdabcba427bf5547f3fdf8d44c96d24" X-ARR-LOG-ID="d8321bf4-9b75-11f0-83d3-02213740a574" CLIENT-IP="82.7.68.78:52708" X-SITE-DEPLOYMENT-ID="credit-risk-clean-app" WAS-DEFAULT-HOSTNAME="credit-risk-clean-app.scm.azurewebsites.net" X-Forwarded-Proto="https" X-AppService-Proto="https" X-Forwarded-TlsVersion="1.3" X-WAWS-Unencoded-URL="/api/publish?type=zip" X-Client-IP="82.7.68.78" X-Client-Port="52708" >
  <step title="OneDeploy" date="2025-09-27T07:45:00.629" >
    <step title="None repository commit" date="2025-09-27T07:45:00.639" >
      <step title="Commit id: 905e0cd4-8569-4ea2-b695-e5eeffa969ff" date="2025-09-27T07:45:00.641" Message="N/A" AuthorName="N/A" AuthorEmail="N/A" /><!-- duration: 2ms -->
    </step><!-- duration: 5ms -->
    <step title="Starting PushDeployAsync" date="2025-09-27T07:45:00.646" /><!-- duration: 2ms -->
    <step title="Writing artifact to /tmp/zipdeploy/dcdcc95d-fb12-4a5c-af80-e4ebe1d98baf.zip" date="2025-09-27T07:45:00.655" >
      <step title="Writing multipart request body to /tmp/zipdeploy/dcdcc95d-fb12-4a5c-af80-e4ebe1d98baf.zip" date="2025-09-27T07:45:00.657" /><!-- duration: 1ms -->
    </step><!-- duration: 66ms -->
    <step title="Removing previous build artifact&apos;s manifest file" date="2025-09-27T07:45:00.724" >
      <step title="Attempting to fetch target branch HEAD" date="2025-09-27T07:45:00.737" /><!-- duration: 2ms -->
      <step title="Acquiring Deployment Lock" date="2025-09-27T07:45:00.741" /><!-- duration: 1ms -->
      <step title="Acquired Deployment Lock" date="2025-09-27T07:45:00.776" /><!-- duration: 2ms -->
      <step title="Performing fetch based deployment" date="2025-09-27T07:45:00.784" >
        <step title="Creating temporary deployment" date="2025-09-27T07:45:00.787" /><!-- duration: 42ms -->
        <step title="Releasing Deployment Lock" date="2025-09-27T07:45:02.016" /><!-- duration: 3ms -->
        <step title="Cleaning up temp folders from previous zip deployments and extracting pushed zip file /tmp/zipdeploy/dcdcc95d-fb12-4a5c-af80-e4ebe1d98baf.zip (2.26 MB) to /tmp/zipdeploy/extracted" date="2025-09-27T07:45:02.036" >
          <step title="ChmodRecursive Process exited with total time taken in ms: 35" date="2025-09-27T07:45:02.546" /><!-- duration: 6ms -->
        </step><!-- duration: 521ms -->
        <step title="None repository commit" date="2025-09-27T07:45:02.559" >
          <step title="Commit id: 905e0cd4-8569-4ea2-b695-e5eeffa969ff" date="2025-09-27T07:45:02.562" Message="OneDeploy" AuthorName="N/A" AuthorEmail="N/A" /><!-- duration: 2ms -->
        </step><!-- duration: 6ms -->
        <step title="Deployment timer started" date="2025-09-27T07:45:04.569" >
          <step title="DeploymentManager.Deploy(id:905e0cd4-8569-4ea2-b695-e5eeffa969ff)" date="2025-09-27T07:45:04.572" >
            <step title="Collecting changeset information" date="2025-09-27T07:45:04.579" /><!-- duration: 57ms -->
            <step title="Updating submodules" date="2025-09-27T07:45:04.640" /><!-- duration: 1084ms -->
            <step title="Determining deployment builder" date="2025-09-27T07:45:05.913" >
              <step title="Builder is OryxBuilder" date="2025-09-27T07:45:05.918" /><!-- duration: 2ms -->
            </step><!-- duration: 9ms -->
            <step title="PreDeployment: context.CleanOutputPath False" date="2025-09-27T07:45:05.956" >
              <step title="PreDeployment: context.OutputPath /home/site/wwwroot" date="2025-09-27T07:45:06.041" >
                <step title="Building" date="2025-09-27T07:45:06.143" >
                  <step title="Executing external process" date="2025-09-27T07:45:06.415" type="process" path="bash" arguments="-c &quot;oryx build /tmp/zipdeploy/extracted -o /home/site/wwwroot --platform python --platform-version 3.11 -p virtualenv_name=antenv --log-file /tmp/build-debug.log  -i /tmp/8ddfd99c68a23ca --compress-destination-dir | tee /tmp/oryx-build.log ; exit $PIPESTATUS &quot;" >
                    <step title="Cpu: python(9072,58.180s)+ts(9073,0.070s)+build.sh(9071,0.000s)+build.sh(9070,0.000s)+build.sh(8976,0.040s)+oryx(8957,5.320s)+tee(8958,0.000s)+bash(8956,0.000s)=total(63.610s)" date="2025-09-27T07:46:32.521" /><!-- duration: 9ms -->
                    <step title="bash: no io activity for 61s, prev-cpu=-1.000s, current-cpu=63.610s" date="2025-09-27T07:46:32.533" /><!-- duration: 2ms -->
                    <step title="Cpu: gzip(9187,43.780s)+sh(9186,0.000s)+tar(9185,0.960s)+build.sh(8976,0.040s)+oryx(8957,5.590s)+tee(8958,0.000s)+bash(8956,0.000s)=total(50.370s)" date="2025-09-27T07:48:13.639" /><!-- duration: 4ms -->
                    <step title="bash: no io activity for 61s, prev-cpu=-1.000s, current-cpu=50.370s" date="2025-09-27T07:48:13.645" /><!-- duration: 2ms -->
                  </step><!-- duration: 201302ms -->
                  <step title="Using PythonDeploymentLogParser" date="2025-09-27T07:48:27.978" /><!-- duration: 2ms -->
                  <step title="Modified file to trigger a restart of the app container." date="2025-09-27T07:48:28.883" /><!-- duration: 2ms -->
                  <step title="Skip function trigger and logicapp sync because function is not enabled." date="2025-09-27T07:48:28.888" /><!-- duration: 4ms -->
                </step><!-- duration: 203428ms -->
              </step><!-- duration: 203533ms -->
              <step title="Cleaning up temp files" date="2025-09-27T07:48:29.575" /><!-- duration: 3202ms -->
              <step title="Cleaning up temp files" date="2025-09-27T07:48:32.817" /><!-- duration: 513ms -->
              <step title="Reloading status file with latest updates" date="2025-09-27T07:48:33.348" >
                <step title="WebHooksManager.PublishEventAsync: PostDeployment" date="2025-09-27T07:48:33.350" /><!-- duration: 50ms -->
              </step><!-- duration: 54ms -->
              <step title="Cleaning up temporary deployment - fetch deployment was successful" date="2025-09-27T07:48:33.405" /><!-- duration: 2ms -->
            </step><!-- duration: 207478ms -->
          </step><!-- duration: 208866ms -->
          <step title="Outgoing response" date="2025-09-27T07:48:33.443" type="response" statusCode="200" statusText="OK" /><!-- duration: 2ms -->
        </step><!-- duration: 208878ms -->
