<step title="Incoming Request" date="2025-09-23T19:34:24.567" instance="df2788" url="/api/deployments/latest?deployer=GITHUB_ZIP_DEPLOY&amp;time=2025-09-23_19-34-18Z" method="GET" type="request" pid="768,1,63" Host="credit-risk-analysis-prod-app-25h2ya.scm.azurewebsites.net" User-Agent="GITHUBACTIONS_DeployWebAppToAzure_4a5a1b673f02fbd359f5f791fff0e4d3e82e3a2733128fe8bf04c072d54f4342" Authorization="Bas..." Content-Type="application/json; charset=utf-8" Cookie="ARRAffinity=df2788fb3e5f96d53e88638b51f78b399174bc066b03447dde3bac5ebbfa91f6;Path=/;HttpOnly;Secure;Domain=credit-risk-analysis-prod-app-25h2ya.scm.azurewebsites.net; ARRAffinitySameSite=df2788fb3e5f96d53e88638b51f78b399174bc066b03447dde3bac5ebbfa91f6;Path=/;HttpOnly;SameSite=None;Secure;Domain=credit-risk-analysis-prod-app-25h2ya.scm.azurewebsites.net" Content-Length="0" X-ARR-LOG-ID="f84e8a8c-0025-43f0-8084-9b16914815bd" CLIENT-IP="4.236.173.17:55305" X-SITE-DEPLOYMENT-ID="credit-risk-analysis-prod-app-25h2ya" WAS-DEFAULT-HOSTNAME="credit-risk-analysis-prod-app-25h2ya.scm.azurewebsites.net" X-Forwarded-Proto="https" X-AppService-Proto="https" X-Forwarded-TlsVersion="1.3" X-WAWS-Unencoded-URL="/api/deployments/latest?deployer=GITHUB_ZIP_DEPLOY&amp;time=2025-09-23_19-34-18Z" X-Client-IP="4.236.173.17" X-Client-Port="55305" >
  <step title="Cleanup Xml Logs" date="2025-09-23T19:34:24.568" >
    <step title="Cleanup Infos" date="2025-09-23T19:34:24.578" totalFiles="426" totalCleanup="266" /><!-- duration: 2ms -->
  </step><!-- duration: 14ms -->
  <step title="DeploymentService.GetResult" date="2025-09-23T19:34:24.586" >
    <step title="DeploymentService.GetLatestDeployment" date="2025-09-23T19:34:24.587" >
      <step title="DeploymentManager.GetResults" date="2025-09-23T19:34:24.589" /><!-- duration: 530ms -->
    </step><!-- duration: 536ms -->
  </step><!-- duration: 540ms -->
  <step title="Outgoing response" date="2025-09-23T19:34:25.129" type="response" statusCode="202" statusText="Accepted" /><!-- duration: 2ms -->
</step><!-- duration: 565ms -->
