<step title="Incoming Request" date="2025-09-23T09:21:20.988" instance="df2788" url="/api/deployments/latest?deployer=GITHUB_ZIP_DEPLOY&amp;time=2025-09-23_09-20-56Z" method="GET" type="request" pid="767,1,40" Host="credit-risk-analysis-prod-app-25h2ya.scm.azurewebsites.net" User-Agent="GITHUBACTIONS_DeployWebAppToAzure_4a5a1b673f02fbd359f5f791fff0e4d3e82e3a2733128fe8bf04c072d54f4342" Authorization="Bas..." Content-Type="application/json; charset=utf-8" Cookie="ARRAffinity=df2788fb3e5f96d53e88638b51f78b399174bc066b03447dde3bac5ebbfa91f6;Path=/;HttpOnly;Secure;Domain=credit-risk-analysis-prod-app-25h2ya.scm.azurewebsites.net; ARRAffinitySameSite=df2788fb3e5f96d53e88638b51f78b399174bc066b03447dde3bac5ebbfa91f6;Path=/;HttpOnly;SameSite=None;Secure;Domain=credit-risk-analysis-prod-app-25h2ya.scm.azurewebsites.net" Content-Length="0" X-ARR-LOG-ID="eafac3ed-0aaf-47b3-8bda-61e9aadca971" CLIENT-IP="52.154.132.169:24640" X-SITE-DEPLOYMENT-ID="credit-risk-analysis-prod-app-25h2ya" WAS-DEFAULT-HOSTNAME="credit-risk-analysis-prod-app-25h2ya.scm.azurewebsites.net" X-Forwarded-Proto="https" X-AppService-Proto="https" X-Forwarded-TlsVersion="1.3" X-WAWS-Unencoded-URL="/api/deployments/latest?deployer=GITHUB_ZIP_DEPLOY&amp;time=2025-09-23_09-20-56Z" X-Client-IP="52.154.132.169" X-Client-Port="24640" >
  <step title="Cleanup Xml Logs" date="2025-09-23T09:21:20.990" >
    <step title="Cleanup Infos" date="2025-09-23T09:21:20.997" totalFiles="207" totalCleanup="47" /><!-- duration: 3ms -->
  </step><!-- duration: 22ms -->
  <step title="DeploymentService.GetResult" date="2025-09-23T09:21:21.033" >
    <step title="DeploymentService.GetLatestDeployment" date="2025-09-23T09:21:21.035" >
      <step title="DeploymentManager.GetResults" date="2025-09-23T09:21:21.036" /><!-- duration: 1587ms -->
    </step><!-- duration: 1590ms -->
  </step><!-- duration: 1593ms -->
  <step title="Outgoing response" date="2025-09-23T09:21:22.628" type="response" statusCode="202" statusText="Accepted" /><!-- duration: 2ms -->
</step><!-- duration: 1643ms -->
