<step title="Incoming Request" date="2025-09-16T13:56:56.014" instance="df2788" url="/api/zipdeploy?isAsync=true&amp;deployer=GITHUB_ZIP_DEPLOY&amp;message=%7B%22type%22%3A%22deployment%22%2C%22sha%22%3A%2282da33c5981b54cc97c218cad95540b9176aaf54%22%2C%22repoName%22%3A%22KaunteyShah%2Fcredit-risk-analysis-tool%22%2C%22actor%22%3A%22KaunteyShah%22%2C%22slotName%22%3A%22production%22%2C%22commitMessage%22%3A%22Switch%20from%20ZIP%20to%20auto%20deployment%20to%20fix%20Python%20runtime%20issues%22%7D" method="POST" type="request" pid="767,1,7" Host="credit-risk-analysis-prod-app-25h2ya.scm.azurewebsites.net" User-Agent="GITHUBACTIONS_DeployWebAppToAzure_4a5a1b673f02fbd359f5f791fff0e4d3e82e3a2733128fe8bf04c072d54f4342" Authorization="Bas..." Content-Type="application/octet-stream" Cookie="ARRAffinity=df2788fb3e5f96d53e88638b51f78b399174bc066b03447dde3bac5ebbfa91f6;Path=/;HttpOnly;Secure;Domain=credit-risk-analysis-prod-app-25h2ya.scm.azurewebsites.net; ARRAffinitySameSite=df2788fb3e5f96d53e88638b51f78b399174bc066b03447dde3bac5ebbfa91f6;Path=/;HttpOnly;SameSite=None;Secure;Domain=credit-risk-analysis-prod-app-25h2ya.scm.azurewebsites.net" Transfer-Encoding="chunked" X-ARR-LOG-ID="2ac1874e-04fd-4991-8fbe-70a5ad5e5874" CLIENT-IP="48.214.53.119:43008" X-SITE-DEPLOYMENT-ID="credit-risk-analysis-prod-app-25h2ya" WAS-DEFAULT-HOSTNAME="credit-risk-analysis-prod-app-25h2ya.scm.azurewebsites.net" X-Forwarded-Proto="https" X-AppService-Proto="https" X-Forwarded-TlsVersion="1.3" X-WAWS-Unencoded-URL="/api/zipdeploy?isAsync=true&amp;deployer=GITHUB_ZIP_DEPLOY&amp;message=%7B%22type%22%3A%22deployment%22%2C%22sha%22%3A%2282da33c5981b54cc97c218cad95540b9176aaf54%22%2C%22repoName%22%3A%22KaunteyShah%2Fcredit-risk-analysis-tool%22%2C%22actor%22%3A%22KaunteyShah%22%2C%22slotName%22%3A%22production%22%2C%22commitMessage%22%3A%22Switch%20from%20ZIP%20to%20auto%20deployment%20to%20fix%20Python%20runtime%20issues%22%7D" X-Client-IP="48.214.53.119" X-Client-Port="43008" >
  <step title="ZipPushDeploy" date="2025-09-16T13:56:56.029" >
    <step title="ZipDeploy. Extract zip. Remote build." date="2025-09-16T13:56:56.033" /><!-- duration: 1ms -->
    <step title="None repository commit" date="2025-09-16T13:56:56.037" >
      <step title="Commit id: 6b1f9a5c-19da-4851-8052-0df875c5a9a8" date="2025-09-16T13:56:56.039" Message="N/A" AuthorName="N/A" AuthorEmail="N/A" /><!-- duration: 1ms -->
    </step><!-- duration: 4ms -->
    <step title="Starting PushDeployAsync" date="2025-09-16T13:56:56.043" /><!-- duration: 1ms -->
    <step title="Writing artifact to /tmp/zipdeploy/3de26694-7324-447c-adb6-3b7835e174b0.zip" date="2025-09-16T13:56:56.052" >
      <step title="Writing multipart request body to /tmp/zipdeploy/3de26694-7324-447c-adb6-3b7835e174b0.zip" date="2025-09-16T13:56:56.054" /><!-- duration: 5ms -->
    </step><!-- duration: 364ms -->
    <step title="Start deployment in the background" date="2025-09-16T13:56:56.422" >
      <step title="Acquiring Deployment Lock" date="2025-09-16T13:56:56.430" /><!-- duration: 2ms -->
      <step title="Acquired Deployment Lock" date="2025-09-16T13:56:56.450" /><!-- duration: 1ms -->
    </step><!-- duration: 69ms -->
  </step><!-- duration: 465ms -->
  <step title="Outgoing response" date="2025-09-16T13:56:56.498" type="response" statusCode="202" statusText="Accepted" /><!-- duration: 2ms -->
</step><!-- duration: 487ms -->
