<step title="Incoming Request" date="2025-09-24T12:30:20.326" instance="df2788" url="/api/deployments/latest?deployer=GITHUB_ZIP_DEPLOY&amp;time=2025-09-24_12-30-13Z" method="GET" type="request" pid="768,1,76" Host="credit-risk-analysis-prod-app-25h2ya.scm.azurewebsites.net" User-Agent="GITHUBACTIONS_DeployWebAppToAzure_4a5a1b673f02fbd359f5f791fff0e4d3e82e3a2733128fe8bf04c072d54f4342" Authorization="Bas..." Content-Type="application/json; charset=utf-8" Cookie="ARRAffinity=df2788fb3e5f96d53e88638b51f78b399174bc066b03447dde3bac5ebbfa91f6;Path=/;HttpOnly;Secure;Domain=credit-risk-analysis-prod-app-25h2ya.scm.azurewebsites.net; ARRAffinitySameSite=df2788fb3e5f96d53e88638b51f78b399174bc066b03447dde3bac5ebbfa91f6;Path=/;HttpOnly;SameSite=None;Secure;Domain=credit-risk-analysis-prod-app-25h2ya.scm.azurewebsites.net" Content-Length="0" X-ARR-LOG-ID="7ab53c05-8bfb-4e12-b008-415f237a42fb" CLIENT-IP="52.159.243.169:6209" X-SITE-DEPLOYMENT-ID="credit-risk-analysis-prod-app-25h2ya" WAS-DEFAULT-HOSTNAME="credit-risk-analysis-prod-app-25h2ya.scm.azurewebsites.net" X-Forwarded-Proto="https" X-AppService-Proto="https" X-Forwarded-TlsVersion="1.3" X-WAWS-Unencoded-URL="/api/deployments/latest?deployer=GITHUB_ZIP_DEPLOY&amp;time=2025-09-24_12-30-13Z" X-Client-IP="52.159.243.169" X-Client-Port="6209" >
  <step title="Cleanup Xml Logs" date="2025-09-24T12:30:20.328" >
    <step title="Cleanup Infos" date="2025-09-24T12:30:20.334" totalFiles="462" totalCleanup="302" /><!-- duration: 2ms -->
  </step><!-- duration: 9ms -->
  <step title="DeploymentService.GetResult" date="2025-09-24T12:30:20.340" >
    <step title="DeploymentService.GetLatestDeployment" date="2025-09-24T12:30:20.341" >
      <step title="DeploymentManager.GetResults" date="2025-09-24T12:30:20.342" /><!-- duration: 551ms -->
    </step><!-- duration: 555ms -->
  </step><!-- duration: 558ms -->
  <step title="Outgoing response" date="2025-09-24T12:30:20.900" type="response" statusCode="202" statusText="Accepted" /><!-- duration: 4ms -->
</step><!-- duration: 582ms -->
