<step title="Incoming Request" date="2025-09-26T16:09:30.151" instance="e63a90" url="/api/publish?type=zip" method="POST" type="request" pid="770,1,17" Accept="*/*" Host="credit-risk-clean-app.scm.azurewebsites.net" User-Agent="AZURECLI/2.76.0 (HOMEBREW)" Accept-Encoding="gzip, deflate" Authorization="Bea..." Cache-Control="no-cache" Content-Type="application/octet-stream" Cookie="ARRAffinity=e63a905017535be41fdba6560ff1ca4471d38789f7bd81ecafc51bcd61386024; ARRAffinitySameSite=e63a905017535be41fdba6560ff1ca4471d38789f7bd81ecafc51bcd61386024" Content-Length="4985081" x-ms-client-request-id="2a1bc358-9af3-11f0-a113-02213740a574" x-ms-artifact-checksum="d41f18008ef55fdbce642b45e15aad808bac49b4a4bcdeb2463379e90d13043b" X-ARR-LOG-ID="2a1bc358-9af3-11f0-a113-02213740a574" CLIENT-IP="82.7.68.78:54745" X-SITE-DEPLOYMENT-ID="credit-risk-clean-app" WAS-DEFAULT-HOSTNAME="credit-risk-clean-app.scm.azurewebsites.net" X-Forwarded-Proto="https" X-AppService-Proto="https" X-Forwarded-TlsVersion="1.3" X-WAWS-Unencoded-URL="/api/publish?type=zip" X-Client-IP="82.7.68.78" X-Client-Port="54745" >
  <step title="OneDeploy" date="2025-09-26T16:09:30.823" >
    <step title="Starting PushDeployAsync" date="2025-09-26T16:09:30.902" /><!-- duration: 10ms -->
    <step title="Writing artifact to /tmp/zipdeploy/0620efe2-63ca-4fe0-86d9-16e0bb2c638d.zip" date="2025-09-26T16:09:30.984" >
      <step title="Writing multipart request body to /tmp/zipdeploy/0620efe2-63ca-4fe0-86d9-16e0bb2c638d.zip" date="2025-09-26T16:09:31.038" /><!-- duration: 64ms -->
    </step><!-- duration: 1084ms -->
    <step title="Removing previous build artifact&apos;s manifest file" date="2025-09-26T16:09:32.088" >
      <step title="Attempting to fetch target branch HEAD" date="2025-09-26T16:09:32.137" /><!-- duration: 3ms -->
      <step title="Acquiring Deployment Lock" date="2025-09-26T16:09:32.157" /><!-- duration: 3ms -->
      <step title="Acquired Deployment Lock" date="2025-09-26T16:09:32.229" /><!-- duration: 11ms -->
      <step title="Performing fetch based deployment" date="2025-09-26T16:09:32.268" >
        <step title="Creating temporary deployment" date="2025-09-26T16:09:32.299" /><!-- duration: 301ms -->
        <step title="Cleaning up temp folders from previous zip deployments and extracting pushed zip file /tmp/zipdeploy/0620efe2-63ca-4fe0-86d9-16e0bb2c638d.zip (4.75 MB) to /tmp/zipdeploy/extracted" date="2025-09-26T16:09:34.297" >
          <step title="Releasing Deployment Lock" date="2025-09-26T16:09:34.346" /><!-- duration: 41ms -->
          <step title="ChmodRecursive Process exited with total time taken in ms: 782" date="2025-09-26T16:09:51.603" /><!-- duration: 28ms -->
        </step><!-- duration: 17365ms -->
        <step title="None repository commit" date="2025-09-26T16:09:51.708" >
          <step title="Commit id: 107c6c64-719a-4755-a49a-d7aae95bfb62" date="2025-09-26T16:09:51.766" Message="OneDeploy" AuthorName="N/A" AuthorEmail="N/A" /><!-- duration: 19ms -->
        </step><!-- duration: 98ms -->
        <step title="Deployment timer started" date="2025-09-26T16:09:53.908" >
          <step title="DeploymentManager.Deploy(id:107c6c64-719a-4755-a49a-d7aae95bfb62)" date="2025-09-26T16:09:53.926" >
            <step title="Collecting changeset information" date="2025-09-26T16:09:54.022" /><!-- duration: 247ms -->
            <step title="Updating submodules" date="2025-09-26T16:09:54.320" /><!-- duration: 1344ms -->
            <step title="Determining deployment builder" date="2025-09-26T16:09:56.367" >
              <step title="Builder is OryxBuilder" date="2025-09-26T16:09:56.445" /><!-- duration: 30ms -->
            </step><!-- duration: 148ms -->
            <step title="PreDeployment: context.CleanOutputPath False" date="2025-09-26T16:09:56.642" >
              <step title="PreDeployment: context.OutputPath /home/site/wwwroot" date="2025-09-26T16:09:56.902" >
                <step title="Building" date="2025-09-26T16:09:57.237" >
                  <step title="Executing external process" date="2025-09-26T16:09:58.330" type="process" path="bash" arguments="-c &quot;oryx build /tmp/zipdeploy/extracted -o /home/site/wwwroot --platform python --platform-version 3.11 -p virtualenv_name=antenv --log-file /tmp/build-debug.log  -i /tmp/8ddfd1722be413d --compress-destination-dir | tee /tmp/oryx-build.log ; exit $PIPESTATUS &quot;" 