<step title="Incoming Request" date="2025-09-23T11:32:38.246" instance="df2788" url="/api/deployments/latest?deployer=GITHUB_ZIP_DEPLOY&amp;time=2025-09-23_11-31-30Z" method="GET" type="request" pid="768,1,66" Host="credit-risk-analysis-prod-app-25h2ya.scm.azurewebsites.net" User-Agent="GITHUBACTIONS_DeployWebAppToAzure_4a5a1b673f02fbd359f5f791fff0e4d3e82e3a2733128fe8bf04c072d54f4342" Authorization="Bas..." Content-Type="application/json; charset=utf-8" Cookie="ARRAffinity=df2788fb3e5f96d53e88638b51f78b399174bc066b03447dde3bac5ebbfa91f6;Path=/;HttpOnly;Secure;Domain=credit-risk-analysis-prod-app-25h2ya.scm.azurewebsites.net; ARRAffinitySameSite=df2788fb3e5f96d53e88638b51f78b399174bc066b03447dde3bac5ebbfa91f6;Path=/;HttpOnly;SameSite=None;Secure;Domain=credit-risk-analysis-prod-app-25h2ya.scm.azurewebsites.net" Content-Length="0" X-ARR-LOG-ID="493f4422-6820-4975-aacf-0693d82d2e3e" CLIENT-IP="128.24.161.39:26682" X-SITE-DEPLOYMENT-ID="credit-risk-analysis-prod-app-25h2ya" WAS-DEFAULT-HOSTNAME="credit-risk-analysis-prod-app-25h2ya.scm.azurewebsites.net" X-Forwarded-Proto="https" X-AppService-Proto="https" X-Forwarded-TlsVersion="1.3" X-WAWS-Unencoded-URL="/api/deployments/latest?deployer=GITHUB_ZIP_DEPLOY&amp;time=2025-09-23_11-31-30Z" X-Client-IP="128.24.161.39" X-Client-Port="26682" >
  <step title="Cleanup Xml Logs" date="2025-09-23T11:32:38.248" >
    <step title="Cleanup Infos" date="2025-09-23T11:32:38.254" totalFiles="260" totalCleanup="100" /><!-- duration: 2ms -->
  </step><!-- duration: 11ms -->
  <step title="DeploymentService.GetResult" date="2025-09-23T11:32:38.276" >
    <step title="DeploymentService.GetLatestDeployment" date="2025-09-23T11:32:38.279" >
      <step title="DeploymentManager.GetResults" date="2025-09-23T11:32:38.280" /><!-- duration: 438ms -->
    </step><!-- duration: 441ms -->
  </step><!-- duration: 445ms -->
  <step title="Outgoing response" date="2025-09-23T11:32:38.724" type="response" statusCode="202" statusText="Accepted" /><!-- duration: 2ms -->
</step><!-- duration: 482ms -->
