<step title="Incoming Request" date="2025-09-23T19:35:36.448" instance="df2788" url="/api/deployments/latest?deployer=GITHUB_ZIP_DEPLOY&amp;time=2025-09-23_19-35-17Z" method="GET" type="request" pid="768,1,46" Host="credit-risk-analysis-prod-app-25h2ya.scm.azurewebsites.net" User-Agent="GITHUBACTIONS_DeployWebAppToAzure_4a5a1b673f02fbd359f5f791fff0e4d3e82e3a2733128fe8bf04c072d54f4342" Authorization="Bas..." Content-Type="application/json; charset=utf-8" Cookie="ARRAffinity=df2788fb3e5f96d53e88638b51f78b399174bc066b03447dde3bac5ebbfa91f6;Path=/;HttpOnly;Secure;Domain=credit-risk-analysis-prod-app-25h2ya.scm.azurewebsites.net; ARRAffinitySameSite=df2788fb3e5f96d53e88638b51f78b399174bc066b03447dde3bac5ebbfa91f6;Path=/;HttpOnly;SameSite=None;Secure;Domain=credit-risk-analysis-prod-app-25h2ya.scm.azurewebsites.net" Content-Length="0" X-ARR-LOG-ID="45ea5c33-f0b9-4ee1-8a58-1e6b7e17cef2" CLIENT-IP="52.154.132.181:7217" X-SITE-DEPLOYMENT-ID="credit-risk-analysis-prod-app-25h2ya" WAS-DEFAULT-HOSTNAME="credit-risk-analysis-prod-app-25h2ya.scm.azurewebsites.net" X-Forwarded-Proto="https" X-AppService-Proto="https" X-Forwarded-TlsVersion="1.3" X-WAWS-Unencoded-URL="/api/deployments/latest?deployer=GITHUB_ZIP_DEPLOY&amp;time=2025-09-23_19-35-17Z" X-Client-IP="52.154.132.181" X-Client-Port="7217" >
  <step title="Cleanup Xml Logs" date="2025-09-23T19:35:36.451" >
    <step title="Cleanup Infos" date="2025-09-23T19:35:36.504" totalFiles="437" totalCleanup="277" /><!-- duration: 7ms -->
  </step><!-- duration: 63ms -->
  <step title="DeploymentService.GetResult" date="2025-09-23T19:35:36.526" >
    <step title="DeploymentService.GetLatestDeployment" date="2025-09-23T19:35:36.527" >
      <step title="DeploymentManager.GetResults" date="2025-09-23T19:35:36.529" /><!-- duration: 732ms -->
    </step><!-- duration: 737ms -->
  </step><!-- duration: 741ms -->
  <step title="Outgoing response" date="2025-09-23T19:35:37.299" type="response" statusCode="202" statusText="Accepted" /><!-- duration: 2ms -->
</step><!-- duration: 857ms -->
