<step title="Incoming Request" date="2025-09-24T12:30:26.507" instance="df2788" url="/api/deployments/latest?deployer=GITHUB_ZIP_DEPLOY&amp;time=2025-09-24_12-30-13Z" method="GET" type="request" pid="768,1,78" Host="credit-risk-analysis-prod-app-25h2ya.scm.azurewebsites.net" User-Agent="GITHUBACTIONS_DeployWebAppToAzure_4a5a1b673f02fbd359f5f791fff0e4d3e82e3a2733128fe8bf04c072d54f4342" Authorization="Bas..." Content-Type="application/json; charset=utf-8" Cookie="ARRAffinity=df2788fb3e5f96d53e88638b51f78b399174bc066b03447dde3bac5ebbfa91f6;Path=/;HttpOnly;Secure;Domain=credit-risk-analysis-prod-app-25h2ya.scm.azurewebsites.net; ARRAffinitySameSite=df2788fb3e5f96d53e88638b51f78b399174bc066b03447dde3bac5ebbfa91f6;Path=/;HttpOnly;SameSite=None;Secure;Domain=credit-risk-analysis-prod-app-25h2ya.scm.azurewebsites.net" Content-Length="0" X-ARR-LOG-ID="1441f464-d1ed-4a1a-b80c-d8c7cff0c0ca" CLIENT-IP="52.159.243.169:6208" X-SITE-DEPLOYMENT-ID="credit-risk-analysis-prod-app-25h2ya" WAS-DEFAULT-HOSTNAME="credit-risk-analysis-prod-app-25h2ya.scm.azurewebsites.net" X-Forwarded-Proto="https" X-AppService-Proto="https" X-Forwarded-TlsVersion="1.3" X-WAWS-Unencoded-URL="/api/deployments/latest?deployer=GITHUB_ZIP_DEPLOY&amp;time=2025-09-24_12-30-13Z" X-Client-IP="52.159.243.169" X-Client-Port="6208" >
  <step title="Cleanup Xml Logs" date="2025-09-24T12:30:26.509" >
    <step title="Cleanup Infos" date="2025-09-24T12:30:26.516" totalFiles="463" totalCleanup="303" /><!-- duration: 2ms -->
  </step><!-- duration: 12ms -->
  <step title="DeploymentService.GetResult" date="2025-09-24T12:30:26.523" >
    <step title="DeploymentService.GetLatestDeployment" date="2025-09-24T12:30:26.525" >
      <step title="DeploymentManager.GetResults" date="2025-09-24T12:30:26.526" /><!-- duration: 486ms -->
    </step><!-- duration: 489ms -->
  </step><!-- duration: 492ms -->
  <step title="Outgoing response" date="2025-09-24T12:30:27.016" type="response" statusCode="202" statusText="Accepted" /><!-- duration: 1ms -->
</step><!-- duration: 512ms -->
