<step title="Incoming Request" date="2025-09-23T09:21:01.459" instance="df2788" url="/api/zipdeploy?isAsync=true&amp;deployer=GITHUB_ZIP_DEPLOY&amp;message=%7B%22type%22%3A%22deployment%22%2C%22sha%22%3A%22d22bbfd7a05e266c2ed6517fab67399bf470793d%22%2C%22repoName%22%3A%22KaunteyShah%2Fcredit-risk-analysis-tool%22%2C%22actor%22%3A%22KaunteyShah%22%2C%22slotName%22%3A%22production%22%2C%22commitMessage%22%3A%22Initial%20commit%3A%20Credit%20Risk%20Analysis%20Tool%20with%20quality%20improvements%22%7D" method="POST" type="request" pid="767,1,43" Host="credit-risk-analysis-prod-app-25h2ya.scm.azurewebsites.net" User-Agent="GITHUBACTIONS_DeployWebAppToAzure_4a5a1b673f02fbd359f5f791fff0e4d3e82e3a2733128fe8bf04c072d54f4342" Authorization="Bas..." Content-Type="application/octet-stream" Cookie="ARRAffinity=df2788fb3e5f96d53e88638b51f78b399174bc066b03447dde3bac5ebbfa91f6;Path=/;HttpOnly;Secure;Domain=credit-risk-analysis-prod-app-25h2ya.scm.azurewebsites.net; ARRAffinitySameSite=df2788fb3e5f96d53e88638b51f78b399174bc066b03447dde3bac5ebbfa91f6;Path=/;HttpOnly;SameSite=None;Secure;Domain=credit-risk-analysis-prod-app-25h2ya.scm.azurewebsites.net" Transfer-Encoding="chunked" X-ARR-LOG-ID="21e3275d-5ef8-4852-9b76-1d8b9f5289f6" CLIENT-IP="20.51.198.217:47176" X-SITE-DEPLOYMENT-ID="credit-risk-analysis-prod-app-25h2ya" WAS-DEFAULT-HOSTNAME="credit-risk-analysis-prod-app-25h2ya.scm.azurewebsites.net" X-Forwarded-Proto="https" X-AppService-Proto="https" X-Forwarded-TlsVersion="1.3" X-WAWS-Unencoded-URL="/api/zipdeploy?isAsync=true&amp;deployer=GITHUB_ZIP_DEPLOY&amp;message=%7B%22type%22%3A%22deployment%22%2C%22sha%22%3A%22d22bbfd7a05e266c2ed6517fab67399bf470793d%22%2C%22repoName%22%3A%22KaunteyShah%2Fcredit-risk-analysis-tool%22%2C%22actor%22%3A%22KaunteyShah%22%2C%22slotName%22%3A%22production%22%2C%22commitMessage%22%3A%22Initial%20commit%3A%20Credit%20Risk%20Analysis%20Tool%20with%20quality%20improvements%22%7D" X-Client-IP="20.51.198.217" X-Client-Port="47176" >
  <step title="ZipPushDeploy" date="2025-09-23T09:21:01.464" >
    <step title="ZipDeploy. Extract zip. Remote build." date="2025-09-23T09:21:01.468" /><!-- duration: 2ms -->
    <step title="Starting PushDeployAsync" date="2025-09-23T09:21:01.476" /><!-- duration: 2ms -->
    <step title="Writing artifact to /tmp/zipdeploy/c8267c02-bc05-4ffe-818c-4e0592fa41f1.zip" date="2025-09-23T09:21:01.481" >
      <step title="Writing multipart request body to /tmp/zipdeploy/c8267c02-bc05-4ffe-818c-4e0592fa41f1.zip" date="2025-09-23T09:21:01.483" /><!-- duration: 1ms -->
    </step><!-- duration: 380ms -->
    <step title="Start deployment in the background" date="2025-09-23T09:21:01.869" >
      <step title="Acquiring Deployment Lock" date="2025-09-23T09:21:01.986" /><!-- duration: 2ms -->
      <step title="Cannot Acquire Deployment Lock already held" date="2025-09-23T09:21:01.993" /><!-- duration: 2ms -->
    </step><!-- duration: 167ms -->
    <step title="There is a deployment currently in progress. Please try again when it completes." date="2025-09-23T09:21:02.039" /><!-- duration: 2ms -->
  </step><!-- duration: 578ms -->
  <step title="Outgoing response" date="2025-09-23T09:21:02.055" type="response" statusCode="409" statusText="Conflict" /><!-- duration: 2ms -->
</step><!-- duration: 621ms -->
