<step title="Incoming Request" date="2025-09-23T19:35:42.755" instance="df2788" url="/api/deployments/latest?deployer=GITHUB_ZIP_DEPLOY&amp;time=2025-09-23_19-35-17Z" method="GET" type="request" pid="768,1,45" Host="credit-risk-analysis-prod-app-25h2ya.scm.azurewebsites.net" User-Agent="GITHUBACTIONS_DeployWebAppToAzure_4a5a1b673f02fbd359f5f791fff0e4d3e82e3a2733128fe8bf04c072d54f4342" Authorization="Bas..." Content-Type="application/json; charset=utf-8" Cookie="ARRAffinity=df2788fb3e5f96d53e88638b51f78b399174bc066b03447dde3bac5ebbfa91f6;Path=/;HttpOnly;Secure;Domain=credit-risk-analysis-prod-app-25h2ya.scm.azurewebsites.net; ARRAffinitySameSite=df2788fb3e5f96d53e88638b51f78b399174bc066b03447dde3bac5ebbfa91f6;Path=/;HttpOnly;SameSite=None;Secure;Domain=credit-risk-analysis-prod-app-25h2ya.scm.azurewebsites.net" Content-Length="0" X-ARR-LOG-ID="102028d5-c345-4faf-800a-c5b14f5ce159" CLIENT-IP="52.154.132.181:7216" X-SITE-DEPLOYMENT-ID="credit-risk-analysis-prod-app-25h2ya" WAS-DEFAULT-HOSTNAME="credit-risk-analysis-prod-app-25h2ya.scm.azurewebsites.net" X-Forwarded-Proto="https" X-AppService-Proto="https" X-Forwarded-TlsVersion="1.3" X-WAWS-Unencoded-URL="/api/deployments/latest?deployer=GITHUB_ZIP_DEPLOY&amp;time=2025-09-23_19-35-17Z" X-Client-IP="52.154.132.181" X-Client-Port="7216" >
  <step title="Cleanup Xml Logs" date="2025-09-23T19:35:42.757" >
    <step title="Cleanup Infos" date="2025-09-23T19:35:42.776" totalFiles="438" totalCleanup="278" /><!-- duration: 2ms -->
  </step><!-- duration: 23ms -->
  <step title="DeploymentService.GetResult" date="2025-09-23T19:35:42.783" >
    <step title="DeploymentService.GetLatestDeployment" date="2025-09-23T19:35:42.784" >
      <step title="DeploymentManager.GetResults" date="2025-09-23T19:35:42.785" /><!-- duration: 619ms -->
    </step><!-- duration: 622ms -->
  </step><!-- duration: 625ms -->
  <step title="Outgoing response" date="2025-09-23T19:35:43.421" type="response" statusCode="202" statusText="Accepted" /><!-- duration: 3ms -->
</step><!-- duration: 672ms -->
