<step title="Incoming Request" date="2025-09-23T11:32:15.810" instance="df2788" url="/api/zipdeploy?isAsync=true&amp;deployer=GITHUB_ZIP_DEPLOY&amp;message=%7B%22type%22%3A%22deployment%22%2C%22sha%22%3A%227c8c5174b08d77d33f9f1d6851fcfcf5fd20f52f%22%2C%22repoName%22%3A%22KaunteyShah%2Fcredit-risk-analysis-tool%22%2C%22actor%22%3A%22KaunteyShah%22%2C%22slotName%22%3A%22production%22%2C%22commitMessage%22%3A%22%F0%9F%94%92%20Critical%20Security%20%26%20Deployment%20Fixes%5Cn%5Cn%E2%9C%A8%20Security%20Enhancements%3A%5Cn-%20Add%20comprehensive%20secrets%20audit%20system%20with%20startup%20logging%5Cn-%20Implement%20robust%20input%20validation%20framework%20for%20all%20API%20endpoints%5Cn-%20Add%20automatic%20.env%20file%20loading%20for%20local%20development%5Cn%5Cn%F0%9F%94%A7%20Deployment%20Fixes%3A%5Cn-%20Fix%20rapidfuzz%20version%20issue%20(3.5.4%20%E2%86%92%203.6.0)%20that%20caused%20deployment%20failures%5Cn-%20Clean%20up%20duplicate%20package%20dependencies%20in%20requirements.txt%5Cn-%20Ensure%20Azure%20environment%20variable%20compatibility%5Cn%5Cn%F0%9F%9A%80%20Production%20Ready%3A%5Cn-%20Enhanced%20error%20detection%20and%20security%20monitoring%5Cn-%20Input%20sanitization%20and%20validation%20for%20all%20user%20inputs%5Cn-%20Seamless%20local%20development%20to%20Azure%20deployment%20workflow%5Cn%5CnResolves%20deployment%20errors%20and%20implements%20critical%20security%20safeguards.%22%7D" method="POST" type="request" pid="768,1,58" Host="credit-risk-analysis-prod-app-25h2ya.scm.azurewebsites.net" User-Agent="GITHUBACTIONS_DeployWebAppToAzure_4a5a1b673f02fbd359f5f791fff0e4d3e82e3a2733128fe8bf04c072d54f4342" Authorization="Bas..." Content-Type="application/octet-stream" Cookie="ARRAffinity=df2788fb3e5f96d53e88638b51f78b399174bc066b03447dde3bac5ebbfa91f6;Path=/;HttpOnly;Secure;Domain=credit-risk-analysis-prod-app-25h2ya.scm.azurewebsites.net; ARRAffinitySameSite=df2788fb3e5f96d53e88638b51f78b399174bc066b03447dde3bac5ebbfa91f6;Path=/;HttpOnly;SameSite=None;Secure;Domain=credit-risk-analysis-prod-app-25h2ya.scm.azurewebsites.net" Transfer-Encoding="chunked" X-ARR-LOG-ID="87127091-5135-4f17-8a91-4c61cf5d6955" CLIENT-IP="52.159.244.179:45056" X-SITE-DEPLOYMENT-ID="credit-risk-analysis-prod-app-25h2ya" WAS-DEFAULT-HOSTNAME="credit-risk-analysis-prod-app-25h2ya.scm.azurewebsites.net" X-Forwarded-Proto="https" X-AppService-Proto="https" X-Forwarded-TlsVersion="1.3" X-WAWS-Unencoded-URL="/api/zipdeploy?isAsync=true&amp;deployer=GITHUB_ZIP_DEPLOY&amp;message=%7B%22type%22%3A%22deployment%22%2C%22sha%22%3A%227c8c5174b08d77d33f9f1d6851fcfcf5fd20f52f%22%2C%22repoName%22%3A%22KaunteyShah%2Fcredit-risk-analysis-tool%22%2C%22actor%22%3A%22KaunteyShah%22%2C%22slotName%22%3A%22production%22%2C%22commitMessage%22%3A%22%F0%9F%94%92%20Critical%20Security%20%26%20Deployment%20Fixes%5Cn%5Cn%E2%9C%A8%20Security%20Enhancements%3A%5Cn-%20Add%20comprehensive%20secrets%20audit%20system%20with%20startup%20logging%5Cn-%20Implement%20robust%20input%20validation%20framework%20for%20all%20API%20endpoints%5Cn-%20Add%20automatic%20.env%20file%20loading%20for%20local%20development%5Cn%5Cn%F0%9F%94%A7%20Deployment%20Fixes%3A%5Cn-%20Fix%20rapidfuzz%20version%20issue%20(3.5.4%20%E2%86%92%203.6.0)%20that%20caused%20deployment%20failures%5Cn-%20Clean%20up%20duplicate%20package%20dependencies%20in%20requirements.txt%5Cn-%20Ensure%20Azure%20environment%20variable%20compatibility%5Cn%5Cn%F0%9F%9A%80%20Production%20Ready%3A%5Cn-%20Enhanced%20error%20detection%20and%20security%20monitoring%5Cn-%20Input%20sanitization%20and%20validation%20for%20all%20user%20inputs%5Cn-%20Seamless%20local%20development%20to%20Azure%20deployment%20workflow%5Cn%5CnResolves%20deployment%20errors%20and%20implements%20critical%20security%20safeguards.%22%7D" X-Client-IP="52.159.244.179" X-Client-Port="45056" >
  <step title="ZipPushDeploy" date="2025-09-23T11:32:15.813" >
    <step title="ZipDeploy. Extract zip. Remote build." date="2025-09-23T11:32:15.816" /><!-- duration: 2ms -->
    <step title="Starting PushDeployAsync" date="2025-09-23T11:32:15.820" /><!-- duration: 1ms -->
    <step title="Writing artifact to /tmp/zipdeploy/be823031-43fe-413b-8a6d-a79fd2ae0661.zip" date="2025-09-23T11:32:15.824" >
      <step title="Writing multipart request body to /tmp/zipdeploy/be823031-43fe-413b-8a6d-a79fd2ae0661.zip" date="2025-09-23T11:32:15.826" /><!-- duration: 1ms -->
    </step><!-- duration: 683ms -->
    <step title="Start deployment in the background" date="2025-09-23T11:32:16.515" >
      <step title="Acquiring Deployment Lock" date="2025-09-23T11:32:16.520" /><!-- duration: 2ms -->
      <step title="Cannot Acquire Deployment Lock already held" date="2025-09-23T11:32:16.524" /><!-- duration: 1ms -->
    </step><!-- duration: 27ms -->
    <step title="There is a deployment currently in progress. Please try again when it completes." date="2025-09-23T11:32:16.543" /><!-- duration: 1ms -->
  </step><!-- duration: 732ms -->
  <step title="Outgoing response" date="2025-09-23T11:32:16.553" type="response" statusCode="409" statusText="Conflict" /><!-- duration: 2ms -->
</step><!-- duration: 747ms -->
