<step title="Incoming Request" date="2025-09-24T12:24:13.102" instance="df2788" url="/api/deployments/latest?deployer=GITHUB_ZIP_DEPLOY&amp;time=2025-09-24_12-24-06Z" method="GET" type="request" pid="768,1,78" Host="credit-risk-analysis-prod-app-25h2ya.scm.azurewebsites.net" User-Agent="GITHUBACTIONS_DeployWebAppToAzure_4a5a1b673f02fbd359f5f791fff0e4d3e82e3a2733128fe8bf04c072d54f4342" Authorization="Bas..." Content-Type="application/json; charset=utf-8" Cookie="ARRAffinity=df2788fb3e5f96d53e88638b51f78b399174bc066b03447dde3bac5ebbfa91f6;Path=/;HttpOnly;Secure;Domain=credit-risk-analysis-prod-app-25h2ya.scm.azurewebsites.net; ARRAffinitySameSite=df2788fb3e5f96d53e88638b51f78b399174bc066b03447dde3bac5ebbfa91f6;Path=/;HttpOnly;SameSite=None;Secure;Domain=credit-risk-analysis-prod-app-25h2ya.scm.azurewebsites.net" Content-Length="0" X-ARR-LOG-ID="4c02121c-0dfe-477a-9193-b5041013f53c" CLIENT-IP="172.184.214.211:21538" X-SITE-DEPLOYMENT-ID="credit-risk-analysis-prod-app-25h2ya" WAS-DEFAULT-HOSTNAME="credit-risk-analysis-prod-app-25h2ya.scm.azurewebsites.net" X-Forwarded-Proto="https" X-AppService-Proto="https" X-Forwarded-TlsVersion="1.3" X-WAWS-Unencoded-URL="/api/deployments/latest?deployer=GITHUB_ZIP_DEPLOY&amp;time=2025-09-24_12-24-06Z" X-Client-IP="172.184.214.211" X-Client-Port="21538" >
  <step title="Cleanup Xml Logs" date="2025-09-24T12:24:13.103" >
    <step title="Cleanup Infos" date="2025-09-24T12:24:13.109" totalFiles="456" totalCleanup="296" /><!-- duration: 27ms -->
  </step><!-- duration: 36ms -->
  <step title="DeploymentService.GetResult" date="2025-09-24T12:24:13.141" >
    <step title="DeploymentService.GetLatestDeployment" date="2025-09-24T12:24:13.143" >
      <step title="DeploymentManager.GetResults" date="2025-09-24T12:24:13.144" /><!-- duration: 502ms -->
    </step><!-- duration: 504ms -->
  </step><!-- duration: 507ms -->
  <step title="Outgoing response" date="2025-09-24T12:24:13.650" type="response" statusCode="202" statusText="Accepted" /><!-- duration: 2ms -->
</step><!-- duration: 551ms -->
