<step title="Incoming Request" date="2025-09-24T12:24:05.814" instance="df2788" url="/api/zipdeploy?isAsync=true&amp;deployer=GITHUB_ZIP_DEPLOY&amp;message=%7B%22type%22%3A%22deployment%22%2C%22sha%22%3A%220c5788e0c3cdc5c3a9e0e104c68d42470a366eb1%22%2C%22repoName%22%3A%22KaunteyShah%2Fcredit-risk-analysis-tool%22%2C%22actor%22%3A%22KaunteyShah%22%2C%22slotName%22%3A%22production%22%2C%22commitMessage%22%3A%22%F0%9F%9A%80%20Major%20refactor%3A%20Flask%20app%20improvements%20and%20project%20cleanup%5Cn%5Cn%E2%9C%A8%20Features%3A%5Cn-%20Fixed%20progress%20bar%20to%20display%20new_accuracy%20instead%20of%20old_accuracy%5Cn-%20Enhanced%20SIC%20prediction%20algorithm%20with%20meaningful%20accuracy%20differences%5Cn-%20Added%20Flask%20application%20factory%20pattern%20with%20proper%20configuration%5Cn-%20Implemented%20centralized%20logging%20system%5Cn-%20Added%20route%20management%20with%20separate%20API%20and%20main%20routes%5Cn-%20Improved%20UI%20text%20formatting%20for%20better%20space%20utilization%5Cn%5Cn%F0%9F%94%A7%20Technical%20Improvements%3A%5Cn-%20Enhanced%20SIC%20matching%20with%20dual%20accuracy%20calculations%5Cn-%20Added%20rate%20limiting%20and%20request%20management%5Cn-%20Improved%20data%20management%20and%20atomic%20CSV%20operations%5Cn-%20Better%20error%20handling%20and%20logging%20throughout%20the%20application%5Cn-%20Fixed%20import%20issues%20in%20azure_keyvault%20module%5Cn%5Cn%F0%9F%A7%B9%20Project%20Cleanup%3A%5Cn-%20Removed%20unnecessary%20backup%20files%2C%20test%20files%2C%20and%20outdated%20implementations%5Cn-%20Cleaned%20up%20duplicate%20documentation%20and%20unused%20notebooks%5Cn-%20Streamlined%20app%20folder%20structure%20(38%20essential%20files%20vs%2050%2B%20previously)%5Cn-%20Removed%20Python%20cache%20directories%22%7D" method="POST" type="request" pid="768,1,71" Host="credit-risk-analysis-prod-app-25h2ya.scm.azurewebsites.net" User-Agent="GITHUBACTIONS_DeployWebAppToAzure_4a5a1b673f02fbd359f5f791fff0e4d3e82e3a2733128fe8bf04c072d54f4342" Authorization="Bas..." Content-Type="application/octet-stream" Cookie="ARRAffinity=df2788fb3e5f96d53e88638b51f78b399174bc066b03447dde3bac5ebbfa91f6;Path=/;HttpOnly;Secure;Domain=credit-risk-analysis-prod-app-25h2ya.scm.azurewebsites.net; ARRAffinitySameSite=df2788fb3e5f96d53e88638b51f78b399174bc066b03447dde3bac5ebbfa91f6;Path=/;HttpOnly;SameSite=None;Secure;Domain=credit-risk-analysis-prod-app-25h2ya.scm.azurewebsites.net" Transfer-Encoding="chunked" X-ARR-LOG-ID="fc891a4c-f31e-4a31-b7f3-a6fa201f67a9" CLIENT-IP="172.184.214.211:21536" X-SITE-DEPLOYMENT-ID="credit-risk-analysis-prod-app-25h2ya" WAS-DEFAULT-HOSTNAME="credit-risk-analysis-prod-app-25h2ya.scm.azurewebsites.net" X-Forwarded-Proto="https" X-AppService-Proto="https" X-Forwarded-TlsVersion="1.3" X-WAWS-Unencoded-URL="/api/zipdeploy?isAsync=true&amp;deployer=GITHUB_ZIP_DEPLOY&amp;message=%7B%22type%22%3A%22deployment%22%2C%22sha%22%3A%220c5788e0c3cdc5c3a9e0e104c68d42470a366eb1%22%2C%22repoName%22%3A%22KaunteyShah%2Fcredit-risk-analysis-tool%22%2C%22actor%22%3A%22KaunteyShah%22%2C%22slotName%22%3A%22production%22%2C%22commitMessage%22%3A%22%F0%9F%9A%80%20Major%20refactor%3A%20Flask%20app%20improvements%20and%20project%20cleanup%5Cn%5Cn%E2%9C%A8%20Features%3A%5Cn-%20Fixed%20progress%20bar%20to%20display%20new_accuracy%20instead%20of%20old_accuracy%5Cn-%20Enhanced%20SIC%20prediction%20algorithm%20with%20meaningful%20accuracy%20differences%5Cn-%20Added%20Flask%20application%20factory%20pattern%20with%20proper%20configuration%5Cn-%20Implemented%20centralized%20logging%20system%5Cn-%20Added%20route%20management%20with%20separate%20API%20and%20main%20routes%5Cn-%20Improved%20UI%20text%20formatting%20for%20better%20space%20utilization%5Cn%5Cn%F0%9F%94%A7%20Technical%20Improvements%3A%5Cn-%20Enhanced%20SIC%20matching%20with%20dual%20accuracy%20calculations%5Cn-%20Added%20rate%20limiting%20and%20request%20management%5Cn-%20Improved%20data%20management%20and%20atomic%20CSV%20operations%5Cn-%20Better%20error%20handling%20and%20logging%20throughout%20the%20application%5Cn-%20Fixed%20import%20issues%20in%20azure_keyvault%20module%5Cn%5Cn%F0%9F%A7%B9%20Project%20Cleanup%3A%5Cn-%20Removed%20unnecessary%20backup%20files%2C%20test%20files%2C%20and%20outdated%20implementations%5Cn-%20Cleaned%20up%20duplicate%20documentation%20and%20unused%20notebooks%5Cn-%20Streamlined%20app%20folder%20structure%20(38%20essential%20files%20vs%2050%2B%20previously)%5Cn-%20Removed%20Python%20cache%20directories%22%7D" X-Client-IP="172.184.214.211" X-Client-Port="21536" >
  <step title="ZipPushDeploy" date="2025-09-24T12:24:05.817" >
    <step title="ZipDeploy. Extract zip. Remote build." date="2025-09-24T12:24:05.821" /><!-- duration: 2ms -->
    <step title="Starting PushDeployAsync" date="2025-09-24T12:24:05.824" /><!-- duration: 1ms -->
    <step title="Writing artifact to /tmp/zipdeploy/8a1d6140-3a3a-4b00-af2d-905bd392c595.zip" date="2025-09-24T12:24:05.829" >
      <step title="Writing multipart request body to /tmp/zipdeploy/8a1d6140-3a3a-4b00-af2d-905bd392c595.zip" date="2025-09-24T12:24:05.830" /><!-- duration: 2ms -->
    </step><!-- duration: 682ms -->
    <step title="Removing previous build artifact&apos;s manifest file" date="2025-09-24T12:24:06.514" >
      <step title="Start deployment in the background" date="2025-09-24T12:24:06.519" >
        <step title="Acquiring Deployment Lock" date="2025-09-24T12:24:06.540" /><!-- duration: 1ms -->
        <step title="Acquired Deployment Lock" date="2025-09-24T12:24:06.555" /><!-- duration: 1ms -->
      </step><!-- duration: 67ms -->
    </step><!-- duration: 73ms -->
    <step title="Outgoing response" date="2025-09-24T12:24:06.589" type="response" statusCode="202" statusText="Accepted" /><!-- duration: 1ms -->
  </step><!-- duration: 774ms -->
