<step title="BackgroundTrace" date="2025-09-16T12:34:58.489" instance="df2788" url="/api/zipdeploy" method="POST" >
  <step title="Creating temporary deployment - FetchDeploymentManager" date="2025-09-16T12:34:58.525" /><!-- duration: 1ms -->
  <step title="Creating temporary deployment" date="2025-09-16T12:34:58.529" /><!-- duration: 55ms -->
  <step title="Performing fetch based deployment" date="2025-09-16T12:34:58.620" >
    <step title="Cleaning up temp folders from previous zip deployments and extracting pushed zip file /tmp/zipdeploy/f33f26b7-fa77-4cfd-99b5-a1e51fa84951.zip (0.10 MB) to /tmp/zipdeploy/extracted" date="2025-09-16T12:34:59.737" >
      <step title="ChmodRecursive Process exited with total time taken in ms: 14" date="2025-09-16T12:34:59.775" /><!-- duration: 3ms -->
    </step><!-- duration: 43ms -->
    <step title="Deployment timer started" date="2025-09-16T12:35:01.785" >
      <step title="DeploymentManager.Deploy(id:a44b8ab6-e743-4403-bdca-e892d4500401)" date="2025-09-16T12:35:01.788" >
        <step title="Collecting changeset information" date="2025-09-16T12:35:01.794" /><!-- duration: 76ms -->
        <step title="Updating submodules" date="2025-09-16T12:35:01.878" /><!-- duration: 1104ms -->
        <step title="Determining deployment builder" date="2025-09-16T12:35:03.151" >
          <step title="Builder is OryxBuilder" date="2025-09-16T12:35:03.157" /><!-- duration: 1ms -->
        </step><!-- duration: 10ms -->
        <step title="PreDeployment: context.CleanOutputPath False" date="2025-09-16T12:35:03.183" >
          <step title="PreDeployment: context.OutputPath /home/site/wwwroot" date="2025-09-16T12:35:03.293" >
            <step title="Building" date="2025-09-16T12:35:03.415" >
              <step title="Executing external process" date="2025-09-16T12:35:03.617" type="process" path="bash" arguments="-c &quot;oryx build /tmp/zipdeploy/extracted -o /home/site/wwwroot --platform python --platform-version 3.11 -p virtualenv_name=antenv --log-file /tmp/build-debug.log  -i /tmp/8ddf51d758eb0bb --compress-destination-dir | tee /tmp/oryx-build.log ; exit $PIPESTATUS &quot;" >
                <step title="Cpu: python(1053,1.460s)+python(902,28.920s)+ts(903,0.090s)+build.sh(901,0.000s)+build.sh(900,0.000s)+build.sh(814,0.020s)+oryx(793,1.920s)+tee(794,0.000s)+bash(792,0.000s)=total(32.410s)" date="2025-09-16T12:36:18.658" /><!-- duration: 3ms -->
                <step title="bash: no io activity for 61s, prev-cpu=-1.000s, current-cpu=32.410s" date="2025-09-16T12:36:18.663" /><!-- duration: 3ms -->
                <step title="Cpu: python(902,49.830s)+ts(903,0.090s)+build.sh(901,0.000s)+build.sh(900,0.000s)+build.sh(814,0.020s)+oryx(793,1.950s)+tee(794,0.000s)+bash(792,0.000s)=total(51.880s)" date="2025-09-16T12:37:18.721" /><!-- duration: 14ms -->
                <step title="bash: no io activity for 121s, prev-cpu=32.410s, current-cpu=51.880s" date="2025-09-16T12:37:18.738" /><!-- duration: 6ms -->
                <step title="Cpu: gzip(1127,51.940s)+sh(1126,0.000s)+tar(1125,3.990s)+build.sh(814,0.030s)+oryx(793,2.090s)+tee(794,0.000s)+bash(792,0.000s)=total(58.050s)" date="2025-09-16T12:39:34.838" /><!-- duration: 11ms -->
                <step title="bash: no io activity for 61s, prev-cpu=-1.000s, current-cpu=58.050s" date="2025-09-16T12:39:34.853" /><!-- duration: 8ms -->
              </step><!-- duration: 282155ms -->
              <step title="Using PythonDeploymentLogParser" date="2025-09-16T12:39:46.077" /><!-- duration: 2ms -->
              <step title="Triggering recycle (preview mode disabled)." date="2025-09-16T12:39:47.012" /><!-- duration: 3ms -->
              <step title="Modified file to trigger a restart of the app container." date="2025-09-16T12:39:47.031" /><!-- duration: 2ms -->
              <step title="Skip function trigger and logicapp sync because function is not enabled." date="2025-09-16T12:39:47.041" /><!-- duration: 2ms -->
            </step><!-- duration: 284167ms -->
          </step><!-- duration: 284291ms -->
          <step title="Cleaning up temp files" date="2025-09-16T12:39:47.585" /><!-- duration: 4035ms -->
          <step title="Cleaning up temp files" date="2025-09-16T12:39:51.624" /><!-- duration: 503ms -->
          <step title="Reloading status file with latest updates" date="2025-09-16T12:39:52.153" >
            <step title="WebHooksManager.PublishEventAsync: PostDeployment" date="2025-09-16T12:39:52.155" /><!-- duration: 35ms -->
          </step><!-- duration: 39ms -->
          <step title="Cleaning up temporary deployment - fetch deployment was successful" date="2025-09-16T12:39:52.196" /><!-- duration: 1ms -->
        </step><!-- duration: 289058ms -->
      </step><!-- duration: 290460ms -->
