<step title="BackgroundTrace" date="2025-09-25T23:27:21.326" instance="d4288a" url="/deploy" method="POST" >
  <step title="Creating temporary deployment - FetchDeploymentManager" date="2025-09-25T23:27:21.415" /><!-- duration: 1ms -->
  <step title="Creating temporary deployment" date="2025-09-25T23:27:21.418" /><!-- duration: 47ms -->
  <step title="Performing fetch based deployment" date="2025-09-25T23:27:21.673" >
    <step title="Deployment timer started" date="2025-09-25T23:27:24.366" >
      <step title="DeploymentManager.Deploy(id:59809a728e815dee07efd80e0a1e8ba9388e7072)" date="2025-09-25T23:27:24.370" >
        <step title="Collecting changeset information" date="2025-09-25T23:27:24.394" /><!-- duration: 81ms -->
        <step title="Updating submodules" date="2025-09-25T23:27:24.479" /><!-- duration: 1081ms -->
        <step title="Determining deployment builder" date="2025-09-25T23:27:25.709" >
          <step title="Builder is OryxBuilder" date="2025-09-25T23:27:25.713" /><!-- duration: 2ms -->
        </step><!-- duration: 8ms -->
        <step title="PreDeployment: context.CleanOutputPath False" date="2025-09-25T23:27:25.747" >
          <step title="PreDeployment: context.OutputPath /home/site/wwwroot" date="2025-09-25T23:27:25.831" >
            <step title="Building" date="2025-09-25T23:27:25.961" >
              <step title="Executing external process" date="2025-09-25T23:27:26.181" type="process" path="bash" arguments="-c &quot;oryx build /home/site/repository -o /home/site/wwwroot --platform python --platform-version 3.11 -p virtualenv_name=antenv --log-file /tmp/build-debug.log  -i /tmp/8ddfc8b160ecb01 --compress-destination-dir | tee /tmp/oryx-build.log ; exit $PIPESTATUS &quot;" /><!-- duration: 105929ms -->
              <step title="Using PythonDeploymentLogParser" date="2025-09-25T23:29:12.429" /><!-- duration: 2ms -->
              <step title="Triggering recycle (preview mode disabled)." date="2025-09-25T23:29:13.440" /><!-- duration: 4ms -->
              <step title="Modified file to trigger a restart of the app container." date="2025-09-25T23:29:13.479" /><!-- duration: 2ms -->
              <step title="Skip function trigger and logicapp sync because function is not enabled." date="2025-09-25T23:29:13.484" /><!-- duration: 2ms -->
            </step><!-- duration: 108124ms -->
          </step><!-- duration: 108258ms -->
          <step title="Cleaning up temp files" date="2025-09-25T23:29:14.090" /><!-- duration: 3067ms -->
          <step title="Cleaning up temp files" date="2025-09-25T23:29:17.179" /><!-- duration: 504ms -->
          <step title="Reloading status file with latest updates" date="2025-09-25T23:29:17.704" >
            <step title="WebHooksManager.PublishEventAsync: PostDeployment" date="2025-09-25T23:29:17.706" /><!-- duration: 38ms -->
          </step><!-- duration: 42ms -->
          <step title="Cleaning up temporary deployment - fetch deployment was successful" date="2025-09-25T23:29:17.749" /><!-- duration: 1ms -->
        </step><!-- duration: 112039ms -->
      </step><!-- duration: 113424ms -->
