<step title="BackgroundTrace" date="2025-09-23T11:44:44.768" instance="df2788" url="/api/zipdeploy" method="POST" >
  <step title="Creating temporary deployment - FetchDeploymentManager" date="2025-09-23T11:44:44.789" /><!-- duration: 1ms -->
  <step title="Creating temporary deployment" date="2025-09-23T11:44:44.792" /><!-- duration: 35ms -->
  <step title="Performing fetch based deployment" date="2025-09-23T11:44:44.835" >
    <step title="Cleaning up temp folders from previous zip deployments and extracting pushed zip file /tmp/zipdeploy/fd9184bd-4894-463f-bd49-a075ef96cb0f.zip (1.30 MB) to /tmp/zipdeploy/extracted" date="2025-09-23T11:44:45.949" >
      <step title="ChmodRecursive Process exited with total time taken in ms: 17" date="2025-09-23T11:44:46.067" /><!-- duration: 2ms -->
    </step><!-- duration: 121ms -->
    <step title="Deployment timer started" date="2025-09-23T11:44:48.074" >
      <step title="DeploymentManager.Deploy(id:ba800ed3-f336-4ef3-b107-2179871d9f57)" date="2025-09-23T11:44:48.076" >
        <step title="Collecting changeset information" date="2025-09-23T11:44:48.082" /><!-- duration: 54ms -->
        <step title="Updating submodules" date="2025-09-23T11:44:48.139" /><!-- duration: 1115ms -->
        <step title="Determining deployment builder" date="2025-09-23T11:44:49.416" >
          <step title="Builder is OryxBuilder" date="2025-09-23T11:44:49.422" /><!-- duration: 1ms -->
        </step><!-- duration: 9ms -->
        <step title="PreDeployment: context.CleanOutputPath False" date="2025-09-23T11:44:49.462" >
          <step title="PreDeployment: context.OutputPath /home/site/wwwroot" date="2025-09-23T11:44:49.560" >
            <step title="Building" date="2025-09-23T11:44:49.692" >
              <step title="Executing external process" date="2025-09-23T11:44:49.880" type="process" path="bash" arguments="-c &quot;oryx build /tmp/zipdeploy/extracted -o /home/site/wwwroot --platform python --platform-version 3.11 -p virtualenv_name=antenv --log-file /tmp/build-debug.log  -i /tmp/8ddfa969a1f7364 --compress-destination-dir | tee /tmp/oryx-build.log ; exit $PIPESTATUS &quot;" /><!-- duration: 15505ms -->
              <step title="Using PythonDeploymentLogParser" date="2025-09-23T11:45:05.621" /><!-- duration: 12ms -->
              <step title="Triggering recycle (preview mode disabled)." date="2025-09-23T11:45:06.482" /><!-- duration: 2ms -->
              <step title="Modified file to trigger a restart of the app container." date="2025-09-23T11:45:06.496" /><!-- duration: 1ms -->
              <step title="Skip function trigger and logicapp sync because function is not enabled." date="2025-09-23T11:45:06.499" /><!-- duration: 1ms -->
            </step><!-- duration: 17667ms -->
          </step><!-- duration: 17801ms -->
          <step title="Cleaning up temp files" date="2025-09-23T11:45:07.362" /><!-- duration: 1588ms -->
          <step title="Cleaning up temp files" date="2025-09-23T11:45:08.951" /><!-- duration: 503ms -->
          <step title="Reloading status file with latest updates" date="2025-09-23T11:45:09.486" >
            <step title="WebHooksManager.PublishEventAsync: PostDeployment" date="2025-09-23T11:45:09.490" /><!-- duration: 17ms -->
          </step><!-- duration: 21ms -->
          <step title="Cleaning up temporary deployment - fetch deployment was successful" date="2025-09-23T11:45:09.510" /><!-- duration: 1ms -->
        </step><!-- duration: 20077ms -->
      </step><!-- duration: 21469ms -->
