<step title="Incoming Request" date="2025-09-24T12:31:26.773" instance="df2788" url="/api/deployments/latest?deployer=GITHUB_ZIP_DEPLOY&amp;time=2025-09-24_12-31-14Z" method="GET" type="request" pid="768,1,18" Host="credit-risk-analysis-prod-app-25h2ya.scm.azurewebsites.net" User-Agent="GITHUBACTIONS_DeployWebAppToAzure_4a5a1b673f02fbd359f5f791fff0e4d3e82e3a2733128fe8bf04c072d54f4342" Authorization="Bas..." Content-Type="application/json; charset=utf-8" Cookie="ARRAffinity=df2788fb3e5f96d53e88638b51f78b399174bc066b03447dde3bac5ebbfa91f6;Path=/;HttpOnly;Secure;Domain=credit-risk-analysis-prod-app-25h2ya.scm.azurewebsites.net; ARRAffinitySameSite=df2788fb3e5f96d53e88638b51f78b399174bc066b03447dde3bac5ebbfa91f6;Path=/;HttpOnly;SameSite=None;Secure;Domain=credit-risk-analysis-prod-app-25h2ya.scm.azurewebsites.net" Content-Length="0" X-ARR-LOG-ID="2ce4205f-aa1f-408a-ac4e-4fc8ffcaa9f0" CLIENT-IP="52.173.219.151:10240" X-SITE-DEPLOYMENT-ID="credit-risk-analysis-prod-app-25h2ya" WAS-DEFAULT-HOSTNAME="credit-risk-analysis-prod-app-25h2ya.scm.azurewebsites.net" X-Forwarded-Proto="https" X-AppService-Proto="https" X-Forwarded-TlsVersion="1.3" X-WAWS-Unencoded-URL="/api/deployments/latest?deployer=GITHUB_ZIP_DEPLOY&amp;time=2025-09-24_12-31-14Z" X-Client-IP="52.173.219.151" X-Client-Port="10240" >
  <step title="Cleanup Xml Logs" date="2025-09-24T12:31:26.775" >
    <step title="Cleanup Infos" date="2025-09-24T12:31:26.793" totalFiles="472" totalCleanup="312" /><!-- duration: 3ms -->
  </step><!-- duration: 24ms -->
  <step title="DeploymentService.GetResult" date="2025-09-24T12:31:26.802" >
    <step title="DeploymentService.GetLatestDeployment" date="2025-09-24T12:31:26.805" >
      <step title="DeploymentManager.GetResults" date="2025-09-24T12:31:26.812" /><!-- duration: 512ms -->
    </step><!-- duration: 520ms -->
  </step><!-- duration: 524ms -->
  <step title="Outgoing response" date="2025-09-24T12:31:27.328" type="response" statusCode="202" statusText="Accepted" /><!-- duration: 1ms -->
</step><!-- duration: 557ms -->
