<step title="Incoming Request" date="2025-09-23T13:25:37.427" instance="df2788" url="/api/zipdeploy?isAsync=true&amp;deployer=GITHUB_ZIP_DEPLOY&amp;message=%7B%22type%22%3A%22deployment%22%2C%22sha%22%3A%22aee70de51144112c2d7b0e18c116b1040d635608%22%2C%22repoName%22%3A%22KaunteyShah%2Fcredit-risk-analysis-tool%22%2C%22actor%22%3A%22KaunteyShah%22%2C%22slotName%22%3A%22production%22%2C%22commitMessage%22%3A%22Clean%20up%20deployment%20logging%20-%20minimal%20changes%20only%5Cn%5Cn-%20Simplified%20data%20loading%20with%20clear%20logging%5Cn-%20Added%20backup%20data%20copy%20step%20in%20deployment%5Cn-%20No%20functional%20changes%20to%20application%20logic%22%7D" method="POST" type="request" pid="768,1,45" Host="credit-risk-analysis-prod-app-25h2ya.scm.azurewebsites.net" User-Agent="GITHUBACTIONS_DeployWebAppToAzure_4a5a1b673f02fbd359f5f791fff0e4d3e82e3a2733128fe8bf04c072d54f4342" Authorization="Bas..." Content-Type="application/octet-stream" Cookie="ARRAffinity=df2788fb3e5f96d53e88638b51f78b399174bc066b03447dde3bac5ebbfa91f6;Path=/;HttpOnly;Secure;Domain=credit-risk-analysis-prod-app-25h2ya.scm.azurewebsites.net; ARRAffinitySameSite=df2788fb3e5f96d53e88638b51f78b399174bc066b03447dde3bac5ebbfa91f6;Path=/;HttpOnly;SameSite=None;Secure;Domain=credit-risk-analysis-prod-app-25h2ya.scm.azurewebsites.net" Transfer-Encoding="chunked" X-ARR-LOG-ID="63d57588-f48a-46c0-aa4d-617fccbee485" CLIENT-IP="172.172.157.8:23616" X-SITE-DEPLOYMENT-ID="credit-risk-analysis-prod-app-25h2ya" WAS-DEFAULT-HOSTNAME="credit-risk-analysis-prod-app-25h2ya.scm.azurewebsites.net" X-Forwarded-Proto="https" X-AppService-Proto="https" X-Forwarded-TlsVersion="1.3" X-WAWS-Unencoded-URL="/api/zipdeploy?isAsync=true&amp;deployer=GITHUB_ZIP_DEPLOY&amp;message=%7B%22type%22%3A%22deployment%22%2C%22sha%22%3A%22aee70de51144112c2d7b0e18c116b1040d635608%22%2C%22repoName%22%3A%22KaunteyShah%2Fcredit-risk-analysis-tool%22%2C%22actor%22%3A%22KaunteyShah%22%2C%22slotName%22%3A%22production%22%2C%22commitMessage%22%3A%22Clean%20up%20deployment%20logging%20-%20minimal%20changes%20only%5Cn%5Cn-%20Simplified%20data%20loading%20with%20clear%20logging%5Cn-%20Added%20backup%20data%20copy%20step%20in%20deployment%5Cn-%20No%20functional%20changes%20to%20application%20logic%22%7D" X-Client-IP="172.172.157.8" X-Client-Port="23616" >
  <step title="ZipPushDeploy" date="2025-09-23T13:25:37.430" >
    <step title="ZipDeploy. Extract zip. Remote build." date="2025-09-23T13:25:37.432" /><!-- duration: 1ms -->
    <step title="Starting PushDeployAsync" date="2025-09-23T13:25:37.435" /><!-- duration: 1ms -->
    <step title="Writing artifact to /tmp/zipdeploy/79e01a06-2c33-4396-92fe-d223a1293f03.zip" date="2025-09-23T13:25:37.440" >
      <step title="Writing multipart request body to /tmp/zipdeploy/79e01a06-2c33-4396-92fe-d223a1293f03.zip" date="2025-09-23T13:25:37.441" /><!-- duration: 1ms -->
    </step><!-- duration: 535ms -->
    <step title="Removing previous build artifact&apos;s manifest file" date="2025-09-23T13:25:37.978" >
      <step title="Start deployment in the background" date="2025-09-23T13:25:37.983" >
        <step title="Acquiring Deployment Lock" date="2025-09-23T13:25:37.987" /><!-- duration: 1ms -->
        <step title="Acquired Deployment Lock" date="2025-09-23T13:25:38.004" /><!-- duration: 1ms -->
      </step><!-- duration: 71ms -->
    </step><!-- duration: 80ms -->
    <step title="Outgoing response" date="2025-09-23T13:25:38.060" type="response" statusCode="202" statusText="Accepted" /><!-- duration: 2ms -->
  </step><!-- duration: 633ms -->
