<step title="Incoming Request" date="2025-09-23T11:32:32.188" instance="df2788" url="/api/deployments/latest?deployer=GITHUB_ZIP_DEPLOY&amp;time=2025-09-23_11-31-30Z" method="GET" type="request" pid="768,1,66" Host="credit-risk-analysis-prod-app-25h2ya.scm.azurewebsites.net" User-Agent="GITHUBACTIONS_DeployWebAppToAzure_4a5a1b673f02fbd359f5f791fff0e4d3e82e3a2733128fe8bf04c072d54f4342" Authorization="Bas..." Content-Type="application/json; charset=utf-8" Cookie="ARRAffinity=df2788fb3e5f96d53e88638b51f78b399174bc066b03447dde3bac5ebbfa91f6;Path=/;HttpOnly;Secure;Domain=credit-risk-analysis-prod-app-25h2ya.scm.azurewebsites.net; ARRAffinitySameSite=df2788fb3e5f96d53e88638b51f78b399174bc066b03447dde3bac5ebbfa91f6;Path=/;HttpOnly;SameSite=None;Secure;Domain=credit-risk-analysis-prod-app-25h2ya.scm.azurewebsites.net" Content-Length="0" X-ARR-LOG-ID="f3197be9-c717-40f9-98c2-283f534607ee" CLIENT-IP="128.24.161.39:26680" X-SITE-DEPLOYMENT-ID="credit-risk-analysis-prod-app-25h2ya" WAS-DEFAULT-HOSTNAME="credit-risk-analysis-prod-app-25h2ya.scm.azurewebsites.net" X-Forwarded-Proto="https" X-AppService-Proto="https" X-Forwarded-TlsVersion="1.3" X-WAWS-Unencoded-URL="/api/deployments/latest?deployer=GITHUB_ZIP_DEPLOY&amp;time=2025-09-23_11-31-30Z" X-Client-IP="128.24.161.39" X-Client-Port="26680" >
  <step title="Cleanup Xml Logs" date="2025-09-23T11:32:32.191" >
    <step title="Cleanup Infos" date="2025-09-23T11:32:32.222" totalFiles="259" totalCleanup="99" /><!-- duration: 11ms -->
  </step><!-- duration: 51ms -->
  <step title="DeploymentService.GetResult" date="2025-09-23T11:32:32.247" >
    <step title="DeploymentService.GetLatestDeployment" date="2025-09-23T11:32:32.255" >
      <step title="DeploymentManager.GetResults" date="2025-09-23T11:32:32.256" /><!-- duration: 458ms -->
    </step><!-- duration: 462ms -->
  </step><!-- duration: 471ms -->
  <step title="Outgoing response" date="2025-09-23T11:32:32.720" type="response" statusCode="202" statusText="Accepted" /><!-- duration: 4ms -->
</step><!-- duration: 538ms -->
