<step title="Incoming Request" date="2025-09-26T20:41:12.833" instance="28045c" url="/api/publish?type=zip" method="POST" type="request" pid="768,1,23" Accept="*/*" Host="credit-risk-clean-app.scm.azurewebsites.net" User-Agent="AZURECLI/2.76.0 (HOMEBREW)" Accept-Encoding="gzip, deflate" Authorization="Bea..." Cache-Control="no-cache" Content-Type="application/octet-stream" Cookie="ARRAffinity=28045c6adfea86f6e6a4fb889ed02f7953575b88ca284551fd91068eab142a0c; ARRAffinitySameSite=28045c6adfea86f6e6a4fb889ed02f7953575b88ca284551fd91068eab142a0c" Content-Length="449627" x-ms-client-request-id="20ad6c9c-9b19-11f0-9eeb-02213740a574" x-ms-artifact-checksum="c0723a55709f27f273ed72d0b81714c0d89ce753cf6d2ca76865150afee90577" X-ARR-LOG-ID="20ad6c9c-9b19-11f0-9eeb-02213740a574" CLIENT-IP="82.7.68.78:60868" X-SITE-DEPLOYMENT-ID="credit-risk-clean-app" WAS-DEFAULT-HOSTNAME="credit-risk-clean-app.scm.azurewebsites.net" X-Forwarded-Proto="https" X-AppService-Proto="https" X-Forwarded-TlsVersion="1.3" X-WAWS-Unencoded-URL="/api/publish?type=zip" X-Client-IP="82.7.68.78" X-Client-Port="60868" >
  <step title="OneDeploy" date="2025-09-26T20:41:12.840" >
    <step title="Starting PushDeployAsync" date="2025-09-26T20:41:12.847" /><!-- duration: 2ms -->
    <step title="Writing artifact to /tmp/zipdeploy/292c04f1-5a0d-42c1-ab51-1e613904bb24.zip" date="2025-09-26T20:41:12.852" >
      <step title="Writing multipart request body to /tmp/zipdeploy/292c04f1-5a0d-42c1-ab51-1e613904bb24.zip" date="2025-09-26T20:41:12.857" /><!-- duration: 1ms -->
    </step><!-- duration: 11ms -->
    <step title="Removing previous build artifact&apos;s manifest file" date="2025-09-26T20:41:12.877" >
      <step title="Attempting to fetch target branch HEAD" date="2025-09-26T20:41:12.881" /><!-- duration: 1ms -->
      <step title="Acquiring Deployment Lock" date="2025-09-26T20:41:12.884" /><!-- duration: 1ms -->
      <step title="Acquired Deployment Lock" date="2025-09-26T20:41:12.900" /><!-- duration: 2ms -->
      <step title="Performing fetch based deployment" date="2025-09-26T20:41:12.905" >
        <step title="Creating temporary deployment" date="2025-09-26T20:41:12.907" /><!-- duration: 26ms -->
        <step title="Releasing Deployment Lock" date="2025-09-26T20:41:14.040" /><!-- duration: 3ms -->
        <step title="Cleaning up temp folders from previous zip deployments and extracting pushed zip file /tmp/zipdeploy/292c04f1-5a0d-42c1-ab51-1e613904bb24.zip (0.43 MB) to /tmp/zipdeploy/extracted" date="2025-09-26T20:41:14.053" >
          <step title="ChmodRecursive Process exited with total time taken in ms: 27" date="2025-09-26T20:41:14.193" /><!-- duration: 2ms -->
        </step><!-- duration: 144ms -->
        <step title="None repository commit" date="2025-09-26T20:41:14.198" >
          <step title="Commit id: 49ed0700-7fb1-4e10-8de0-663a0d255d75" date="2025-09-26T20:41:14.199" Message="OneDeploy" AuthorName="N/A" AuthorEmail="N/A" /><!-- duration: 1ms -->
        </step><!-- duration: 4ms -->
        <step title="Deployment timer started" date="2025-09-26T20:41:16.204" >
          <step title="DeploymentManager.Deploy(id:49ed0700-7fb1-4e10-8de0-663a0d255d75)" date="2025-09-26T20:41:16.207" >
            <step title="Collecting changeset information" date="2025-09-26T20:41:16.215" /><!-- duration: 60ms -->
            <step title="Updating submodules" date="2025-09-26T20:41:16.277" /><!-- duration: 1095ms -->
            <step title="Determining deployment builder" date="2025-09-26T20:41:17.531" >
              <step title="Builder is OryxBuilder" date="2025-09-26T20:41:17.535" /><!-- duration: 1ms -->
            </step><!-- duration: 7ms -->
            <step title="PreDeployment: context.CleanOutputPath False" date="2025-09-26T20:41:17.579" >
              <step title="PreDeployment: context.OutputPath /home/site/wwwroot" date="2025-09-26T20:41:17.682" >
                <step title="Building" date="2025-09-26T20:41:17.779" >
                  <step title="Executing external process" date="2025-09-26T20:41:18.047" type="process" path="bash" arguments="-c &quot;oryx build /tmp/zipdeploy/extracted -o /home/site/wwwroot --platform python --platform-version 3.11 -p virtualenv_name=antenv --log-file /tmp/build-debug.log  -i /tmp/8ddfd3d0af900f2 --compress-destination-dir | tee /tmp/oryx-build.log ; exit $PIPESTATUS &quot;" >
                    <step title="Cpu: python(1419,59.570s)+ts(1420,0.080s)+build.sh(1418,0.000s)+build.sh(1417,0.000s)+build.sh(1339,0.010s)+oryx(1317,4.010s)+tee(1318,0.000s)+bash(1316,0.000s)=total(63.650s)" date="2025-09-26T20:42:34.103" /><!-- duration: 3ms -->
                    <step title="bash: no io activity for 61s, prev-cpu=-1.000s, current-cpu=63.650s" date="2025-09-26T20:42:34.108" /><!-- duration: 2ms -->
                    <step title="Cpu: gzip(1478,60.540s)+sh(1476,0.040s)+tar(1475,1.050s)+build.sh(1339,0.020s)+oryx(1317,4.440s)+tee(1318,0.000s)+bash(1316,0.000s)=total(66.090s)" date="2025-09-26T20:44:12.179" /><!-- duration: 6ms -->
                    <step title="bash: no io activity for 61s, prev-cpu=-1.000s, current-cpu=66.090s" date="2025-09-26T20:44:12.193" /><!-- duration: 2ms -->
                  </step><!-- duration: 181436ms -->
                  <step title="Using PythonDeploymentLogParser" date="2025-09-26T20:44:19.763" /><!-- duration: 2ms -->
                  <step title="Modified file to trigger a restart of the app container." date="2025-09-26T20:44:20.595" /><!-- duration: 2ms -->
                  <step title="Skip function trigger and logicapp sync because function is not enabled." date="2025-09-26T20:44:20.598" /><!-- duration: 1ms -->
                </step><!-- duration: 183517ms -->
              </step><!-- duration: 183615ms -->
              <step title="Cleaning up temp files" date="2025-09-26T20:44:21.299" /><!-- duration: 3247ms -->
              <step title="Cleaning up temp files" date="2025-09-26T20:44:24.551" /><!-- duration: 503ms -->
              <step title="Reloading status file with latest updates" date="2025-09-26T20:44:25.075" >
                <step title="WebHooksManager.PublishEventAsync: PostDeployment" date="2025-09-26T20:44:25.077" /><!-- duration: 15ms -->
              </step><!-- duration: 18ms -->
              <step title="Cleaning up temporary deployment - fetch deployment was successful" date="2025-09-26T20:44:25.096" /><!-- duration: 1ms -->
            </step><!-- duration: 187547ms -->
          </step><!-- duration: 188921ms -->
          <step title="Outgoing response" date="2025-09-26T20:44:25.130" type="response" statusCode="200" statusText="OK" /><!-- duration: 2ms -->
        </step><!-- duration: 188929ms -->
