<step title="Incoming Request" date="2025-09-25T23:27:20.875" instance="d4288a" url="/deploy?scmType=ExternalGit&amp;isAsync=true" method="POST" type="request" pid="768,1,7" Host="credit-risk-analysis-v2-1758842788.scm.azurewebsites.net" User-Agent="Azure-WebSites-Controller/105.0.7.92" Authorization="Bas..." Expect="100-continue" Content-Length="96" x-ms-request-id="3b2257a8-86e8-4169-926a-ebeefc47f7cf" X-ARR-LOG-ID="3b2257a8-86e8-4169-926a-ebeefc47f7cf" CLIENT-IP="51.140.210.103:4032" X-SITE-DEPLOYMENT-ID="credit-risk-analysis-v2-1758842788" WAS-DEFAULT-HOSTNAME="credit-risk-analysis-v2-1758842788.scm.azurewebsites.net" X-MS-PLATFORM-INTERNAL="True" X-Forwarded-Proto="https" X-AppService-Proto="https" X-Forwarded-TlsVersion="1.3" X-WAWS-Unencoded-URL="/deploy?scmType=ExternalGit&amp;isAsync=true" X-Client-IP="51.140.210.103" X-Client-Port="4032" >
  <step title="FetchHandler" date="2025-09-25T23:27:20.904" >
    <step title="GitExeRepository.Initialize" date="2025-09-25T23:27:20.942" >
      <step title="Executing external process" date="2025-09-25T23:27:20.945" type="process" path="git" arguments="init" /><!-- duration: 137ms -->
      <step title="Executing external process" date="2025-09-25T23:27:21.084" type="process" path="git" arguments="config core.autocrlf false" /><!-- duration: 14ms -->
      <step title="Executing external process" date="2025-09-25T23:27:21.100" type="process" path="git" arguments="config core.preloadindex true" /><!-- duration: 12ms -->
      <step title="Executing external process" date="2025-09-25T23:27:21.114" type="process" path="git" arguments="config user.name &quot;unknown&quot;" /><!-- duration: 13ms -->
      <step title="Executing external process" date="2025-09-25T23:27:21.129" type="process" path="git" arguments="config user.email &quot;unknown&quot;" /><!-- duration: 16ms -->
      <step title="Executing external process" date="2025-09-25T23:27:21.146" type="process" path="git" arguments="config filter.lfs.clean &quot;git-lfs clean %f&quot;" /><!-- duration: 15ms -->
      <step title="Executing external process" date="2025-09-25T23:27:21.163" type="process" path="git" arguments="config filter.lfs.smudge &quot;git-lfs smudge %f&quot;" /><!-- duration: 13ms -->
      <step title="Executing external process" date="2025-09-25T23:27:21.178" type="process" path="git" arguments="config filter.lfs.required true" /><!-- duration: 12ms -->
      <step title="Configure git server" date="2025-09-25T23:27:21.192" >
        <step title="Executing external process" date="2025-09-25T23:27:21.194" type="process" path="git" arguments="config receive.denyCurrentBranch ignore" /><!-- duration: 14ms -->
      </step><!-- duration: 18ms -->
      <step title="Create deny users for .git folder" date="2025-09-25T23:27:21.212" /><!-- duration: 25ms -->
      <step title="Configure git-credential" date="2025-09-25T23:27:21.239" >
        <step title="Executing external process" date="2025-09-25T23:27:21.252" type="process" path="git" arguments="config credential.helper &quot;!&apos;/home/site/repository/.git/hooks/git-credential-invalid.sh&apos;&quot;" /><!-- duration: 13ms -->
      </step><!-- duration: 28ms -->
      <step title="Setup post receive hook" date="2025-09-25T23:27:21.269" >
        <step title="Non-Windows enviroment, granting 755 permission to post-receive hook file" date="2025-09-25T23:27:21.283" /><!-- duration: 12ms -->
      </step><!-- duration: 28ms -->
    </step><!-- duration: 357ms -->
    <step title="Executing external process" date="2025-09-25T23:27:21.302" type="process" path="git" arguments="log -n 1 main --" >
      <step title="Process dump" date="2025-09-25T23:27:21.318" exitCode="128" type="processOutput" /><!-- duration: 2ms -->
    </step><!-- duration: 19ms -->
    <step title="Start deployment in the background" date="2025-09-25T23:27:21.324" >
      <step title="Executing external process" date="2025-09-25T23:27:21.333" type="process" path="git" arguments="rev-parse --git-dir" /><!-- duration: 9ms -->
      <step title="Executing external process" date="2025-09-25T23:27:21.345" type="process" path="git" arguments="rev-parse --git-dir" /><!-- duration: 11ms -->
      <step title="Executing external process" date="2025-09-25T23:27:21.358" type="process" path="git" arguments="log -n 1 main --" >
        <step title="Process dump" date="2025-09-25T23:27:21.376" exitCode="128" type="processOutput" /><!-- duration: 2ms -->
      </step><!-- duration: 21ms -->
      <step title="Acquiring Deployment Lock" date="2025-09-25T23:27:21.381" /><!-- duration: 1ms -->
      <step title="Acquired Deployment Lock" date="2025-09-25T23:27:21.411" /><!-- duration: 2ms -->
    </step><!-- duration: 144ms -->
  </step><!-- duration: 566ms -->
  <step title="Outgoing response" date="2025-09-25T23:27:21.472" type="response" statusCode="202" statusText="Accepted" /><!-- duration: 4ms -->
</step><!-- duration: 602ms -->
