<step title="BackgroundTrace" date="2025-09-16T14:41:47.695" instance="df2788" url="/api/zipdeploy" method="POST" >
  <step title="Creating temporary deployment - FetchDeploymentManager" date="2025-09-16T14:41:47.743" /><!-- duration: 1ms -->
  <step title="Creating temporary deployment" date="2025-09-16T14:41:47.747" /><!-- duration: 37ms -->
  <step title="Performing fetch based deployment" date="2025-09-16T14:41:47.805" >
    <step title="Cleaning up temp folders from previous zip deployments and extracting pushed zip file /tmp/zipdeploy/e1b4c9ab-d8eb-4e67-9165-cd85e6fba98d.zip (1.02 MB) to /tmp/zipdeploy/extracted" date="2025-09-16T14:41:48.983" >
      <step title="ChmodRecursive Process exited with total time taken in ms: 26" date="2025-09-16T14:41:49.084" /><!-- duration: 2ms -->
    </step><!-- duration: 105ms -->
    <step title="Deployment timer started" date="2025-09-16T14:41:51.094" >
      <step title="DeploymentManager.Deploy(id:f8ba9de1-4fed-47a0-8f1b-fd1ed37716e8)" date="2025-09-16T14:41:51.107" >
        <step title="Collecting changeset information" date="2025-09-16T14:41:51.118" /><!-- duration: 76ms -->
        <step title="Updating submodules" date="2025-09-16T14:41:51.198" /><!-- duration: 1095ms -->
        <step title="Determining deployment builder" date="2025-09-16T14:41:52.469" >
          <step title="Builder is OryxBuilder" date="2025-09-16T14:41:52.478" /><!-- duration: 3ms -->
        </step><!-- duration: 28ms -->
        <step title="PreDeployment: context.CleanOutputPath False" date="2025-09-16T14:41:52.532" >
          <step title="PreDeployment: context.OutputPath /home/site/wwwroot" date="2025-09-16T14:41:52.613" >
            <step title="Building" date="2025-09-16T14:41:52.712" >
              <step title="Executing external process" date="2025-09-16T14:41:52.910" type="process" path="bash" arguments="-c &quot;oryx build /tmp/zipdeploy/extracted -o /home/site/wwwroot --platform python --platform-version 3.11 -p virtualenv_name=antenv --log-file /tmp/build-debug.log  -i /tmp/8ddf52f2d137fa0 --compress-destination-dir | tee /tmp/oryx-build.log ; exit $PIPESTATUS &quot;" /><!-- duration: 21310ms -->
              <step title="Using PythonDeploymentLogParser" date="2025-09-16T14:42:14.467" /><!-- duration: 4ms -->
              <step title="Triggering recycle (preview mode disabled)." date="2025-09-16T14:42:15.375" /><!-- duration: 3ms -->
              <step title="Modified file to trigger a restart of the app container." date="2025-09-16T14:42:15.401" /><!-- duration: 2ms -->
              <step title="Skip function trigger and logicapp sync because function is not enabled." date="2025-09-16T14:42:15.406" /><!-- duration: 1ms -->
            </step><!-- duration: 23238ms -->
          </step><!-- duration: 23339ms -->
          <step title="Cleaning up temp files" date="2025-09-16T14:42:15.953" /><!-- duration: 1599ms -->
          <step title="Cleaning up temp files" date="2025-09-16T14:42:17.554" /><!-- duration: 503ms -->
          <step title="Reloading status file with latest updates" date="2025-09-16T14:42:18.073" >
            <step title="WebHooksManager.PublishEventAsync: PostDeployment" date="2025-09-16T14:42:18.075" /><!-- duration: 16ms -->
          </step><!-- duration: 20ms -->
          <step title="Cleaning up temporary deployment - fetch deployment was successful" date="2025-09-16T14:42:18.097" /><!-- duration: 6ms -->
        </step><!-- duration: 25597ms -->
      </step><!-- duration: 27029ms -->
