<step title="Incoming Request" date="2025-09-23T13:24:43.791" instance="df2788" url="/api/zipdeploy?isAsync=true&amp;deployer=GITHUB_ZIP_DEPLOY&amp;message=%7B%22type%22%3A%22deployment%22%2C%22sha%22%3A%22aee70de51144112c2d7b0e18c116b1040d635608%22%2C%22repoName%22%3A%22KaunteyShah%2Fcredit-risk-analysis-tool%22%2C%22actor%22%3A%22KaunteyShah%22%2C%22slotName%22%3A%22production%22%2C%22commitMessage%22%3A%22Clean%20up%20deployment%20logging%20-%20minimal%20changes%20only%5Cn%5Cn-%20Simplified%20data%20loading%20with%20clear%20logging%5Cn-%20Added%20backup%20data%20copy%20step%20in%20deployment%5Cn-%20No%20functional%20changes%20to%20application%20logic%22%7D" method="POST" type="request" pid="768,1,45" Host="credit-risk-analysis-prod-app-25h2ya.scm.azurewebsites.net" User-Agent="GITHUBACTIONS_DeployWebAppToAzure_4a5a1b673f02fbd359f5f791fff0e4d3e82e3a2733128fe8bf04c072d54f4342" Authorization="Bas..." Content-Type="application/octet-stream" Cookie="ARRAffinity=df2788fb3e5f96d53e88638b51f78b399174bc066b03447dde3bac5ebbfa91f6;Path=/;HttpOnly;Secure;Domain=credit-risk-analysis-prod-app-25h2ya.scm.azurewebsites.net; ARRAffinitySameSite=df2788fb3e5f96d53e88638b51f78b399174bc066b03447dde3bac5ebbfa91f6;Path=/;HttpOnly;SameSite=None;Secure;Domain=credit-risk-analysis-prod-app-25h2ya.scm.azurewebsites.net" Transfer-Encoding="chunked" X-ARR-LOG-ID="c0c14946-645c-42fa-a54c-f273815eda17" CLIENT-IP="64.236.200.230:33792" X-SITE-DEPLOYMENT-ID="credit-risk-analysis-prod-app-25h2ya" WAS-DEFAULT-HOSTNAME="credit-risk-analysis-prod-app-25h2ya.scm.azurewebsites.net" X-Forwarded-Proto="https" X-AppService-Proto="https" X-Forwarded-TlsVersion="1.3" X-WAWS-Unencoded-URL="/api/zipdeploy?isAsync=true&amp;deployer=GITHUB_ZIP_DEPLOY&amp;message=%7B%22type%22%3A%22deployment%22%2C%22sha%22%3A%22aee70de51144112c2d7b0e18c116b1040d635608%22%2C%22repoName%22%3A%22KaunteyShah%2Fcredit-risk-analysis-tool%22%2C%22actor%22%3A%22KaunteyShah%22%2C%22slotName%22%3A%22production%22%2C%22commitMessage%22%3A%22Clean%20up%20deployment%20logging%20-%20minimal%20changes%20only%5Cn%5Cn-%20Simplified%20data%20loading%20with%20clear%20logging%5Cn-%20Added%20backup%20data%20copy%20step%20in%20deployment%5Cn-%20No%20functional%20changes%20to%20application%20logic%22%7D" X-Client-IP="64.236.200.230" X-Client-Port="33792" >
  <step title="ZipPushDeploy" date="2025-09-23T13:24:43.794" >
    <step title="ZipDeploy. Extract zip. Remote build." date="2025-09-23T13:24:43.796" /><!-- duration: 1ms -->
    <step title="Starting PushDeployAsync" date="2025-09-23T13:24:43.799" /><!-- duration: 1ms -->
    <step title="Writing artifact to /tmp/zipdeploy/f021a694-3369-4449-993e-b329af0c5272.zip" date="2025-09-23T13:24:43.803" >
      <step title="Writing multipart request body to /tmp/zipdeploy/f021a694-3369-4449-993e-b329af0c5272.zip" date="2025-09-23T13:24:43.805" /><!-- duration: 1ms -->
    </step><!-- duration: 453ms -->
    <step title="Removing previous build artifact&apos;s manifest file" date="2025-09-23T13:24:44.260" >
      <step title="Start deployment in the background" date="2025-09-23T13:24:44.263" >
        <step title="Acquiring Deployment Lock" date="2025-09-23T13:24:44.267" /><!-- duration: 1ms -->
        <step title="Acquired Deployment Lock" date="2025-09-23T13:24:44.290" /><!-- duration: 1ms -->
      </step><!-- duration: 60ms -->
    </step><!-- duration: 65ms -->
    <step title="Outgoing response" date="2025-09-23T13:24:44.326" type="response" statusCode="202" statusText="Accepted" /><!-- duration: 1ms -->
  </step><!-- duration: 536ms -->
