<step title="BackgroundTrace" date="2025-09-16T13:56:56.424" instance="df2788" url="/api/zipdeploy" method="POST" >
  <step title="Creating temporary deployment - FetchDeploymentManager" date="2025-09-16T13:56:56.453" /><!-- duration: 3ms -->
  <step title="Creating temporary deployment" date="2025-09-16T13:56:56.457" /><!-- duration: 31ms -->
  <step title="Performing fetch based deployment" date="2025-09-16T13:56:56.508" >
    <step title="Cleaning up temp folders from previous zip deployments and extracting pushed zip file /tmp/zipdeploy/3de26694-7324-447c-adb6-3b7835e174b0.zip (0.95 MB) to /tmp/zipdeploy/extracted" date="2025-09-16T13:56:57.621" >
      <step title="ChmodRecursive Process exited with total time taken in ms: 14" date="2025-09-16T13:56:57.692" /><!-- duration: 3ms -->
    </step><!-- duration: 77ms -->
    <step title="Deployment timer started" date="2025-09-16T13:56:59.703" >
      <step title="DeploymentManager.Deploy(id:6b1f9a5c-19da-4851-8052-0df875c5a9a8)" date="2025-09-16T13:56:59.707" >
        <step title="Collecting changeset information" date="2025-09-16T13:56:59.714" /><!-- duration: 52ms -->
        <step title="Updating submodules" date="2025-09-16T13:56:59.768" /><!-- duration: 1081ms -->
        <step title="Determining deployment builder" date="2025-09-16T13:57:01.009" >
          <step title="Builder is OryxBuilder" date="2025-09-16T13:57:01.015" /><!-- duration: 4ms -->
        </step><!-- duration: 12ms -->
        <step title="PreDeployment: context.CleanOutputPath False" date="2025-09-16T13:57:01.053" >
          <step title="PreDeployment: context.OutputPath /home/site/wwwroot" date="2025-09-16T13:57:01.132" >
            <step title="Building" date="2025-09-16T13:57:01.237" >
              <step title="Executing external process" date="2025-09-16T13:57:01.414" type="process" path="bash" arguments="-c &quot;oryx build /tmp/zipdeploy/extracted -o /home/site/wwwroot --platform python --platform-version 3.11 -p virtualenv_name=antenv --log-file /tmp/build-debug.log  -i /tmp/8ddf528e8d4c2f3 --compress-destination-dir | tee /tmp/oryx-build.log ; exit $PIPESTATUS &quot;" /><!-- duration: 230659ms -->
              <step title="Using PythonDeploymentLogParser" date="2025-09-16T14:00:52.399" /><!-- duration: 2ms -->
              <step title="Triggering recycle (preview mode disabled)." date="2025-09-16T14:00:53.270" /><!-- duration: 3ms -->
              <step title="Modified file to trigger a restart of the app container." date="2025-09-16T14:00:53.287" /><!-- duration: 2ms -->
              <step title="Skip function trigger and logicapp sync because function is not enabled." date="2025-09-16T14:00:53.298" /><!-- duration: 2ms -->
              <step title="Purge deployment items" date="2025-09-16T14:00:53.820" >
                <step title="Remove e74231bd-, Failed, received at 09/16/2025 13:52:26" date="2025-09-16T14:00:53.858" /><!-- duration: 2ms -->
              </step><!-- duration: 42ms -->
            </step><!-- duration: 232678ms -->
          </step><!-- duration: 232784ms -->
          <step title="Cleaning up temp files" date="2025-09-16T14:00:53.918" /><!-- duration: 1582ms -->
          <step title="Cleaning up temp files" date="2025-09-16T14:00:55.501" /><!-- duration: 503ms -->
          <step title="Reloading status file with latest updates" date="2025-09-16T14:00:56.021" >
            <step title="WebHooksManager.PublishEventAsync: PostDeployment" date="2025-09-16T14:00:56.025" /><!-- duration: 66ms -->
          </step><!-- duration: 72ms -->
          <step title="Cleaning up temporary deployment - fetch deployment was successful" date="2025-09-16T14:00:56.110" /><!-- duration: 1ms -->
        </step><!-- duration: 235595ms -->
      </step><!-- duration: 236951ms -->
