<step title="Incoming Request" date="2025-09-23T12:10:09.047" instance="df2788" url="/api/deployments/latest?deployer=GITHUB_ZIP_DEPLOY&amp;time=2025-09-23_12-09-51Z" method="GET" type="request" pid="768,1,42" Host="credit-risk-analysis-prod-app-25h2ya.scm.azurewebsites.net" User-Agent="GITHUBACTIONS_DeployWebAppToAzure_4a5a1b673f02fbd359f5f791fff0e4d3e82e3a2733128fe8bf04c072d54f4342" Authorization="Bas..." Content-Type="application/json; charset=utf-8" Cookie="ARRAffinity=df2788fb3e5f96d53e88638b51f78b399174bc066b03447dde3bac5ebbfa91f6;Path=/;HttpOnly;Secure;Domain=credit-risk-analysis-prod-app-25h2ya.scm.azurewebsites.net; ARRAffinitySameSite=df2788fb3e5f96d53e88638b51f78b399174bc066b03447dde3bac5ebbfa91f6;Path=/;HttpOnly;SameSite=None;Secure;Domain=credit-risk-analysis-prod-app-25h2ya.scm.azurewebsites.net" Content-Length="0" X-ARR-LOG-ID="e901c439-f9bb-4a4f-93b3-d7be450bf883" CLIENT-IP="135.232.232.88:58369" X-SITE-DEPLOYMENT-ID="credit-risk-analysis-prod-app-25h2ya" WAS-DEFAULT-HOSTNAME="credit-risk-analysis-prod-app-25h2ya.scm.azurewebsites.net" X-Forwarded-Proto="https" X-AppService-Proto="https" X-Forwarded-TlsVersion="1.3" X-WAWS-Unencoded-URL="/api/deployments/latest?deployer=GITHUB_ZIP_DEPLOY&amp;time=2025-09-23_12-09-51Z" X-Client-IP="135.232.232.88" X-Client-Port="58369" >
  <step title="Cleanup Xml Logs" date="2025-09-23T12:10:09.059" >
    <step title="Cleanup Infos" date="2025-09-23T12:10:09.076" totalFiles="322" totalCleanup="162" /><!-- duration: 4ms -->
  </step><!-- duration: 24ms -->
  <step title="DeploymentService.GetResult" date="2025-09-23T12:10:09.089" >
    <step title="DeploymentService.GetLatestDeployment" date="2025-09-23T12:10:09.091" >
      <step title="DeploymentManager.GetResults" date="2025-09-23T12:10:09.095" /><!-- duration: 595ms -->
    </step><!-- duration: 603ms -->
  </step><!-- duration: 609ms -->
  <step title="Outgoing response" date="2025-09-23T12:10:09.700" type="response" statusCode="202" statusText="Accepted" /><!-- duration: 6ms -->
</step><!-- duration: 663ms -->
