<step title="Incoming Request" date="2025-09-23T12:43:26.718" instance="df2788" url="/api/deployments/latest?deployer=GITHUB_ZIP_DEPLOY&amp;time=2025-09-23_12-43-20Z" method="GET" type="request" pid="768,1,41" Host="credit-risk-analysis-prod-app-25h2ya.scm.azurewebsites.net" User-Agent="GITHUBACTIONS_DeployWebAppToAzure_4a5a1b673f02fbd359f5f791fff0e4d3e82e3a2733128fe8bf04c072d54f4342" Authorization="Bas..." Content-Type="application/json; charset=utf-8" Cookie="ARRAffinity=df2788fb3e5f96d53e88638b51f78b399174bc066b03447dde3bac5ebbfa91f6;Path=/;HttpOnly;Secure;Domain=credit-risk-analysis-prod-app-25h2ya.scm.azurewebsites.net; ARRAffinitySameSite=df2788fb3e5f96d53e88638b51f78b399174bc066b03447dde3bac5ebbfa91f6;Path=/;HttpOnly;SameSite=None;Secure;Domain=credit-risk-analysis-prod-app-25h2ya.scm.azurewebsites.net" Content-Length="0" X-ARR-LOG-ID="b9a0aa5d-84b0-40c0-83b3-a1ab9e2300f1" CLIENT-IP="52.159.243.24:56321" X-SITE-DEPLOYMENT-ID="credit-risk-analysis-prod-app-25h2ya" WAS-DEFAULT-HOSTNAME="credit-risk-analysis-prod-app-25h2ya.scm.azurewebsites.net" X-Forwarded-Proto="https" X-AppService-Proto="https" X-Forwarded-TlsVersion="1.3" X-WAWS-Unencoded-URL="/api/deployments/latest?deployer=GITHUB_ZIP_DEPLOY&amp;time=2025-09-23_12-43-20Z" X-Client-IP="52.159.243.24" X-Client-Port="56321" >
  <step title="Cleanup Xml Logs" date="2025-09-23T12:43:26.719" >
    <step title="Cleanup Infos" date="2025-09-23T12:43:26.727" totalFiles="360" totalCleanup="200" /><!-- duration: 2ms -->
  </step><!-- duration: 11ms -->
  <step title="DeploymentService.GetResult" date="2025-09-23T12:43:26.733" >
    <step title="DeploymentService.GetLatestDeployment" date="2025-09-23T12:43:26.734" >
      <step title="DeploymentManager.GetResults" date="2025-09-23T12:43:26.740" /><!-- duration: 497ms -->
    </step><!-- duration: 504ms -->
  </step><!-- duration: 507ms -->
  <step title="Outgoing response" date="2025-09-23T12:43:27.242" type="response" statusCode="202" statusText="Accepted" /><!-- duration: 1ms -->
</step><!-- duration: 527ms -->
