<step title="Incoming Request" date="2025-09-26T20:36:33.027" instance="28045c" url="/api/zipdeploy?isAsync=true" method="POST" type="request" pid="768,1,23" Accept="*/*" Host="credit-risk-clean-app.scm.azurewebsites.net" User-Agent="AZURECLI/2.76.0 (HOMEBREW)" Accept-Encoding="gzip, deflate" Authorization="Bea..." Cache-Control="no-cache" Content-Type="application/octet-stream" Cookie="ARRAffinity=28045c6adfea86f6e6a4fb889ed02f7953575b88ca284551fd91068eab142a0c; ARRAffinitySameSite=28045c6adfea86f6e6a4fb889ed02f7953575b88ca284551fd91068eab142a0c" Content-Length="2405709" x-ms-client-request-id="788acbe0-9b18-11f0-a782-02213740a574" x-ms-artifact-checksum="397772e87a1225f57dd6032e07f05b44dc5db41e19a289aa2105d106fa2f7770" X-ARR-LOG-ID="788acbe0-9b18-11f0-a782-02213740a574" CLIENT-IP="82.7.68.78:59315" X-SITE-DEPLOYMENT-ID="credit-risk-clean-app" WAS-DEFAULT-HOSTNAME="credit-risk-clean-app.scm.azurewebsites.net" X-Forwarded-Proto="https" X-AppService-Proto="https" X-Forwarded-TlsVersion="1.3" X-WAWS-Unencoded-URL="/api/zipdeploy?isAsync=true" X-Client-IP="82.7.68.78" X-Client-Port="59315" >
  <step title="ZipPushDeploy" date="2025-09-26T20:36:33.052" >
    <step title="ZipDeploy. Extract zip. Remote build." date="2025-09-26T20:36:33.056" /><!-- duration: 2ms -->
    <step title="None repository commit" date="2025-09-26T20:36:33.062" >
      <step title="Commit id: 41659c9e-61e2-42ba-a7f9-40b7776dd0f0" date="2025-09-26T20:36:33.064" Message="N/A" AuthorName="N/A" AuthorEmail="N/A" /><!-- duration: 2ms -->
    </step><!-- duration: 4ms -->
    <step title="Starting PushDeployAsync" date="2025-09-26T20:36:33.068" /><!-- duration: 2ms -->
    <step title="Writing artifact to /tmp/zipdeploy/7ef950b9-96a8-4114-b783-17dd4db7d074.zip" date="2025-09-26T20:36:33.075" >
      <step title="Writing multipart request body to /tmp/zipdeploy/7ef950b9-96a8-4114-b783-17dd4db7d074.zip" date="2025-09-26T20:36:33.077" /><!-- duration: 1ms -->
    </step><!-- duration: 62ms -->
    <step title="Start deployment in the background" date="2025-09-26T20:36:33.147" >
      <step title="Acquiring Deployment Lock" date="2025-09-26T20:36:33.153" /><!-- duration: 4ms -->
      <step title="Acquired Deployment Lock" date="2025-09-26T20:36:33.197" /><!-- duration: 1ms -->
    </step><!-- duration: 94ms -->
  </step><!-- duration: 195ms -->
  <step title="Outgoing response" date="2025-09-26T20:36:33.256" type="response" statusCode="202" statusText="Accepted" /><!-- duration: 2ms -->
</step><!-- duration: 232ms -->
