<step title="Incoming Request" date="2025-09-23T09:22:12.543" instance="df2788" url="/api/deployments/latest?deployer=GITHUB_ZIP_DEPLOY&amp;time=2025-09-23_09-21-54Z" method="GET" type="request" pid="767,1,39" Host="credit-risk-analysis-prod-app-25h2ya.scm.azurewebsites.net" User-Agent="GITHUBACTIONS_DeployWebAppToAzure_4a5a1b673f02fbd359f5f791fff0e4d3e82e3a2733128fe8bf04c072d54f4342" Authorization="Bas..." Content-Type="application/json; charset=utf-8" Cookie="ARRAffinity=df2788fb3e5f96d53e88638b51f78b399174bc066b03447dde3bac5ebbfa91f6;Path=/;HttpOnly;Secure;Domain=credit-risk-analysis-prod-app-25h2ya.scm.azurewebsites.net; ARRAffinitySameSite=df2788fb3e5f96d53e88638b51f78b399174bc066b03447dde3bac5ebbfa91f6;Path=/;HttpOnly;SameSite=None;Secure;Domain=credit-risk-analysis-prod-app-25h2ya.scm.azurewebsites.net" Content-Length="0" X-ARR-LOG-ID="e4ce467f-7eb7-4b18-9071-04836af3b6ee" CLIENT-IP="20.51.198.217:47178" X-SITE-DEPLOYMENT-ID="credit-risk-analysis-prod-app-25h2ya" WAS-DEFAULT-HOSTNAME="credit-risk-analysis-prod-app-25h2ya.scm.azurewebsites.net" X-Forwarded-Proto="https" X-AppService-Proto="https" X-Forwarded-TlsVersion="1.3" X-WAWS-Unencoded-URL="/api/deployments/latest?deployer=GITHUB_ZIP_DEPLOY&amp;time=2025-09-23_09-21-54Z" X-Client-IP="20.51.198.217" X-Client-Port="47178" >
  <step title="Cleanup Xml Logs" date="2025-09-23T09:22:12.546" >
    <step title="Cleanup Infos" date="2025-09-23T09:22:12.559" totalFiles="216" totalCleanup="56" /><!-- duration: 2ms -->
  </step><!-- duration: 18ms -->
  <step title="DeploymentService.GetResult" date="2025-09-23T09:22:12.599" >
    <step title="DeploymentService.GetLatestDeployment" date="2025-09-23T09:22:12.601" >
      <step title="DeploymentManager.GetResults" date="2025-09-23T09:22:12.603" /><!-- duration: 499ms -->
    </step><!-- duration: 508ms -->
  </step><!-- duration: 512ms -->
  <step title="Outgoing response" date="2025-09-23T09:22:13.116" type="response" statusCode="202" statusText="Accepted" /><!-- duration: 3ms -->
</step><!-- duration: 577ms -->
