<step title="Incoming Request" date="2025-09-23T13:17:21.528" instance="df2788" url="/api/deployments/latest?deployer=GITHUB_ZIP_DEPLOY&amp;time=2025-09-23_13-16-56Z" method="GET" type="request" pid="768,1,57" Host="credit-risk-analysis-prod-app-25h2ya.scm.azurewebsites.net" User-Agent="GITHUBACTIONS_DeployWebAppToAzure_4a5a1b673f02fbd359f5f791fff0e4d3e82e3a2733128fe8bf04c072d54f4342" Authorization="Bas..." Content-Type="application/json; charset=utf-8" Cookie="ARRAffinity=df2788fb3e5f96d53e88638b51f78b399174bc066b03447dde3bac5ebbfa91f6;Path=/;HttpOnly;Secure;Domain=credit-risk-analysis-prod-app-25h2ya.scm.azurewebsites.net; ARRAffinitySameSite=df2788fb3e5f96d53e88638b51f78b399174bc066b03447dde3bac5ebbfa91f6;Path=/;HttpOnly;SameSite=None;Secure;Domain=credit-risk-analysis-prod-app-25h2ya.scm.azurewebsites.net" Content-Length="0" X-ARR-LOG-ID="6d1d3da2-7978-4f45-86d7-e884f7245765" CLIENT-IP="172.183.157.185:45128" X-SITE-DEPLOYMENT-ID="credit-risk-analysis-prod-app-25h2ya" WAS-DEFAULT-HOSTNAME="credit-risk-analysis-prod-app-25h2ya.scm.azurewebsites.net" X-Forwarded-Proto="https" X-AppService-Proto="https" X-Forwarded-TlsVersion="1.3" X-WAWS-Unencoded-URL="/api/deployments/latest?deployer=GITHUB_ZIP_DEPLOY&amp;time=2025-09-23_13-16-56Z" X-Client-IP="172.183.157.185" X-Client-Port="45128" >
  <step title="Cleanup Xml Logs" date="2025-09-23T13:17:21.531" >
    <step title="Cleanup Infos" date="2025-09-23T13:17:21.555" totalFiles="372" totalCleanup="212" /><!-- duration: 8ms -->
  </step><!-- duration: 36ms -->
  <step title="DeploymentService.GetResult" date="2025-09-23T13:17:21.574" >
    <step title="DeploymentService.GetLatestDeployment" date="2025-09-23T13:17:21.577" >
      <step title="DeploymentManager.GetResults" date="2025-09-23T13:17:21.580" /><!-- duration: 530ms -->
    </step><!-- duration: 535ms -->
  </step><!-- duration: 539ms -->
  <step title="Outgoing response" date="2025-09-23T13:17:22.115" type="response" statusCode="202" statusText="Accepted" /><!-- duration: 1ms -->
</step><!-- duration: 591ms -->
