<step title="Incoming Request" date="2025-09-23T12:09:57.215" instance="df2788" url="/api/deployments/latest?deployer=GITHUB_ZIP_DEPLOY&amp;time=2025-09-23_12-09-51Z" method="GET" type="request" pid="768,1,35" Host="credit-risk-analysis-prod-app-25h2ya.scm.azurewebsites.net" User-Agent="GITHUBACTIONS_DeployWebAppToAzure_4a5a1b673f02fbd359f5f791fff0e4d3e82e3a2733128fe8bf04c072d54f4342" Authorization="Bas..." Content-Type="application/json; charset=utf-8" Cookie="ARRAffinity=df2788fb3e5f96d53e88638b51f78b399174bc066b03447dde3bac5ebbfa91f6;Path=/;HttpOnly;Secure;Domain=credit-risk-analysis-prod-app-25h2ya.scm.azurewebsites.net; ARRAffinitySameSite=df2788fb3e5f96d53e88638b51f78b399174bc066b03447dde3bac5ebbfa91f6;Path=/;HttpOnly;SameSite=None;Secure;Domain=credit-risk-analysis-prod-app-25h2ya.scm.azurewebsites.net" Content-Length="0" X-ARR-LOG-ID="adef82bf-d19a-4e02-8248-b112db365190" CLIENT-IP="135.232.232.88:58369" X-SITE-DEPLOYMENT-ID="credit-risk-analysis-prod-app-25h2ya" WAS-DEFAULT-HOSTNAME="credit-risk-analysis-prod-app-25h2ya.scm.azurewebsites.net" X-Forwarded-Proto="https" X-AppService-Proto="https" X-Forwarded-TlsVersion="1.3" X-WAWS-Unencoded-URL="/api/deployments/latest?deployer=GITHUB_ZIP_DEPLOY&amp;time=2025-09-23_12-09-51Z" X-Client-IP="135.232.232.88" X-Client-Port="58369" >
  <step title="Cleanup Xml Logs" date="2025-09-23T12:09:57.217" >
    <step title="Cleanup Infos" date="2025-09-23T12:09:57.222" totalFiles="320" totalCleanup="160" /><!-- duration: 2ms -->
  </step><!-- duration: 8ms -->
  <step title="DeploymentService.GetResult" date="2025-09-23T12:09:57.228" >
    <step title="DeploymentService.GetLatestDeployment" date="2025-09-23T12:09:57.229" >
      <step title="DeploymentManager.GetResults" date="2025-09-23T12:09:57.230" /><!-- duration: 475ms -->
    </step><!-- duration: 478ms -->
  </step><!-- duration: 481ms -->
  <step title="Outgoing response" date="2025-09-23T12:09:57.712" type="response" statusCode="202" statusText="Accepted" /><!-- duration: 2ms -->
</step><!-- duration: 499ms -->
