﻿<?xml version="1.0" encoding="utf-8"?>
<deployment>
  <id>8909efcc-1d7b-4a8c-975e-e9eaec723762</id>
  <author>N/A</author>
  <deployer>OneDeploy</deployer>
  <authorEmail>N/A</authorEmail>
  <message>OneDeploy</message>
  <progress></progress>
  <status>Success</status>
  <statusText></statusText>
  <lastSuccessEndTime>2025-09-27T08:15:02.8769227Z</lastSuccessEndTime>
  <receivedTime>2025-09-27T08:11:51.5574865Z</receivedTime>
  <startTime>2025-09-27T08:11:52.7922291Z</startTime>
  <endTime>2025-09-27T08:15:02.8769227Z</endTime>
  <complete>True</complete>
  <is_temp>False</is_temp>
  <is_readonly>True</is_readonly>
  <buildSummary />
</deployment>