﻿<?xml version="1.0" encoding="utf-8"?>
<deployment>
  <id>59809a728e815dee07efd80e0a1e8ba9388e7072</id>
  <author>KaunteyShah</author>
  <deployer>GitHub</deployer>
  <authorEmail>kauntey.shah@uk.ey.com</authorEmail>
  <message>Force Azure rebuild with fresh dependencies
    
    - Trigger fresh Oryx build to install pandas/numpy from requirements.txt
    - Previous build may have cached incomplete virtual environment
    - All build settings confirmed correct (ENABLE_ORYX_BUILD=true, etc.)</message>
  <progress></progress>
  <status>Success</status>
  <statusText></statusText>
  <lastSuccessEndTime>2025-09-25T23:29:13.8470897Z</lastSuccessEndTime>
  <receivedTime>2025-09-25T23:27:24.4308529Z</receivedTime>
  <startTime>2025-09-25T23:27:25.6598192Z</startTime>
  <endTime>2025-09-25T23:29:13.8470897Z</endTime>
  <complete>True</complete>
  <is_temp>False</is_temp>
  <is_readonly>False</is_readonly>
  <buildSummary />
</deployment>