﻿<?xml version="1.0" encoding="utf-8"?>
<deployment>
  <id>0f46c33c-46ee-4a21-baec-c2a0981dab35</id>
  <author>N/A</author>
  <deployer>GITHUB_ZIP_DEPLOY</deployer>
  <authorEmail>N/A</authorEmail>
  <message>{"type":"deployment","sha":"166087a0fcd8ea354a921f4687f0b2542c95d8d5","repoName":"KaunteyShah/credit-risk-analysis-tool","actor":"KaunteyShah","slotName":"production","commitMessage":"Fix Azure deployment data loading - add robust path resolution\n\n- Add multiple path resolution strategies for CSV files\n- Improve logging for Azure deployment debugging\n- Handle different working directory structures in Azure\n- Maintain fallback data when files not found\n- Debug paths: project_root, getcwd, relative paths\n\nThis should fix the issue where Azure shows only 10 fallback companies\ninstead of 509 real companies from Sample_data2.csv"}</message>
  <progress></progress>
  <status>Success</status>
  <statusText></statusText>
  <lastSuccessEndTime>2025-09-26T01:51:44.2523182Z</lastSuccessEndTime>
  <receivedTime>2025-09-26T01:51:30.1685782Z</receivedTime>
  <startTime>2025-09-26T01:51:31.4073546Z</startTime>
  <endTime>2025-09-26T01:51:44.2523182Z</endTime>
  <complete>True</complete>
  <is_temp>False</is_temp>
  <is_readonly>True</is_readonly>
  <buildSummary />
</deployment>