﻿<?xml version="1.0" encoding="utf-8"?>
<deployment>
  <id>ab13d670-cf1d-466b-b178-14aa18fa15f3</id>
  <author>N/A</author>
  <deployer>GITHUB_ZIP_DEPLOY</deployer>
  <authorEmail>N/A</authorEmail>
  <message>{"type":"deployment","sha":"8867d23459aa8937175667259db4872699b113d8","repoName":"KaunteyShah/credit-risk-analysis-tool","actor":"KaunteyShah","slotName":"production","commitMessage":"UI improvements: make nodes 10% wider and fix progress bar animation\n\n- Workflow nodes now 170px width (10% wider) while keeping same height\n- Fixed progress bar back-and-forth issue with two-phase animation\n- Progress bar now smoothly moves forward without jumping backward\n- Enhanced rectangular node appearance for better visual design"}</message>
  <progress></progress>
  <status>Success</status>
  <statusText></statusText>
  <lastSuccessEndTime>2025-09-26T00:59:48.2744053Z</lastSuccessEndTime>
  <receivedTime>2025-09-26T00:59:01.7418876Z</receivedTime>
  <startTime>2025-09-26T00:59:02.9776904Z</startTime>
  <endTime>2025-09-26T00:59:48.2744053Z</endTime>
  <complete>True</complete>
  <is_temp>False</is_temp>
  <is_readonly>True</is_readonly>
  <buildSummary />
</deployment>