﻿<?xml version="1.0" encoding="utf-8"?>
<deployment>
  <id>905e0cd4-8569-4ea2-b695-e5eeffa969ff</id>
  <author>N/A</author>
  <deployer>OneDeploy</deployer>
  <authorEmail>N/A</authorEmail>
  <message>OneDeploy</message>
  <progress></progress>
  <status>Success</status>
  <statusText></statusText>
  <lastSuccessEndTime>2025-09-27T07:48:29.194867Z</lastSuccessEndTime>
  <receivedTime>2025-09-27T07:45:04.5960695Z</receivedTime>
  <startTime>2025-09-27T07:45:05.8494068Z</startTime>
  <endTime>2025-09-27T07:48:29.194867Z</endTime>
  <complete>True</complete>
  <is_temp>False</is_temp>
  <is_readonly>True</is_readonly>
  <buildSummary />
</deployment>