﻿<?xml version="1.0" encoding="utf-8"?>
<deployment>
  <id>1ba7fe98-1de5-4a1c-9991-ca4d5d2c06e1</id>
  <author>N/A</author>
  <deployer>OneDeploy</deployer>
  <authorEmail>N/A</authorEmail>
  <message>OneDeploy</message>
  <progress></progress>
  <status>Success</status>
  <statusText></statusText>
  <lastSuccessEndTime>2025-09-26T15:51:47.9780516Z</lastSuccessEndTime>
  <receivedTime>2025-09-26T15:45:35.736447Z</receivedTime>
  <startTime>2025-09-26T15:45:37.0310014Z</startTime>
  <endTime>2025-09-26T15:51:47.9780516Z</endTime>
  <complete>True</complete>
  <is_temp>False</is_temp>
  <is_readonly>True</is_readonly>
  <buildSummary />
</deployment>