﻿<?xml version="1.0" encoding="utf-8"?>
<deployment>
  <id>41659c9e-61e2-42ba-a7f9-40b7776dd0f0</id>
  <author>N/A</author>
  <deployer>Push-Deployer</deployer>
  <authorEmail>N/A</authorEmail>
  <message>Created via a push deployment</message>
  <progress></progress>
  <status>Success</status>
  <statusText></statusText>
  <lastSuccessEndTime>2025-09-26T20:39:58.6629487Z</lastSuccessEndTime>
  <receivedTime>2025-09-26T20:36:36.8443661Z</receivedTime>
  <startTime>2025-09-26T20:36:38.1116473Z</startTime>
  <endTime>2025-09-26T20:39:58.6629487Z</endTime>
  <complete>True</complete>
  <is_temp>False</is_temp>
  <is_readonly>True</is_readonly>
  <buildSummary />
</deployment>