﻿<?xml version="1.0" encoding="utf-8"?>
<deployment>
  <id>b6b1b107-3b5c-493b-8802-6a4f1cece109</id>
  <author>N/A</author>
  <deployer>OneDeploy</deployer>
  <authorEmail>N/A</authorEmail>
  <message>OneDeploy</message>
  <progress></progress>
  <status>Success</status>
  <statusText></statusText>
  <lastSuccessEndTime>2025-09-27T08:03:13.6144777Z</lastSuccessEndTime>
  <receivedTime>2025-09-27T07:59:57.1079184Z</receivedTime>
  <startTime>2025-09-27T07:59:58.3408166Z</startTime>
  <endTime>2025-09-27T08:03:13.6144777Z</endTime>
  <complete>True</complete>
  <is_temp>False</is_temp>
  <is_readonly>True</is_readonly>
  <buildSummary />
</deployment>