﻿<?xml version="1.0" encoding="utf-8"?>
<deployment>
  <id>4b9f4b4e-1912-48e6-ad99-85a872b75a81</id>
  <author>N/A</author>
  <deployer>OneDeploy</deployer>
  <authorEmail>N/A</authorEmail>
  <message>N/A</message>
  <progress></progress>
  <status>Success</status>
  <statusText></statusText>
  <lastSuccessEndTime>2025-09-26T11:24:37.5929433Z</lastSuccessEndTime>
  <receivedTime>2025-09-26T11:23:30.3632278Z</receivedTime>
  <startTime>2025-09-26T11:23:31.6378694Z</startTime>
  <endTime>2025-09-26T11:24:37.5929433Z</endTime>
  <complete>True</complete>
  <is_temp>False</is_temp>
  <is_readonly>True</is_readonly>
  <buildSummary />
</deployment>