﻿<?xml version="1.0" encoding="utf-8"?>
<deployment>
  <id>2ee9b1df-eb6a-4458-b7ef-ff5385e86469</id>
  <author>N/A</author>
  <deployer>Push-Deployer</deployer>
  <authorEmail>N/A</authorEmail>
  <message>Created via a push deployment</message>
  <progress></progress>
  <status>Success</status>
  <statusText></statusText>
  <lastSuccessEndTime>2025-09-26T16:08:37.6797864Z</lastSuccessEndTime>
  <receivedTime>2025-09-26T15:58:42.7261383Z</receivedTime>
  <startTime>2025-09-26T15:58:44.3931341Z</startTime>
  <endTime>2025-09-26T16:08:37.6797864Z</endTime>
  <complete>True</complete>
  <is_temp>False</is_temp>
  <is_readonly>True</is_readonly>
  <buildSummary />
</deployment>